0 verbose cli /opt/homebrew/Cellar/node/26.5.0_1/bin/node /opt/homebrew/bin/npm
1 info using npm@11.17.0
2 info using node@v26.5.0
3 silly config load:file:/opt/homebrew/lib/node_modules/npm/npmrc
4 silly config load:file:/Users/guilhermesilva/.gemini/antigravity/scratch/SgpTecnicoExpoApp/.npmrc
5 silly config load:file:/Users/guilhermesilva/.npmrc
6 silly config load:file:/opt/homebrew/etc/npmrc
7 verbose title npm install
8 verbose argv "install" "--legacy-peer-deps" "--cache" "./tmp-cache"
9 verbose logfile logs-max:10 dir:/Users/guilhermesilva/.gemini/antigravity/scratch/SgpTecnicoExpoApp/tmp-cache/_logs/2026-08-14T18_37_20_723Z-
10 verbose logfile /Users/guilhermesilva/.gemini/antigravity/scratch/SgpTecnicoExpoApp/tmp-cache/_logs/2026-08-14T18_37_20_723Z-debug-0.log
11 silly logfile done cleaning log files
12 silly packumentCache heap:2248146944 maxSize:562036736 maxEntrySize:281018368
13 silly idealTree buildDeps
14 silly fetch manifest expo-status-bar@~3.0.9
15 silly packumentCache full:https://registry.npmjs.org/expo-status-bar cache-miss
16 http fetch GET 200 https://registry.npmjs.org/expo-status-bar 474ms (cache revalidated)
17 silly packumentCache full:https://registry.npmjs.org/expo-status-bar set size:760167 disposed:false
18 silly fetch manifest react@19.1.0
19 silly packumentCache full:https://registry.npmjs.org/react cache-miss
20 http fetch GET 200 https://registry.npmjs.org/react 76ms (cache revalidated)
21 silly packumentCache full:https://registry.npmjs.org/react set size:6897881 disposed:false
22 silly fetch manifest react-native@0.81.5
23 silly packumentCache full:https://registry.npmjs.org/react-native cache-miss
24 http fetch GET 200 https://registry.npmjs.org/react-native 239ms (cache revalidated)
25 silly packumentCache full:https://registry.npmjs.org/react-native set size:15659830 disposed:false
26 silly fetch manifest expo-location@~19.0.8
27 silly packumentCache full:https://registry.npmjs.org/expo-location cache-miss
28 http fetch GET 200 https://registry.npmjs.org/expo-location 103ms (cache revalidated)
29 silly packumentCache full:https://registry.npmjs.org/expo-location set size:1071662 disposed:false
30 silly fetch manifest expo-linking@~8.0.12
31 silly packumentCache full:https://registry.npmjs.org/expo-linking cache-miss
32 http fetch GET 200 https://registry.npmjs.org/expo-linking 385ms (cache revalidated)
33 silly packumentCache full:https://registry.npmjs.org/expo-linking set size:862864 disposed:false
34 silly fetch manifest @types/react@~19.0.0
35 silly packumentCache full:https://registry.npmjs.org/@types%2freact cache-miss
36 http fetch GET 200 https://registry.npmjs.org/@types%2freact 131ms (cache revalidated)
37 silly packumentCache full:https://registry.npmjs.org/@types%2freact set size:2637439 disposed:false
38 silly placeDep ROOT @types/react@19.0.14 REPLACE for: sgp-tecnico-expo@1.0.0 want: ~19.0.0
39 silly placeDep ROOT expo-linking@8.0.12 REPLACE for: sgp-tecnico-expo@1.0.0 want: ~8.0.12
40 silly placeDep ROOT expo-location@19.0.8 REPLACE for: sgp-tecnico-expo@1.0.0 want: ~19.0.8
41 silly placeDep ROOT expo-status-bar@3.0.9 REPLACE for: sgp-tecnico-expo@1.0.0 want: ~3.0.9
42 silly placeDep ROOT react@19.1.0 REPLACE for: sgp-tecnico-expo@1.0.0 want: 19.1.0
43 silly placeDep ROOT react-native@0.81.5 REPLACE for: sgp-tecnico-expo@1.0.0 want: 0.81.5
44 silly fetch manifest glob@^7.1.1
45 silly packumentCache full:https://registry.npmjs.org/glob cache-miss
46 silly fetch manifest scheduler@0.26.0
47 silly packumentCache full:https://registry.npmjs.org/scheduler cache-miss
48 silly fetch manifest react-devtools-core@^6.1.5
49 silly packumentCache full:https://registry.npmjs.org/react-devtools-core cache-miss
50 silly fetch manifest @react-native/js-polyfills@0.81.5
51 silly packumentCache full:https://registry.npmjs.org/@react-native%2fjs-polyfills cache-miss
52 silly fetch manifest @react-native/gradle-plugin@0.81.5
53 silly packumentCache full:https://registry.npmjs.org/@react-native%2fgradle-plugin cache-miss
54 silly fetch manifest @react-native/assets-registry@0.81.5
55 silly packumentCache full:https://registry.npmjs.org/@react-native%2fassets-registry cache-miss
56 silly fetch manifest @react-native/virtualized-lists@0.81.5
57 silly packumentCache full:https://registry.npmjs.org/@react-native%2fvirtualized-lists cache-miss
58 http fetch GET 200 https://registry.npmjs.org/glob 204ms (cache revalidated)
59 silly packumentCache full:https://registry.npmjs.org/glob set size:469465 disposed:false
60 silly fetch manifest @react-native/community-cli-plugin@0.81.5
61 silly packumentCache full:https://registry.npmjs.org/@react-native%2fcommunity-cli-plugin cache-miss
62 http fetch GET 200 https://registry.npmjs.org/react-devtools-core 210ms (cache revalidated)
63 silly packumentCache full:https://registry.npmjs.org/react-devtools-core set size:459848 disposed:false
64 http fetch GET 200 https://registry.npmjs.org/scheduler 219ms (cache revalidated)
65 silly packumentCache full:https://registry.npmjs.org/scheduler set size:5695246 disposed:false
66 http fetch GET 200 https://registry.npmjs.org/@react-native%2fvirtualized-lists 241ms (cache revalidated)
67 silly packumentCache full:https://registry.npmjs.org/@react-native%2fvirtualized-lists set size:2510852 disposed:false
68 http fetch GET 200 https://registry.npmjs.org/@react-native%2fgradle-plugin 345ms (cache revalidated)
69 silly packumentCache full:https://registry.npmjs.org/@react-native%2fgradle-plugin set size:2180020 disposed:false
70 http fetch GET 200 https://registry.npmjs.org/@react-native%2fjs-polyfills 480ms (cache revalidated)
71 silly packumentCache full:https://registry.npmjs.org/@react-native%2fjs-polyfills set size:2022630 disposed:false
72 http fetch GET 200 https://registry.npmjs.org/@react-native%2fcommunity-cli-plugin 289ms (cache revalidated)
73 silly packumentCache full:https://registry.npmjs.org/@react-native%2fcommunity-cli-plugin set size:2702188 disposed:false
74 http fetch GET 200 https://registry.npmjs.org/@react-native%2fassets-registry 764ms (cache revalidated)
75 silly packumentCache full:https://registry.npmjs.org/@react-native%2fassets-registry set size:2031156 disposed:false
76 silly placeDep ROOT @react-native/assets-registry@0.81.5 OK for: react-native@0.81.5 want: 0.81.5
77 silly placeDep ROOT @react-native/community-cli-plugin@0.81.5 OK for: react-native@0.81.5 want: 0.81.5
78 silly placeDep ROOT @react-native/gradle-plugin@0.81.5 OK for: react-native@0.81.5 want: 0.81.5
79 silly placeDep ROOT @react-native/js-polyfills@0.81.5 OK for: react-native@0.81.5 want: 0.81.5
80 silly placeDep ROOT @react-native/virtualized-lists@0.81.5 OK for: react-native@0.81.5 want: 0.81.5
81 silly placeDep node_modules/react-native glob@7.2.3 OK for: react-native@0.81.5 want: ^7.1.1
82 silly placeDep ROOT react-devtools-core@6.1.5 OK for: react-native@0.81.5 want: ^6.1.5
83 silly placeDep ROOT scheduler@0.26.0 OK for: react-native@0.81.5 want: 0.26.0
84 silly fetch manifest semver@^7.1.3
85 silly packumentCache full:https://registry.npmjs.org/semver cache-miss
86 silly fetch manifest minimatch@^3.1.1
87 silly packumentCache full:https://registry.npmjs.org/minimatch cache-miss
88 silly fetch manifest ws@^7
89 silly packumentCache full:https://registry.npmjs.org/ws cache-miss
90 silly fetch manifest shell-quote@^1.6.1
91 silly packumentCache full:https://registry.npmjs.org/shell-quote cache-miss
92 http fetch GET 200 https://registry.npmjs.org/semver 65ms (cache revalidated)
93 silly packumentCache full:https://registry.npmjs.org/semver set size:246069 disposed:false
94 http fetch GET 200 https://registry.npmjs.org/minimatch 69ms (cache revalidated)
95 silly packumentCache full:https://registry.npmjs.org/minimatch set size:377924 disposed:false
96 http fetch GET 200 https://registry.npmjs.org/shell-quote 72ms (cache revalidated)
97 silly packumentCache full:https://registry.npmjs.org/shell-quote set size:72517 disposed:false
98 http fetch GET 200 https://registry.npmjs.org/ws 75ms (cache revalidated)
99 silly packumentCache full:https://registry.npmjs.org/ws set size:447661 disposed:false
100 silly placeDep node_modules/@react-native/community-cli-plugin semver@7.8.5 OK for: @react-native/community-cli-plugin@0.81.5 want: ^7.1.3
101 silly placeDep ROOT shell-quote@1.10.0 OK for: react-devtools-core@6.1.5 want: ^1.6.1
102 silly placeDep node_modules/react-devtools-core ws@7.5.13 OK for: react-devtools-core@6.1.5 want: ^7
103 silly placeDep node_modules/react-native minimatch@3.1.5 OK for: glob@7.2.3 want: ^3.1.1
104 silly fetch manifest brace-expansion@^1.1.7
105 silly packumentCache full:https://registry.npmjs.org/brace-expansion cache-miss
106 http fetch GET 200 https://registry.npmjs.org/brace-expansion 131ms (cache revalidated)
107 silly packumentCache full:https://registry.npmjs.org/brace-expansion set size:101024 disposed:false
108 silly placeDep node_modules/react-native brace-expansion@1.1.18 OK for: minimatch@3.1.5 want: ^1.1.7
109 silly reify mark retired [
109 silly reify   '/Users/guilhermesilva/.gemini/antigravity/scratch/SgpTecnicoExpoApp/node_modules/@babel/plugin-proposal-class-properties'
109 silly reify ]
110 silly reify mark retired [
110 silly reify   '/Users/guilhermesilva/.gemini/antigravity/scratch/SgpTecnicoExpoApp/node_modules/@babel/plugin-proposal-nullish-coalescing-operator'
110 silly reify ]
111 silly reify mark retired [
111 silly reify   '/Users/guilhermesilva/.gemini/antigravity/scratch/SgpTecnicoExpoApp/node_modules/@babel/plugin-proposal-optional-chaining'
111 silly reify ]
112 silly reify mark retired [
112 silly reify   '/Users/guilhermesilva/.gemini/antigravity/scratch/SgpTecnicoExpoApp/node_modules/@babel/preset-flow'
112 silly reify ]
113 silly reify mark retired [
113 silly reify   '/Users/guilhermesilva/.gemini/antigravity/scratch/SgpTecnicoExpoApp/node_modules/@babel/register'
113 silly reify ]
114 silly reify mark retired [
114 silly reify   '/Users/guilhermesilva/.gemini/antigravity/scratch/SgpTecnicoExpoApp/node_modules/@isaacs/cliui'
114 silly reify ]
115 silly reify mark retired [
115 silly reify   '/Users/guilhermesilva/.gemini/antigravity/scratch/SgpTecnicoExpoApp/node_modules/@pkgjs/parseargs'
115 silly reify ]
116 silly reify mark retired [
116 silly reify   '/Users/guilhermesilva/.gemini/antigravity/scratch/SgpTecnicoExpoApp/node_modules/@react-native/assets-registry'
116 silly reify ]
117 silly reify mark retired [
117 silly reify   '/Users/guilhermesilva/.gemini/antigravity/scratch/SgpTecnicoExpoApp/node_modules/@react-native/community-cli-plugin'
117 silly reify ]
118 silly reify mark retired [
118 silly reify   '/Users/guilhermesilva/.gemini/antigravity/scratch/SgpTecnicoExpoApp/node_modules/@react-native/gradle-plugin'
118 silly reify ]
119 silly reify mark retired [
119 silly reify   '/Users/guilhermesilva/.gemini/antigravity/scratch/SgpTecnicoExpoApp/node_modules/@react-native/js-polyfills'
119 silly reify ]
120 silly reify mark retired [
120 silly reify   '/Users/guilhermesilva/.gemini/antigravity/scratch/SgpTecnicoExpoApp/node_modules/@react-native/metro-babel-transformer'
120 silly reify ]
121 silly reify mark retired [
121 silly reify   '/Users/guilhermesilva/.gemini/antigravity/scratch/SgpTecnicoExpoApp/node_modules/@react-native/virtualized-lists'
121 silly reify ]
122 silly reify mark retired [
122 silly reify   '/Users/guilhermesilva/.gemini/antigravity/scratch/SgpTecnicoExpoApp/node_modules/@react-navigation/core'
122 silly reify ]
123 silly reify mark retired [
123 silly reify   '/Users/guilhermesilva/.gemini/antigravity/scratch/SgpTecnicoExpoApp/node_modules/@react-navigation/elements'
123 silly reify ]
124 silly reify mark retired [
124 silly reify   '/Users/guilhermesilva/.gemini/antigravity/scratch/SgpTecnicoExpoApp/node_modules/@react-navigation/native'
124 silly reify ]
125 silly reify mark retired [
125 silly reify   '/Users/guilhermesilva/.gemini/antigravity/scratch/SgpTecnicoExpoApp/node_modules/@react-navigation/native-stack'
125 silly reify ]
126 silly reify mark retired [
126 silly reify   '/Users/guilhermesilva/.gemini/antigravity/scratch/SgpTecnicoExpoApp/node_modules/@react-navigation/routers'
126 silly reify ]
127 silly reify mark retired [
127 silly reify   '/Users/guilhermesilva/.gemini/antigravity/scratch/SgpTecnicoExpoApp/node_modules/@types/node-forge'
127 silly reify ]
128 silly reify mark retired [
128 silly reify   '/Users/guilhermesilva/.gemini/antigravity/scratch/SgpTecnicoExpoApp/node_modules/@types/prop-types'
128 silly reify ]
129 silly reify mark retired [
129 silly reify   '/Users/guilhermesilva/.gemini/antigravity/scratch/SgpTecnicoExpoApp/node_modules/@types/react'
129 silly reify ]
130 silly reify mark retired [
130 silly reify   '/Users/guilhermesilva/.gemini/antigravity/scratch/SgpTecnicoExpoApp/node_modules/ast-types'
130 silly reify ]
131 silly reify mark retired [
131 silly reify   '/Users/guilhermesilva/.gemini/antigravity/scratch/SgpTecnicoExpoApp/node_modules/babel-core'
131 silly reify ]
132 silly reify mark retired [
132 silly reify   '/Users/guilhermesilva/.gemini/antigravity/scratch/SgpTecnicoExpoApp/node_modules/caller-callsite'
132 silly reify ]
133 silly reify mark retired [
133 silly reify   '/Users/guilhermesilva/.gemini/antigravity/scratch/SgpTecnicoExpoApp/node_modules/caller-path'
133 silly reify ]
134 silly reify mark retired [
134 silly reify   '/Users/guilhermesilva/.gemini/antigravity/scratch/SgpTecnicoExpoApp/node_modules/callsites'
134 silly reify ]
135 silly reify mark retired [
135 silly reify   '/Users/guilhermesilva/.gemini/antigravity/scratch/SgpTecnicoExpoApp/node_modules/clone-deep'
135 silly reify ]
136 silly reify mark retired [
136 silly reify   '/Users/guilhermesilva/.gemini/antigravity/scratch/SgpTecnicoExpoApp/node_modules/commondir'
136 silly reify ]
137 silly reify mark retired [
137 silly reify   '/Users/guilhermesilva/.gemini/antigravity/scratch/SgpTecnicoExpoApp/node_modules/cosmiconfig'
137 silly reify ]
138 silly reify mark retired [
138 silly reify   '/Users/guilhermesilva/.gemini/antigravity/scratch/SgpTecnicoExpoApp/node_modules/decode-uri-component'
138 silly reify ]
139 silly reify mark retired [
139 silly reify   '/Users/guilhermesilva/.gemini/antigravity/scratch/SgpTecnicoExpoApp/node_modules/eastasianwidth'
139 silly reify ]
140 silly reify mark retired [
140 silly reify   '/Users/guilhermesilva/.gemini/antigravity/scratch/SgpTecnicoExpoApp/node_modules/error-ex'
140 silly reify ]
141 silly reify mark retired [
141 silly reify   '/Users/guilhermesilva/.gemini/antigravity/scratch/SgpTecnicoExpoApp/node_modules/execa'
141 silly reify ]
142 silly reify mark retired [
142 silly reify   '/Users/guilhermesilva/.gemini/antigravity/scratch/SgpTecnicoExpoApp/node_modules/expo-linking'
142 silly reify ]
143 silly reify mark retired [
143 silly reify   '/Users/guilhermesilva/.gemini/antigravity/scratch/SgpTecnicoExpoApp/node_modules/expo-location'
143 silly reify ]
144 silly reify mark retired [
144 silly reify   '/Users/guilhermesilva/.gemini/antigravity/scratch/SgpTecnicoExpoApp/node_modules/expo-status-bar'
144 silly reify ]
145 silly reify mark retired [
145 silly reify   '/Users/guilhermesilva/.gemini/antigravity/scratch/SgpTecnicoExpoApp/node_modules/fast-deep-equal'
145 silly reify ]
146 silly reify mark retired [
146 silly reify   '/Users/guilhermesilva/.gemini/antigravity/scratch/SgpTecnicoExpoApp/node_modules/filter-obj'
146 silly reify ]
147 silly reify mark retired [
147 silly reify   '/Users/guilhermesilva/.gemini/antigravity/scratch/SgpTecnicoExpoApp/node_modules/find-cache-dir'
147 silly reify ]
148 silly reify mark retired [
148 silly reify   '/Users/guilhermesilva/.gemini/antigravity/scratch/SgpTecnicoExpoApp/node_modules/flow-estree'
148 silly reify ]
149 silly reify mark retired [
149 silly reify   '/Users/guilhermesilva/.gemini/antigravity/scratch/SgpTecnicoExpoApp/node_modules/flow-parser'
149 silly reify ]
150 silly reify mark retired [
150 silly reify   '/Users/guilhermesilva/.gemini/antigravity/scratch/SgpTecnicoExpoApp/node_modules/foreground-child'
150 silly reify ]
151 silly reify mark retired [
151 silly reify   '/Users/guilhermesilva/.gemini/antigravity/scratch/SgpTecnicoExpoApp/node_modules/human-signals'
151 silly reify ]
152 silly reify mark retired [
152 silly reify   '/Users/guilhermesilva/.gemini/antigravity/scratch/SgpTecnicoExpoApp/node_modules/import-fresh'
152 silly reify ]
153 silly reify mark retired [
153 silly reify   '/Users/guilhermesilva/.gemini/antigravity/scratch/SgpTecnicoExpoApp/node_modules/is-arrayish'
153 silly reify ]
154 silly reify mark retired [
154 silly reify   '/Users/guilhermesilva/.gemini/antigravity/scratch/SgpTecnicoExpoApp/node_modules/is-directory'
154 silly reify ]
155 silly reify mark retired [
155 silly reify   '/Users/guilhermesilva/.gemini/antigravity/scratch/SgpTecnicoExpoApp/node_modules/is-plain-object'
155 silly reify ]
156 silly reify mark retired [
156 silly reify   '/Users/guilhermesilva/.gemini/antigravity/scratch/SgpTecnicoExpoApp/node_modules/is-stream'
156 silly reify ]
157 silly reify mark retired [
157 silly reify   '/Users/guilhermesilva/.gemini/antigravity/scratch/SgpTecnicoExpoApp/node_modules/isobject'
157 silly reify ]
158 silly reify mark retired [
158 silly reify   '/Users/guilhermesilva/.gemini/antigravity/scratch/SgpTecnicoExpoApp/node_modules/jackspeak'
158 silly reify ]
159 silly reify mark retired [
159 silly reify   '/Users/guilhermesilva/.gemini/antigravity/scratch/SgpTecnicoExpoApp/node_modules/jsc-android'
159 silly reify ]
160 silly reify mark retired [
160 silly reify   '/Users/guilhermesilva/.gemini/antigravity/scratch/SgpTecnicoExpoApp/node_modules/jscodeshift',
160 silly reify   '/Users/guilhermesilva/.gemini/antigravity/scratch/SgpTecnicoExpoApp/node_modules/.bin/jscodeshift'
160 silly reify ]
161 silly reify mark retired [
161 silly reify   '/Users/guilhermesilva/.gemini/antigravity/scratch/SgpTecnicoExpoApp/node_modules/json-parse-better-errors'
161 silly reify ]
162 silly reify mark retired [
162 silly reify   '/Users/guilhermesilva/.gemini/antigravity/scratch/SgpTecnicoExpoApp/node_modules/kind-of'
162 silly reify ]
163 silly reify mark retired [
163 silly reify   '/Users/guilhermesilva/.gemini/antigravity/scratch/SgpTecnicoExpoApp/node_modules/make-dir'
163 silly reify ]
164 silly reify mark retired [
164 silly reify   '/Users/guilhermesilva/.gemini/antigravity/scratch/SgpTecnicoExpoApp/node_modules/neo-async'
164 silly reify ]
165 silly reify mark retired [
165 silly reify   '/Users/guilhermesilva/.gemini/antigravity/scratch/SgpTecnicoExpoApp/node_modules/node-dir'
165 silly reify ]
166 silly reify mark retired [
166 silly reify   '/Users/guilhermesilva/.gemini/antigravity/scratch/SgpTecnicoExpoApp/node_modules/node-fetch'
166 silly reify ]
167 silly reify mark retired [
167 silly reify   '/Users/guilhermesilva/.gemini/antigravity/scratch/SgpTecnicoExpoApp/node_modules/npm-run-path'
167 silly reify ]
168 silly reify mark retired [
168 silly reify   '/Users/guilhermesilva/.gemini/antigravity/scratch/SgpTecnicoExpoApp/node_modules/package-json-from-dist'
168 silly reify ]
169 silly reify mark retired [
169 silly reify   '/Users/guilhermesilva/.gemini/antigravity/scratch/SgpTecnicoExpoApp/node_modules/parse-json'
169 silly reify ]
170 silly reify mark retired [
170 silly reify   '/Users/guilhermesilva/.gemini/antigravity/scratch/SgpTecnicoExpoApp/node_modules/pify'
170 silly reify ]
171 silly reify mark retired [
171 silly reify   '/Users/guilhermesilva/.gemini/antigravity/scratch/SgpTecnicoExpoApp/node_modules/pkg-dir'
171 silly reify ]
172 silly reify mark retired [
172 silly reify   '/Users/guilhermesilva/.gemini/antigravity/scratch/SgpTecnicoExpoApp/node_modules/query-string'
172 silly reify ]
173 silly reify mark retired [
173 silly reify   '/Users/guilhermesilva/.gemini/antigravity/scratch/SgpTecnicoExpoApp/node_modules/react'
173 silly reify ]
174 silly reify mark retired [
174 silly reify   '/Users/guilhermesilva/.gemini/antigravity/scratch/SgpTecnicoExpoApp/node_modules/react-devtools-core'
174 silly reify ]
175 silly reify mark retired [
175 silly reify   '/Users/guilhermesilva/.gemini/antigravity/scratch/SgpTecnicoExpoApp/node_modules/react-freeze'
175 silly reify ]
176 silly reify mark retired [
176 silly reify   '/Users/guilhermesilva/.gemini/antigravity/scratch/SgpTecnicoExpoApp/node_modules/react-is'
176 silly reify ]
177 silly reify mark retired [
177 silly reify   '/Users/guilhermesilva/.gemini/antigravity/scratch/SgpTecnicoExpoApp/node_modules/react-native',
177 silly reify   '/Users/guilhermesilva/.gemini/antigravity/scratch/SgpTecnicoExpoApp/node_modules/.bin/react-native'
177 silly reify ]
178 silly reify mark retired [
178 silly reify   '/Users/guilhermesilva/.gemini/antigravity/scratch/SgpTecnicoExpoApp/node_modules/react-native-edge-to-edge'
178 silly reify ]
179 silly reify mark retired [
179 silly reify   '/Users/guilhermesilva/.gemini/antigravity/scratch/SgpTecnicoExpoApp/node_modules/react-native-safe-area-context'
179 silly reify ]
180 silly reify mark retired [
180 silly reify   '/Users/guilhermesilva/.gemini/antigravity/scratch/SgpTecnicoExpoApp/node_modules/react-native-screens'
180 silly reify ]
181 silly reify mark retired [
181 silly reify   '/Users/guilhermesilva/.gemini/antigravity/scratch/SgpTecnicoExpoApp/node_modules/readline'
181 silly reify ]
182 silly reify mark retired [
182 silly reify   '/Users/guilhermesilva/.gemini/antigravity/scratch/SgpTecnicoExpoApp/node_modules/recast'
182 silly reify ]
183 silly reify mark retired [
183 silly reify   '/Users/guilhermesilva/.gemini/antigravity/scratch/SgpTecnicoExpoApp/node_modules/scheduler'
183 silly reify ]
184 silly reify mark retired [
184 silly reify   '/Users/guilhermesilva/.gemini/antigravity/scratch/SgpTecnicoExpoApp/node_modules/selfsigned'
184 silly reify ]
185 silly reify mark retired [
185 silly reify   '/Users/guilhermesilva/.gemini/antigravity/scratch/SgpTecnicoExpoApp/node_modules/shallow-clone'
185 silly reify ]
186 silly reify mark retired [
186 silly reify   '/Users/guilhermesilva/.gemini/antigravity/scratch/SgpTecnicoExpoApp/node_modules/split-on-first'
186 silly reify ]
187 silly reify mark retired [
187 silly reify   '/Users/guilhermesilva/.gemini/antigravity/scratch/SgpTecnicoExpoApp/node_modules/strict-uri-encode'
187 silly reify ]
188 silly reify mark retired [
188 silly reify   '/Users/guilhermesilva/.gemini/antigravity/scratch/SgpTecnicoExpoApp/node_modules/string-width-cjs'
188 silly reify ]
189 silly reify mark retired [
189 silly reify   '/Users/guilhermesilva/.gemini/antigravity/scratch/SgpTecnicoExpoApp/node_modules/strip-ansi-cjs'
189 silly reify ]
190 silly reify mark retired [
190 silly reify   '/Users/guilhermesilva/.gemini/antigravity/scratch/SgpTecnicoExpoApp/node_modules/strip-final-newline'
190 silly reify ]
191 silly reify mark retired [
191 silly reify   '/Users/guilhermesilva/.gemini/antigravity/scratch/SgpTecnicoExpoApp/node_modules/temp'
191 silly reify ]
192 silly reify mark retired [
192 silly reify   '/Users/guilhermesilva/.gemini/antigravity/scratch/SgpTecnicoExpoApp/node_modules/tr46'
192 silly reify ]
193 silly reify mark retired [
193 silly reify   '/Users/guilhermesilva/.gemini/antigravity/scratch/SgpTecnicoExpoApp/node_modules/tslib'
193 silly reify ]
194 silly reify mark retired [
194 silly reify   '/Users/guilhermesilva/.gemini/antigravity/scratch/SgpTecnicoExpoApp/node_modules/use-latest-callback'
194 silly reify ]
195 silly reify mark retired [
195 silly reify   '/Users/guilhermesilva/.gemini/antigravity/scratch/SgpTecnicoExpoApp/node_modules/warn-once'
195 silly reify ]
196 silly reify mark retired [
196 silly reify   '/Users/guilhermesilva/.gemini/antigravity/scratch/SgpTecnicoExpoApp/node_modules/webidl-conversions'
196 silly reify ]
197 silly reify mark retired [
197 silly reify   '/Users/guilhermesilva/.gemini/antigravity/scratch/SgpTecnicoExpoApp/node_modules/whatwg-url'
197 silly reify ]
198 silly reify mark retired [
198 silly reify   '/Users/guilhermesilva/.gemini/antigravity/scratch/SgpTecnicoExpoApp/node_modules/wrap-ansi-cjs'
198 silly reify ]
199 silly reify moves {
199 silly reify   '/Users/guilhermesilva/.gemini/antigravity/scratch/SgpTecnicoExpoApp/node_modules/@babel/plugin-proposal-class-properties': '/Users/guilhermesilva/.gemini/antigravity/scratch/SgpTecnicoExpoApp/node_modules/@babel/.plugin-proposal-class-properties-TUqoA3V9',
199 silly reify   '/Users/guilhermesilva/.gemini/antigravity/scratch/SgpTecnicoExpoApp/node_modules/@babel/plugin-proposal-nullish-coalescing-operator': '/Users/guilhermesilva/.gemini/antigravity/scratch/SgpTecnicoExpoApp/node_modules/@babel/.plugin-proposal-nullish-coalescing-operator-UBxr944o',
199 silly reify   '/Users/guilhermesilva/.gemini/antigravity/scratch/SgpTecnicoExpoApp/node_modules/@babel/plugin-proposal-optional-chaining': '/Users/guilhermesilva/.gemini/antigravity/scratch/SgpTecnicoExpoApp/node_modules/@babel/.plugin-proposal-optional-chaining-dnEDrVRK',
199 silly reify   '/Users/guilhermesilva/.gemini/antigravity/scratch/SgpTecnicoExpoApp/node_modules/@babel/preset-flow': '/Users/guilhermesilva/.gemini/antigravity/scratch/SgpTecnicoExpoApp/node_modules/@babel/.preset-flow-oPqfWS2P',
199 silly reify   '/Users/guilhermesilva/.gemini/antigravity/scratch/SgpTecnicoExpoApp/node_modules/@babel/register': '/Users/guilhermesilva/.gemini/antigravity/scratch/SgpTecnicoExpoApp/node_modules/@babel/.register-SlR9cjaE',
199 silly reify   '/Users/guilhermesilva/.gemini/antigravity/scratch/SgpTecnicoExpoApp/node_modules/@isaacs/cliui': '/Users/guilhermesilva/.gemini/antigravity/scratch/SgpTecnicoExpoApp/node_modules/@isaacs/.cliui-49lkFIXy',
199 silly reify   '/Users/guilhermesilva/.gemini/antigravity/scratch/SgpTecnicoExpoApp/node_modules/@pkgjs/parseargs': '/Users/guilhermesilva/.gemini/antigravity/scratch/SgpTecnicoExpoApp/node_modules/@pkgjs/.parseargs-TJPAriGq',
199 silly reify   '/Users/guilhermesilva/.gemini/antigravity/scratch/SgpTecnicoExpoApp/node_modules/@react-native/assets-registry': '/Users/guilhermesilva/.gemini/antigravity/scratch/SgpTecnicoExpoApp/node_modules/@react-native/.assets-registry-oYO0pBuA',
199 silly reify   '/Users/guilhermesilva/.gemini/antigravity/scratch/SgpTecnicoExpoApp/node_modules/@react-native/community-cli-plugin': '/Users/guilhermesilva/.gemini/antigravity/scratch/SgpTecnicoExpoApp/node_modules/@react-native/.community-cli-plugin-jEBJCb6Q',
199 silly reify   '/Users/guilhermesilva/.gemini/antigravity/scratch/SgpTecnicoExpoApp/node_modules/@react-native/gradle-plugin': '/Users/guilhermesilva/.gemini/antigravity/scratch/SgpTecnicoExpoApp/node_modules/@react-native/.gradle-plugin-mCH2zwU2',
199 silly reify   '/Users/guilhermesilva/.gemini/antigravity/scratch/SgpTecnicoExpoApp/node_modules/@react-native/js-polyfills': '/Users/guilhermesilva/.gemini/antigravity/scratch/SgpTecnicoExpoApp/node_modules/@react-native/.js-polyfills-vjwkdGMZ',
199 silly reify   '/Users/guilhermesilva/.gemini/antigravity/scratch/SgpTecnicoExpoApp/node_modules/@react-native/metro-babel-transformer': '/Users/guilhermesilva/.gemini/antigravity/scratch/SgpTecnicoExpoApp/node_modules/@react-native/.metro-babel-transformer-gKaZXBPp',
199 silly reify   '/Users/guilhermesilva/.gemini/antigravity/scratch/SgpTecnicoExpoApp/node_modules/@react-native/virtualized-lists': '/Users/guilhermesilva/.gemini/antigravity/scratch/SgpTecnicoExpoApp/node_modules/@react-native/.virtualized-lists-KkeCNA3k',
199 silly reify   '/Users/guilhermesilva/.gemini/antigravity/scratch/SgpTecnicoExpoApp/node_modules/@react-navigation/core': '/Users/guilhermesilva/.gemini/antigravity/scratch/SgpTecnicoExpoApp/node_modules/@react-navigation/.core-ib5pspk3',
199 silly reify   '/Users/guilhermesilva/.gemini/antigravity/scratch/SgpTecnicoExpoApp/node_modules/@react-navigation/elements': '/Users/guilhermesilva/.gemini/antigravity/scratch/SgpTecnicoExpoApp/node_modules/@react-navigation/.elements-Raw54PSN',
199 silly reify   '/Users/guilhermesilva/.gemini/antigravity/scratch/SgpTecnicoExpoApp/node_modules/@react-navigation/native': '/Users/guilhermesilva/.gemini/antigravity/scratch/SgpTecnicoExpoApp/node_modules/@react-navigation/.native-Dre65H6X',
199 silly reify   '/Users/guilhermesilva/.gemini/antigravity/scratch/SgpTecnicoExpoApp/node_modules/@react-navigation/native-stack': '/Users/guilhermesilva/.gemini/antigravity/scratch/SgpTecnicoExpoApp/node_modules/@react-navigation/.native-stack-I6xNEzIg',
199 silly reify   '/Users/guilhermesilva/.gemini/antigravity/scratch/SgpTecnicoExpoApp/node_modules/@react-navigation/routers': '/Users/guilhermesilva/.gemini/antigravity/scratch/SgpTecnicoExpoApp/node_modules/@react-navigation/.routers-nZS7Ldr3',
199 silly reify   '/Users/guilhermesilva/.gemini/antigravity/scratch/SgpTecnicoExpoApp/node_modules/@types/node-forge': '/Users/guilhermesilva/.gemini/antigravity/scratch/SgpTecnicoExpoApp/node_modules/@types/.node-forge-mXSt8QiY',
199 silly reify   '/Users/guilhermesilva/.gemini/antigravity/scratch/SgpTecnicoExpoApp/node_modules/@types/prop-types': '/Users/guilhermesilva/.gemini/antigravity/scratch/SgpTecnicoExpoApp/node_modules/@types/.prop-types-utkO5vUs',
199 silly reify   '/Users/guilhermesilva/.gemini/antigravity/scratch/SgpTecnicoExpoApp/node_modules/@types/react': '/Users/guilhermesilva/.gemini/antigravity/scratch/SgpTecnicoExpoApp/node_modules/@types/.react-JMLylgH3',
199 silly reify   '/Users/guilhermesilva/.gemini/antigravity/scratch/SgpTecnicoExpoApp/node_modules/ast-types': '/Users/guilhermesilva/.gemini/antigravity/scratch/SgpTecnicoExpoApp/node_modules/.ast-types-ScwDgHYS',
199 silly reify   '/Users/guilhermesilva/.gemini/antigravity/scratch/SgpTecnicoExpoApp/node_modules/babel-core': '/Users/guilhermesilva/.gemini/antigravity/scratch/SgpTecnicoExpoApp/node_modules/.babel-core-cATUbGAk',
199 silly reify   '/Users/guilhermesilva/.gemini/antigravity/scratch/SgpTecnicoExpoApp/node_modules/caller-callsite': '/Users/guilhermesilva/.gemini/antigravity/scratch/SgpTecnicoExpoApp/node_modules/.caller-callsite-R2zKcaTX',
199 silly reify   '/Users/guilhermesilva/.gemini/antigravity/scratch/SgpTecnicoExpoApp/node_modules/caller-path': '/Users/guilhermesilva/.gemini/antigravity/scratch/SgpTecnicoExpoApp/node_modules/.caller-path-HURl61Eu',
199 silly reify   '/Users/guilhermesilva/.gemini/antigravity/scratch/SgpTecnicoExpoApp/node_modules/callsites': '/Users/guilhermesilva/.gemini/antigravity/scratch/SgpTecnicoExpoApp/node_modules/.callsites-I1Xzl6tq',
199 silly reify   '/Users/guilhermesilva/.gemini/antigravity/scratch/SgpTecnicoExpoApp/node_modules/clone-deep': '/Users/guilhermesilva/.gemini/antigravity/scratch/SgpTecnicoExpoApp/node_modules/.clone-deep-BqQ0UTmN',
199 silly reify   '/Users/guilhermesilva/.gemini/antigravity/scratch/SgpTecnicoExpoApp/node_modules/commondir': '/Users/guilhermesilva/.gemini/antigravity/scratch/SgpTecnicoExpoApp/node_modules/.commondir-KNjypHc2',
199 silly reify   '/Users/guilhermesilva/.gemini/antigravity/scratch/SgpTecnicoExpoApp/node_modules/cosmiconfig': '/Users/guilhermesilva/.gemini/antigravity/scratch/SgpTecnicoExpoApp/node_modules/.cosmiconfig-qE1pilpQ',
199 silly reify   '/Users/guilhermesilva/.gemini/antigravity/scratch/SgpTecnicoExpoApp/node_modules/decode-uri-component': '/Users/guilhermesilva/.gemini/antigravity/scratch/SgpTecnicoExpoApp/node_modules/.decode-uri-component-eLJubhTm',
199 silly reify   '/Users/guilhermesilva/.gemini/antigravity/scratch/SgpTecnicoExpoApp/node_modules/eastasianwidth': '/Users/guilhermesilva/.gemini/antigravity/scratch/SgpTecnicoExpoApp/node_modules/.eastasianwidth-8HjGnhXz',
199 silly reify   '/Users/guilhermesilva/.gemini/antigravity/scratch/SgpTecnicoExpoApp/node_modules/error-ex': '/Users/guilhermesilva/.gemini/antigravity/scratch/SgpTecnicoExpoApp/node_modules/.error-ex-PEatGgIp',
199 silly reify   '/Users/guilhermesilva/.gemini/antigravity/scratch/SgpTecnicoExpoApp/node_modules/execa': '/Users/guilhermesilva/.gemini/antigravity/scratch/SgpTecnicoExpoApp/node_modules/.execa-DNPK79LZ',
199 silly reify   '/Users/guilhermesilva/.gemini/antigravity/scratch/SgpTecnicoExpoApp/node_modules/expo-linking': '/Users/guilhermesilva/.gemini/antigravity/scratch/SgpTecnicoExpoApp/node_modules/.expo-linking-1N2ttEdC',
199 silly reify   '/Users/guilhermesilva/.gemini/antigravity/scratch/SgpTecnicoExpoApp/node_modules/expo-location': '/Users/guilhermesilva/.gemini/antigravity/scratch/SgpTecnicoExpoApp/node_modules/.expo-location-8pfySBD4',
199 silly reify   '/Users/guilhermesilva/.gemini/antigravity/scratch/SgpTecnicoExpoApp/node_modules/expo-status-bar': '/Users/guilhermesilva/.gemini/antigravity/scratch/SgpTecnicoExpoApp/node_modules/.expo-status-bar-Ym69u68A',
199 silly reify   '/Users/guilhermesilva/.gemini/antigravity/scratch/SgpTecnicoExpoApp/node_modules/fast-deep-equal': '/Users/guilhermesilva/.gemini/antigravity/scratch/SgpTecnicoExpoApp/node_modules/.fast-deep-equal-NdkDSBAO',
199 silly reify   '/Users/guilhermesilva/.gemini/antigravity/scratch/SgpTecnicoExpoApp/node_modules/filter-obj': '/Users/guilhermesilva/.gemini/antigravity/scratch/SgpTecnicoExpoApp/node_modules/.filter-obj-FuINVNdw',
199 silly reify   '/Users/guilhermesilva/.gemini/antigravity/scratch/SgpTecnicoExpoApp/node_modules/find-cache-dir': '/Users/guilhermesilva/.gemini/antigravity/scratch/SgpTecnicoExpoApp/node_modules/.find-cache-dir-TA7MGIjn',
199 silly reify   '/Users/guilhermesilva/.gemini/antigravity/scratch/SgpTecnicoExpoApp/node_modules/flow-estree': '/Users/guilhermesilva/.gemini/antigravity/scratch/SgpTecnicoExpoApp/node_modules/.flow-estree-c9xlpDVw',
199 silly reify   '/Users/guilhermesilva/.gemini/antigravity/scratch/SgpTecnicoExpoApp/node_modules/flow-parser': '/Users/guilhermesilva/.gemini/antigravity/scratch/SgpTecnicoExpoApp/node_modules/.flow-parser-Ngw1fxxB',
199 silly reify   '/Users/guilhermesilva/.gemini/antigravity/scratch/SgpTecnicoExpoApp/node_modules/foreground-child': '/Users/guilhermesilva/.gemini/antigravity/scratch/SgpTecnicoExpoApp/node_modules/.foreground-child-yoZwz61e',
199 silly reify   '/Users/guilhermesilva/.gemini/antigravity/scratch/SgpTecnicoExpoApp/node_modules/human-signals': '/Users/guilhermesilva/.gemini/antigravity/scratch/SgpTecnicoExpoApp/node_modules/.human-signals-ANggkPcT',
199 silly reify   '/Users/guilhermesilva/.gemini/antigravity/scratch/SgpTecnicoExpoApp/node_modules/import-fresh': '/Users/guilhermesilva/.gemini/antigravity/scratch/SgpTecnicoExpoApp/node_modules/.import-fresh-i0VpbC1v',
199 silly reify   '/Users/guilhermesilva/.gemini/antigravity/scratch/SgpTecnicoExpoApp/node_modules/is-arrayish': '/Users/guilhermesilva/.gemini/antigravity/scratch/SgpTecnicoExpoApp/node_modules/.is-arrayish-BKdOKi3Z',
199 silly reify   '/Users/guilhermesilva/.gemini/antigravity/scratch/SgpTecnicoExpoApp/node_modules/is-directory': '/Users/guilhermesilva/.gemini/antigravity/scratch/SgpTecnicoExpoApp/node_modules/.is-directory-LIxs7hUe',
199 silly reify   '/Users/guilhermesilva/.gemini/antigravity/scratch/SgpTecnicoExpoApp/node_modules/is-plain-object': '/Users/guilhermesilva/.gemini/antigravity/scratch/SgpTecnicoExpoApp/node_modules/.is-plain-object-jbLA9yNM',
199 silly reify   '/Users/guilhermesilva/.gemini/antigravity/scratch/SgpTecnicoExpoApp/node_modules/is-stream': '/Users/guilhermesilva/.gemini/antigravity/scratch/SgpTecnicoExpoApp/node_modules/.is-stream-67rMCP8r',
199 silly reify   '/Users/guilhermesilva/.gemini/antigravity/scratch/SgpTecnicoExpoApp/node_modules/isobject': '/Users/guilhermesilva/.gemini/antigravity/scratch/SgpTecnicoExpoApp/node_modules/.isobject-8eftg1oj',
199 silly reify   '/Users/guilhermesilva/.gemini/antigravity/scratch/SgpTecnicoExpoApp/node_modules/jackspeak': '/Users/guilhermesilva/.gemini/antigravity/scratch/SgpTecnicoExpoApp/node_modules/.jackspeak-3DYpT52m',
199 silly reify   '/Users/guilhermesilva/.gemini/antigravity/scratch/SgpTecnicoExpoApp/node_modules/jsc-android': '/Users/guilhermesilva/.gemini/antigravity/scratch/SgpTecnicoExpoApp/node_modules/.jsc-android-qgz5vN5O',
199 silly reify   '/Users/guilhermesilva/.gemini/antigravity/scratch/SgpTecnicoExpoApp/node_modules/jscodeshift': '/Users/guilhermesilva/.gemini/antigravity/scratch/SgpTecnicoExpoApp/node_modules/.jscodeshift-khlXeIQW',
199 silly reify   '/Users/guilhermesilva/.gemini/antigravity/scratch/SgpTecnicoExpoApp/node_modules/.bin/jscodeshift': '/Users/guilhermesilva/.gemini/antigravity/scratch/SgpTecnicoExpoApp/node_modules/.bin/.jscodeshift-AG1F01VM',
199 silly reify   '/Users/guilhermesilva/.gemini/antigravity/scratch/SgpTecnicoExpoApp/node_modules/json-parse-better-errors': '/Users/guilhermesilva/.gemini/antigravity/scratch/SgpTecnicoExpoApp/node_modules/.json-parse-better-errors-BLaIgaQE',
199 silly reify   '/Users/guilhermesilva/.gemini/antigravity/scratch/SgpTecnicoExpoApp/node_modules/kind-of': '/Users/guilhermesilva/.gemini/antigravity/scratch/SgpTecnicoExpoApp/node_modules/.kind-of-xBtMRLXX',
199 silly reify   '/Users/guilhermesilva/.gemini/antigravity/scratch/SgpTecnicoExpoApp/node_modules/make-dir': '/Users/guilhermesilva/.gemini/antigravity/scratch/SgpTecnicoExpoApp/node_modules/.make-dir-mZfOZSlF',
199 silly reify   '/Users/guilhermesilva/.gemini/antigravity/scratch/SgpTecnicoExpoApp/node_modules/neo-async': '/Users/guilhermesilva/.gemini/antigravity/scratch/SgpTecnicoExpoApp/node_modules/.neo-async-sBCWZJYD',
199 silly reify   '/Users/guilhermesilva/.gemini/antigravity/scratch/SgpTecnicoExpoApp/node_modules/node-dir': '/Users/guilhermesilva/.gemini/antigravity/scratch/SgpTecnicoExpoApp/node_modules/.node-dir-cIeEjT6c',
199 silly reify   '/Users/guilhermesilva/.gemini/antigravity/scratch/SgpTecnicoExpoApp/node_modules/node-fetch': '/Users/guilhermesilva/.gemini/antigravity/scratch/SgpTecnicoExpoApp/node_modules/.node-fetch-cPaoWegr',
199 silly reify   '/Users/guilhermesilva/.gemini/antigravity/scratch/SgpTecnicoExpoApp/node_modules/npm-run-path': '/Users/guilhermesilva/.gemini/antigravity/scratch/SgpTecnicoExpoApp/node_modules/.npm-run-path-GUvX6WnM',
199 silly reify   '/Users/guilhermesilva/.gemini/antigravity/scratch/SgpTecnicoExpoApp/node_modules/package-json-from-dist': '/Users/guilhermesilva/.gemini/antigravity/scratch/SgpTecnicoExpoApp/node_modules/.package-json-from-dist-VRMWon3o',
199 silly reify   '/Users/guilhermesilva/.gemini/antigravity/scratch/SgpTecnicoExpoApp/node_modules/parse-json': '/Users/guilhermesilva/.gemini/antigravity/scratch/SgpTecnicoExpoApp/node_modules/.parse-json-4vzCtxio',
199 silly reify   '/Users/guilhermesilva/.gemini/antigravity/scratch/SgpTecnicoExpoApp/node_modules/pify': '/Users/guilhermesilva/.gemini/antigravity/scratch/SgpTecnicoExpoApp/node_modules/.pify-i8oGFgMT',
199 silly reify   '/Users/guilhermesilva/.gemini/antigravity/scratch/SgpTecnicoExpoApp/node_modules/pkg-dir': '/Users/guilhermesilva/.gemini/antigravity/scratch/SgpTecnicoExpoApp/node_modules/.pkg-dir-KSVbKkyJ',
199 silly reify   '/Users/guilhermesilva/.gemini/antigravity/scratch/SgpTecnicoExpoApp/node_modules/query-string': '/Users/guilhermesilva/.gemini/antigravity/scratch/SgpTecnicoExpoApp/node_modules/.query-string-oIUTcBOk',
199 silly reify   '/Users/guilhermesilva/.gemini/antigravity/scratch/SgpTecnicoExpoApp/node_modules/react': '/Users/guilhermesilva/.gemini/antigravity/scratch/SgpTecnicoExpoApp/node_modules/.react-fs3s1sBO',
199 silly reify   '/Users/guilhermesilva/.gemini/antigravity/scratch/SgpTecnicoExpoApp/node_modules/react-devtools-core': '/Users/guilhermesilva/.gemini/antigravity/scratch/SgpTecnicoExpoApp/node_modules/.react-devtools-core-xnBbCg40',
199 silly reify   '/Users/guilhermesilva/.gemini/antigravity/scratch/SgpTecnicoExpoApp/node_modules/react-freeze': '/Users/guilhermesilva/.gemini/antigravity/scratch/SgpTecnicoExpoApp/node_modules/.react-freeze-M1ORgXnV',
199 silly reify   '/Users/guilhermesilva/.gemini/antigravity/scratch/SgpTecnicoExpoApp/node_modules/react-is': '/Users/guilhermesilva/.gemini/antigravity/scratch/SgpTecnicoExpoApp/node_modules/.react-is-i0NJNJmN',
199 silly reify   '/Users/guilhermesilva/.gemini/antigravity/scratch/SgpTecnicoExpoApp/node_modules/react-native': '/Users/guilhermesilva/.gemini/antigravity/scratch/SgpTecnicoExpoApp/node_modules/.react-native-JD7lPeIs',
199 silly reify   '/Users/guilhermesilva/.gemini/antigravity/scratch/SgpTecnicoExpoApp/node_modules/.bin/react-native': '/Users/guilhermesilva/.gemini/antigravity/scratch/SgpTecnicoExpoApp/node_modules/.bin/.react-native-GHV3Ozcz',
199 silly reify   '/Users/guilhermesilva/.gemini/antigravity/scratch/SgpTecnicoExpoApp/node_modules/react-native-edge-to-edge': '/Users/guilhermesilva/.gemini/antigravity/scratch/SgpTecnicoExpoApp/node_modules/.react-native-edge-to-edge-THXIaeas',
199 silly reify   '/Users/guilhermesilva/.gemini/antigravity/scratch/SgpTecnicoExpoApp/node_modules/react-native-safe-area-context': '/Users/guilhermesilva/.gemini/antigravity/scratch/SgpTecnicoExpoApp/node_modules/.react-native-safe-area-context-e65tt0XK',
199 silly reify   '/Users/guilhermesilva/.gemini/antigravity/scratch/SgpTecnicoExpoApp/node_modules/react-native-screens': '/Users/guilhermesilva/.gemini/antigravity/scratch/SgpTecnicoExpoApp/node_modules/.react-native-screens-3zUQoRkl',
199 silly reify   '/Users/guilhermesilva/.gemini/antigravity/scratch/SgpTecnicoExpoApp/node_modules/readline': '/Users/guilhermesilva/.gemini/antigravity/scratch/SgpTecnicoExpoApp/node_modules/.readline-4YeWzLC0',
199 silly reify   '/Users/guilhermesilva/.gemini/antigravity/scratch/SgpTecnicoExpoApp/node_modules/recast': '/Users/guilhermesilva/.gemini/antigravity/scratch/SgpTecnicoExpoApp/node_modules/.recast-zLRlcuI1',
199 silly reify   '/Users/guilhermesilva/.gemini/antigravity/scratch/SgpTecnicoExpoApp/node_modules/scheduler': '/Users/guilhermesilva/.gemini/antigravity/scratch/SgpTecnicoExpoApp/node_modules/.scheduler-HaLyt4K4',
199 silly reify   '/Users/guilhermesilva/.gemini/antigravity/scratch/SgpTecnicoExpoApp/node_modules/selfsigned': '/Users/guilhermesilva/.gemini/antigravity/scratch/SgpTecnicoExpoApp/node_modules/.selfsigned-NxJE6qF2',
199 silly reify   '/Users/guilhermesilva/.gemini/antigravity/scratch/SgpTecnicoExpoApp/node_modules/shallow-clone': '/Users/guilhermesilva/.gemini/antigravity/scratch/SgpTecnicoExpoApp/node_modules/.shallow-clone-F1AWNRAL',
199 silly reify   '/Users/guilhermesilva/.gemini/antigravity/scratch/SgpTecnicoExpoApp/node_modules/split-on-first': '/Users/guilhermesilva/.gemini/antigravity/scratch/SgpTecnicoExpoApp/node_modules/.split-on-first-ny526TQS',
199 silly reify   '/Users/guilhermesilva/.gemini/antigravity/scratch/SgpTecnicoExpoApp/node_modules/strict-uri-encode': '/Users/guilhermesilva/.gemini/antigravity/scratch/SgpTecnicoExpoApp/node_modules/.strict-uri-encode-hN9a1mtV',
199 silly reify   '/Users/guilhermesilva/.gemini/antigravity/scratch/SgpTecnicoExpoApp/node_modules/string-width-cjs': '/Users/guilhermesilva/.gemini/antigravity/scratch/SgpTecnicoExpoApp/node_modules/.string-width-cjs-hjSJBa3H',
199 silly reify   '/Users/guilhermesilva/.gemini/antigravity/scratch/SgpTecnicoExpoApp/node_modules/strip-ansi-cjs': '/Users/guilhermesilva/.gemini/antigravity/scratch/SgpTecnicoExpoApp/node_modules/.strip-ansi-cjs-Yeh60wh6',
199 silly reify   '/Users/guilhermesilva/.gemini/antigravity/scratch/SgpTecnicoExpoApp/node_modules/strip-final-newline': '/Users/guilhermesilva/.gemini/antigravity/scratch/SgpTecnicoExpoApp/node_modules/.strip-final-newline-UmcU0qR9',
199 silly reify   '/Users/guilhermesilva/.gemini/antigravity/scratch/SgpTecnicoExpoApp/node_modules/temp': '/Users/guilhermesilva/.gemini/antigravity/scratch/SgpTecnicoExpoApp/node_modules/.temp-CK8CfLZG',
199 silly reify   '/Users/guilhermesilva/.gemini/antigravity/scratch/SgpTecnicoExpoApp/node_modules/tr46': '/Users/guilhermesilva/.gemini/antigravity/scratch/SgpTecnicoExpoApp/node_modules/.tr46-dpd1SMcp',
199 silly reify   '/Users/guilhermesilva/.gemini/antigravity/scratch/SgpTecnicoExpoApp/node_modules/tslib': '/Users/guilhermesilva/.gemini/antigravity/scratch/SgpTecnicoExpoApp/node_modules/.tslib-Z7pvXkKO',
199 silly reify   '/Users/guilhermesilva/.gemini/antigravity/scratch/SgpTecnicoExpoApp/node_modules/use-latest-callback': '/Users/guilhermesilva/.gemini/antigravity/scratch/SgpTecnicoExpoApp/node_modules/.use-latest-callback-N7a1zP3r',
199 silly reify   '/Users/guilhermesilva/.gemini/antigravity/scratch/SgpTecnicoExpoApp/node_modules/warn-once': '/Users/guilhermesilva/.gemini/antigravity/scratch/SgpTecnicoExpoApp/node_modules/.warn-once-Z16oHa48',
199 silly reify   '/Users/guilhermesilva/.gemini/antigravity/scratch/SgpTecnicoExpoApp/node_modules/webidl-conversions': '/Users/guilhermesilva/.gemini/antigravity/scratch/SgpTecnicoExpoApp/node_modules/.webidl-conversions-7mZhPlL7',
199 silly reify   '/Users/guilhermesilva/.gemini/antigravity/scratch/SgpTecnicoExpoApp/node_modules/whatwg-url': '/Users/guilhermesilva/.gemini/antigravity/scratch/SgpTecnicoExpoApp/node_modules/.whatwg-url-RDvukGlg',
199 silly reify   '/Users/guilhermesilva/.gemini/antigravity/scratch/SgpTecnicoExpoApp/node_modules/wrap-ansi-cjs': '/Users/guilhermesilva/.gemini/antigravity/scratch/SgpTecnicoExpoApp/node_modules/.wrap-ansi-cjs-cEL9CqYY'
199 silly reify }
200 silly audit bulk request {
200 silly audit   '@0no-co/graphql.web': [ '1.3.3' ],
200 silly audit   '@babel/code-frame': [ '7.29.7', '7.10.4' ],
200 silly audit   '@babel/compat-data': [ '7.29.7' ],
200 silly audit   '@babel/core': [ '7.29.7' ],
200 silly audit   '@babel/generator': [ '7.29.8' ],
200 silly audit   '@babel/helper-annotate-as-pure': [ '7.29.7' ],
200 silly audit   '@babel/helper-compilation-targets': [ '7.29.7' ],
200 silly audit   '@babel/helper-create-class-features-plugin': [ '7.29.7' ],
200 silly audit   '@babel/helper-create-regexp-features-plugin': [ '7.29.7' ],
200 silly audit   '@babel/helper-define-polyfill-provider': [ '0.6.8' ],
200 silly audit   '@babel/helper-globals': [ '7.29.7' ],
200 silly audit   '@babel/helper-member-expression-to-functions': [ '7.29.7' ],
200 silly audit   '@babel/helper-module-imports': [ '7.29.7' ],
200 silly audit   '@babel/helper-module-transforms': [ '7.29.7' ],
200 silly audit   '@babel/helper-optimise-call-expression': [ '7.29.7' ],
200 silly audit   '@babel/helper-plugin-utils': [ '7.29.7' ],
200 silly audit   '@babel/helper-remap-async-to-generator': [ '7.29.7' ],
200 silly audit   '@babel/helper-replace-supers': [ '7.29.7' ],
200 silly audit   '@babel/helper-skip-transparent-expression-wrappers': [ '7.29.7' ],
200 silly audit   '@babel/helper-string-parser': [ '7.29.7' ],
200 silly audit   '@babel/helper-validator-identifier': [ '7.29.7' ],
200 silly audit   '@babel/helper-validator-option': [ '7.29.7' ],
200 silly audit   '@babel/helper-wrap-function': [ '7.29.7' ],
200 silly audit   '@babel/helpers': [ '7.29.7' ],
200 silly audit   '@babel/highlight': [ '7.25.9' ],
200 silly audit   'ansi-styles': [ '3.2.1', '4.3.0', '5.2.0' ],
200 silly audit   chalk: [ '2.4.2', '4.1.2' ],
200 silly audit   'color-convert': [ '1.9.3', '2.0.1' ],
200 silly audit   'color-name': [ '1.1.3', '1.1.4' ],
200 silly audit   'escape-string-regexp': [ '1.0.5', '4.0.0', '2.0.0' ],
200 silly audit   'has-flag': [ '3.0.0', '4.0.0' ],
200 silly audit   'supports-color': [ '5.5.0', '8.1.1', '7.2.0' ],
200 silly audit   '@babel/parser': [ '7.29.8' ],
200 silly audit   '@babel/plugin-proposal-decorators': [ '7.29.7' ],
200 silly audit   '@babel/plugin-proposal-export-default-from': [ '7.29.7' ],
200 silly audit   '@babel/plugin-syntax-async-generators': [ '7.8.4' ],
200 silly audit   '@babel/plugin-syntax-bigint': [ '7.8.3' ],
200 silly audit   '@babel/plugin-syntax-class-properties': [ '7.12.13' ],
200 silly audit   '@babel/plugin-syntax-class-static-block': [ '7.14.5' ],
200 silly audit   '@babel/plugin-syntax-decorators': [ '7.29.7' ],
200 silly audit   '@babel/plugin-syntax-dynamic-import': [ '7.8.3' ],
200 silly audit   '@babel/plugin-syntax-export-default-from': [ '7.29.7' ],
200 silly audit   '@babel/plugin-syntax-flow': [ '7.29.7' ],
200 silly audit   '@babel/plugin-syntax-import-attributes': [ '7.29.7' ],
200 silly audit   '@babel/plugin-syntax-import-meta': [ '7.10.4' ],
200 silly audit   '@babel/plugin-syntax-json-strings': [ '7.8.3' ],
200 silly audit   '@babel/plugin-syntax-jsx': [ '7.29.7' ],
200 silly audit   '@babel/plugin-syntax-logical-assignment-operators': [ '7.10.4' ],
200 silly audit   '@babel/plugin-syntax-nullish-coalescing-operator': [ '7.8.3' ],
200 silly audit   '@babel/plugin-syntax-numeric-separator': [ '7.10.4' ],
200 silly audit   '@babel/plugin-syntax-object-rest-spread': [ '7.8.3' ],
200 silly audit   '@babel/plugin-syntax-optional-catch-binding': [ '7.8.3' ],
200 silly audit   '@babel/plugin-syntax-optional-chaining': [ '7.8.3' ],
200 silly audit   '@babel/plugin-syntax-private-property-in-object': [ '7.14.5' ],
200 silly audit   '@babel/plugin-syntax-top-level-await': [ '7.14.5' ],
200 silly audit   '@babel/plugin-syntax-typescript': [ '7.29.7' ],
200 silly audit   '@babel/plugin-transform-arrow-functions': [ '7.29.7' ],
200 silly audit   '@babel/plugin-transform-async-generator-functions': [ '7.29.7' ],
200 silly audit   '@babel/plugin-transform-async-to-generator': [ '7.29.7' ],
200 silly audit   '@babel/plugin-transform-block-scoping': [ '7.29.7' ],
200 silly audit   '@babel/plugin-transform-class-properties': [ '7.29.7' ],
200 silly audit   '@babel/plugin-transform-class-static-block': [ '7.29.7' ],
200 silly audit   '@babel/plugin-transform-classes': [ '7.29.7' ],
200 silly audit   '@babel/plugin-transform-computed-properties': [ '7.29.7' ],
200 silly audit   '@babel/plugin-transform-destructuring': [ '7.29.7' ],
200 silly audit   '@babel/plugin-transform-export-namespace-from': [ '7.29.7' ],
200 silly audit   '@babel/plugin-transform-flow-strip-types': [ '7.29.7' ],
200 silly audit   '@babel/plugin-transform-for-of': [ '7.29.7' ],
200 silly audit   '@babel/plugin-transform-function-name': [ '7.29.7' ],
200 silly audit   '@babel/plugin-transform-literals': [ '7.29.7' ],
200 silly audit   '@babel/plugin-transform-logical-assignment-operators': [ '7.29.7' ],
200 silly audit   '@babel/plugin-transform-modules-commonjs': [ '7.29.7' ],
200 silly audit   '@babel/plugin-transform-named-capturing-groups-regex': [ '7.29.7' ],
200 silly audit   '@babel/plugin-transform-nullish-coalescing-operator': [ '7.29.7' ],
200 silly audit   '@babel/plugin-transform-numeric-separator': [ '7.29.7' ],
200 silly audit   '@babel/plugin-transform-object-rest-spread': [ '7.29.7' ],
200 silly audit   '@babel/plugin-transform-optional-catch-binding': [ '7.29.7' ],
200 silly audit   '@babel/plugin-transform-optional-chaining': [ '7.29.7' ],
200 silly audit   '@babel/plugin-transform-parameters': [ '7.29.7' ],
200 silly audit   '@babel/plugin-transform-private-methods': [ '7.29.7' ],
200 silly audit   '@babel/plugin-transform-private-property-in-object': [ '7.29.7' ],
200 silly audit   '@babel/plugin-transform-react-display-name': [ '7.29.7' ],
200 silly audit   '@babel/plugin-transform-react-jsx': [ '7.29.7' ],
200 silly audit   '@babel/plugin-transform-react-jsx-development': [ '7.29.7' ],
200 silly audit   '@babel/plugin-transform-react-jsx-self': [ '7.29.7' ],
200 silly audit   '@babel/plugin-transform-react-jsx-source': [ '7.29.7' ],
200 silly audit   '@babel/plugin-transform-react-pure-annotations': [ '7.29.7' ],
200 silly audit   '@babel/plugin-transform-regenerator': [ '7.29.8' ],
200 silly audit   '@babel/plugin-transform-runtime': [ '7.29.7' ],
200 silly audit   '@babel/plugin-transform-shorthand-properties': [ '7.29.7' ],
200 silly audit   '@babel/plugin-transform-spread': [ '7.29.8' ],
200 silly audit   '@babel/plugin-transform-sticky-regex': [ '7.29.7' ],
200 silly audit   '@babel/plugin-transform-typescript': [ '7.29.7' ],
200 silly audit   '@babel/plugin-transform-unicode-regex': [ '7.29.7' ],
200 silly audit   '@babel/preset-react': [ '7.29.7' ],
200 silly audit   '@babel/preset-typescript': [ '7.29.7' ],
200 silly audit   '@babel/runtime': [ '7.29.7' ],
200 silly audit   '@babel/template': [ '7.29.7' ],
200 silly audit   '@babel/traverse': [ '7.29.8' ],
200 silly audit   '@babel/types': [ '7.29.8' ],
200 silly audit   '@expo/cli': [ '54.0.26' ],
200 silly audit   semver: [ '7.8.5', '6.3.1' ],
200 silly audit   '@expo/code-signing-certificates': [ '0.0.6' ],
200 silly audit   '@expo/config': [ '12.0.14' ],
200 silly audit   '@expo/config-plugins': [ '54.0.5' ],
200 silly audit   '@expo/json-file': [ '10.0.16', '10.2.0', '11.0.1' ],
200 silly audit   '@expo/config-types': [ '54.0.10' ],
200 silly audit   '@expo/devcert': [ '1.2.1' ],
200 silly audit   debug: [ '3.2.7', '2.6.9', '4.4.3' ],
200 silly audit   '@expo/devtools': [ '0.1.8' ],
200 silly audit   '@expo/env': [ '2.0.12' ],
200 silly audit   '@expo/fingerprint': [ '0.15.5' ],
200 silly audit   'balanced-match': [ '4.0.4', '1.0.2' ],
200 silly audit   'brace-expansion': [ '5.0.9', '1.1.18', '2.1.4' ],
200 silly audit   minimatch: [ '10.2.6', '3.1.5', '9.0.9' ],
200 silly audit   '@expo/image-utils': [ '0.8.15' ],
200 silly audit   '@expo/metro': [ '54.2.0' ],
200 silly audit   '@expo/metro-config': [ '54.0.17' ],
200 silly audit   '@expo/osascript': [ '2.7.1' ],
200 silly audit   '@expo/package-manager': [ '1.13.1' ],
200 silly audit   '@expo/plist': [ '0.4.9' ],
200 silly audit   '@expo/prebuild-config': [ '54.0.9' ],
200 silly audit   '@expo/require-utils': [ '55.0.6' ],
200 silly audit   '@expo/schema-utils': [ '0.1.9' ],
200 silly audit   '@expo/sdk-runtime-versions': [ '1.0.0' ],
200 silly audit   '@expo/spawn-async': [ '1.8.0' ],
200 silly audit   '@expo/sudo-prompt': [ '9.3.2' ],
200 silly audit   '@expo/vector-icons': [ '15.1.1' ],
200 silly audit   '@expo/ws-tunnel': [ '1.0.6' ],
200 silly audit   '@expo/xcpretty': [ '4.4.4' ],
200 silly audit   'ansi-regex': [ '5.0.1', '4.1.1' ],
200 silly audit   'emoji-regex': [ '8.0.0' ],
200 silly audit   'string-width': [ '4.2.3' ],
200 silly audit   'strip-ansi': [ '6.0.1', '5.2.0' ],
200 silly audit   'wrap-ansi': [ '7.0.0' ],
200 silly audit   '@isaacs/fs-minipass': [ '4.0.1' ],
200 silly audit   '@isaacs/ttlcache': [ '1.4.1' ],
200 silly audit   '@istanbuljs/load-nyc-config': [ '1.1.0' ],
200 silly audit   argparse: [ '1.0.10', '2.0.1' ],
200 silly audit   camelcase: [ '5.3.1', '6.3.0' ],
200 silly audit   'js-yaml': [ '3.15.1', '4.3.1' ],
200 silly audit   '@istanbuljs/schema': [ '0.1.6' ],
200 silly audit   '@jest/create-cache-key-function': [ '29.7.0' ],
200 silly audit   '@jest/environment': [ '29.7.0' ],
200 silly audit   '@jest/fake-timers': [ '29.7.0' ],
200 silly audit   '@jest/schemas': [ '29.6.3' ],
200 silly audit   '@jest/transform': [ '29.7.0' ],
200 silly audit   '@jest/types': [ '29.6.3' ],
200 silly audit   '@jridgewell/gen-mapping': [ '0.3.13' ],
200 silly audit   '@jridgewell/remapping': [ '2.3.5' ],
200 silly audit   '@jridgewell/resolve-uri': [ '3.1.2' ],
200 silly audit   '@jridgewell/source-map': [ '0.3.11' ],
200 silly audit   '@jridgewell/sourcemap-codec': [ '1.5.5' ],
200 silly audit   '@jridgewell/trace-mapping': [ '0.3.31' ],
200 silly audit   '@react-native/babel-plugin-codegen': [ '0.81.5' ],
200 silly audit   '@react-native/babel-preset': [ '0.81.5' ],
200 silly audit   '@react-native/codegen': [ '0.81.5' ],
200 silly audit   glob: [ '7.2.3', '13.0.6' ],
200 silly audit   '@react-native/debugger-frontend': [ '0.81.5' ],
200 silly audit   '@react-native/dev-middleware': [ '0.81.5' ],
200 silly audit   'ci-info': [ '3.9.0', '2.0.0' ],
200 silly audit   'hermes-estree': [ '0.29.1', '0.32.0' ],
200 silly audit   'hermes-parser': [ '0.29.1', '0.32.0' ],
200 silly audit   metro: [ '0.83.3' ],
200 silly audit   'metro-babel-transformer': [ '0.83.3' ],
200 silly audit   'metro-cache': [ '0.83.3' ],
200 silly audit   'metro-cache-key': [ '0.83.3' ],
200 silly audit   'metro-config': [ '0.83.3' ],
200 silly audit   'metro-core': [ '0.83.3' ],
200 silly audit   'metro-file-map': [ '0.83.3' ],
200 silly audit   'metro-minify-terser': [ '0.83.3' ],
200 silly audit   'metro-resolver': [ '0.83.3' ],
200 silly audit   'metro-runtime': [ '0.83.3' ],
200 silly audit   'metro-source-map': [ '0.83.3' ],
200 silly audit   'metro-symbolicate': [ '0.83.3' ],
200 silly audit   'metro-transform-plugins': [ '0.83.3' ],
200 silly audit   'metro-transform-worker': [ '0.83.3' ],
200 silly audit   ws: [ '6.2.6', '7.5.13', '8.21.3' ],
200 silly audit   ms: [ '2.0.0', '2.1.3' ],
200 silly audit   ob1: [ '0.83.3' ],
200 silly audit   'babel-plugin-syntax-hermes-parser': [ '0.29.1' ],
200 silly audit   mkdirp: [ '1.0.4' ],
200 silly audit   '@react-native/normalize-colors': [ '0.81.5' ],
200 silly audit   '@sinclair/typebox': [ '0.27.12' ],
200 silly audit   '@sinonjs/commons': [ '3.0.1' ],
200 silly audit   '@sinonjs/fake-timers': [ '10.3.0' ],
200 silly audit   '@types/babel__core': [ '7.20.5' ],
200 silly audit   '@types/babel__generator': [ '7.27.0' ],
200 silly audit   '@types/babel__template': [ '7.4.4' ],
200 silly audit   '@types/babel__traverse': [ '7.28.0' ],
200 silly audit   '@types/graceful-fs': [ '4.1.9' ],
200 silly audit   '@types/istanbul-lib-coverage': [ '2.0.6' ],
200 silly audit   '@types/istanbul-lib-report': [ '3.0.3' ],
200 silly audit   '@types/istanbul-reports': [ '3.0.4' ],
200 silly audit   '@types/node': [ '18.19.130' ],
200 silly audit   '@types/stack-utils': [ '2.0.3' ],
200 silly audit   '@types/yargs': [ '17.0.35' ],
200 silly audit   '@types/yargs-parser': [ '21.0.3' ],
200 silly audit   '@ungap/structured-clone': [ '1.3.3' ],
200 silly audit   '@urql/core': [ '5.2.0' ],
200 silly audit   '@urql/exchange-retry': [ '1.3.2' ],
200 silly audit   '@xmldom/xmldom': [ '0.8.14', '0.9.11' ],
200 silly audit   'abort-controller': [ '3.0.0' ],
200 silly audit   accepts: [ '1.3.8' ],
200 silly audit   acorn: [ '8.18.0' ],
200 silly audit   'agent-base': [ '6.0.2', '7.1.4' ],
200 silly audit   anser: [ '1.4.10' ],
200 silly audit   'ansi-escapes': [ '4.3.2' ],
200 silly audit   'type-fest': [ '0.21.3', '0.7.1' ],
200 silly audit   'any-promise': [ '1.3.0' ],
200 silly audit   anymatch: [ '3.1.3' ],
200 silly audit   picomatch: [ '2.3.2', '4.0.5' ],
200 silly audit   arg: [ '5.0.2' ],
200 silly audit   asap: [ '2.0.6' ],
200 silly audit   'async-limiter': [ '1.0.1' ],
200 silly audit   asynckit: [ '0.4.0' ],
200 silly audit   axios: [ '1.19.0' ],
200 silly audit   'babel-jest': [ '29.7.0' ],
200 silly audit   'babel-plugin-istanbul': [ '6.1.1' ],
200 silly audit   'babel-plugin-jest-hoist': [ '29.6.3' ],
200 silly audit   'babel-plugin-polyfill-corejs2': [ '0.4.17' ],
200 silly audit   'babel-plugin-polyfill-corejs3': [ '0.13.0' ],
200 silly audit   'babel-plugin-polyfill-regenerator': [ '0.6.8' ],
200 silly audit   'babel-plugin-react-compiler': [ '1.0.0' ],
200 silly audit   'babel-plugin-react-native-web': [ '0.21.2' ],
200 silly audit   'babel-plugin-transform-flow-enums': [ '0.0.2' ],
200 silly audit   'babel-preset-current-node-syntax': [ '1.2.0' ],
200 silly audit   'babel-preset-expo': [ '54.0.12' ],
200 silly audit   'babel-preset-jest': [ '29.6.3' ],
200 silly audit   'base64-js': [ '1.5.1' ],
200 silly audit   'baseline-browser-mapping': [ '2.11.14' ],
200 silly audit   'better-opn': [ '3.0.2' ],
200 silly audit   open: [ '8.4.2', '7.4.2' ],
200 silly audit   'big-integer': [ '1.6.52' ],
200 silly audit   'bplist-creator': [ '0.1.0' ],
200 silly audit   'bplist-parser': [ '0.3.2', '0.3.1' ],
200 silly audit   braces: [ '3.0.3' ],
200 silly audit   browserslist: [ '4.28.8' ],
200 silly audit   bser: [ '2.1.1' ],
200 silly audit   buffer: [ '5.7.1' ],
200 silly audit   'buffer-from': [ '1.1.2' ],
200 silly audit   bytes: [ '3.1.2' ],
200 silly audit   'call-bind-apply-helpers': [ '1.0.2' ],
200 silly audit   'caniuse-lite': [ '1.0.30001809' ],
200 silly audit   chownr: [ '3.0.0' ],
200 silly audit   'chrome-launcher': [ '0.15.2' ],
200 silly audit   'chromium-edge-launcher': [ '0.2.0' ],
200 silly audit   'cli-cursor': [ '2.1.0' ],
200 silly audit   'cli-spinners': [ '2.9.2' ],
200 silly audit   cliui: [ '8.0.1' ],
200 silly audit   clone: [ '1.0.4' ],
200 silly audit   'combined-stream': [ '1.0.8' ],
200 silly audit   commander: [ '7.2.0', '4.1.1', '2.20.3', '12.1.0' ],
200 silly audit   compressible: [ '2.0.18' ],
200 silly audit   compression: [ '1.8.1' ],
200 silly audit   negotiator: [ '0.6.4', '0.6.3' ],
200 silly audit   'concat-map': [ '0.0.1' ],
200 silly audit   connect: [ '3.7.0' ],
200 silly audit   'convert-source-map': [ '2.0.0' ],
200 silly audit   'core-js-compat': [ '3.50.0' ],
200 silly audit   'cross-spawn': [ '7.0.6' ],
200 silly audit   csstype: [ '3.2.3' ],
200 silly audit   'deep-extend': [ '0.6.0' ],
200 silly audit   deepmerge: [ '4.3.1' ],
200 silly audit   defaults: [ '1.0.4' ],
200 silly audit   'define-lazy-prop': [ '2.0.0' ],
200 silly audit   'delayed-stream': [ '1.0.0' ],
200 silly audit   depd: [ '2.0.0' ],
200 silly audit   destroy: [ '1.2.0' ],
200 silly audit   'detect-libc': [ '2.1.2' ],
200 silly audit   dotenv: [ '16.4.7' ],
200 silly audit   'dotenv-expand': [ '11.0.7' ],
200 silly audit   'dunder-proto': [ '1.0.1' ],
200 silly audit   'ee-first': [ '1.1.1' ],
200 silly audit   'electron-to-chromium': [ '1.5.406' ],
200 silly audit   encodeurl: [ '1.0.2', '2.0.0' ],
200 silly audit   'env-editor': [ '0.4.2' ],
200 silly audit   'error-stack-parser': [ '2.1.4' ],
200 silly audit   'es-define-property': [ '1.0.1' ],
200 silly audit   'es-errors': [ '1.3.0' ],
200 silly audit   'es-object-atoms': [ '1.1.2' ],
200 silly audit   'es-set-tostringtag': [ '2.1.0' ],
200 silly audit   escalade: [ '3.2.0' ],
200 silly audit   'escape-html': [ '1.0.3' ],
200 silly audit   esprima: [ '4.0.1' ],
200 silly audit   etag: [ '1.8.1' ],
200 silly audit   'event-target-shim': [ '5.0.1' ],
200 silly audit   'mimic-fn': [ '1.2.0' ],
200 silly audit   onetime: [ '2.0.1' ],
200 silly audit   expo: [ '54.0.36' ],
200 silly audit   'expo-asset': [ '12.0.13' ],
200 silly audit   'expo-constants': [ '18.0.13' ],
200 silly audit   'expo-file-system': [ '19.0.23' ],
200 silly audit   'expo-font': [ '14.0.12' ],
200 silly audit   'expo-keep-awake': [ '15.0.8' ],
200 silly audit   getenv: [ '2.0.0' ],
200 silly audit   'lru-cache': [ '10.4.3', '5.1.1', '11.5.2' ],
200 silly audit   'path-scurry': [ '2.0.2' ],
200 silly audit   sucrase: [ '3.35.1' ],
200 silly audit   'write-file-atomic': [ '4.0.2' ],
200 silly audit   xmlbuilder: [ '11.0.1', '15.1.1' ],
200 silly audit   'expo-modules-autolinking': [ '3.0.26' ],
200 silly audit   'expo-modules-core': [ '3.0.30' ],
200 silly audit   'expo-server': [ '1.0.7' ],
200 silly audit   'exponential-backoff': [ '3.1.3' ],
200 silly audit   'fast-json-stable-stringify': [ '2.1.0' ],
200 silly audit   'fb-watchman': [ '2.0.2' ],
200 silly audit   fdir: [ '6.5.0' ],
200 silly audit   'fill-range': [ '7.1.1' ],
200 silly audit   finalhandler: [ '1.1.2' ],
200 silly audit   'find-up': [ '4.1.0' ],
200 silly audit   'flow-enums-runtime': [ '0.0.6' ],
200 silly audit   'follow-redirects': [ '1.16.0' ],
200 silly audit   fontfaceobserver: [ '2.3.0' ],
200 silly audit   'signal-exit': [ '3.0.7' ],
200 silly audit   'form-data': [ '4.0.6' ],
200 silly audit   'freeport-async': [ '2.0.0' ],
200 silly audit   fresh: [ '0.5.2' ],
200 silly audit   'fs.realpath': [ '1.0.0' ],
200 silly audit   fsevents: [ '2.3.3' ],
200 silly audit   'function-bind': [ '1.1.2' ],
200 silly audit   gensync: [ '1.0.0-beta.2' ],
200 silly audit   'get-caller-file': [ '2.0.5' ],
200 silly audit   'get-intrinsic': [ '1.3.0' ],
200 silly audit   'get-package-type': [ '0.1.0' ],
200 silly audit   'get-proto': [ '1.0.1' ],
200 silly audit   gopd: [ '1.2.0' ],
200 silly audit   'graceful-fs': [ '4.2.11' ],
200 silly audit   'has-symbols': [ '1.1.0' ],
200 silly audit   'has-tostringtag': [ '1.0.2' ],
200 silly audit   hasown: [ '2.0.4' ],
200 silly audit   'hosted-git-info': [ '7.0.2' ],
200 silly audit   'http-errors': [ '2.0.1' ],
200 silly audit   statuses: [ '2.0.2', '1.5.0' ],
200 silly audit   'https-proxy-agent': [ '5.0.1', '7.0.6' ],
200 silly audit   ieee754: [ '1.2.1' ],
200 silly audit   ignore: [ '5.3.2' ],
200 silly audit   'image-size': [ '1.2.1' ],
200 silly audit   'resolve-from': [ '5.0.0' ],
200 silly audit   imurmurhash: [ '0.1.4' ],
200 silly audit   inflight: [ '1.0.6' ],
200 silly audit   inherits: [ '2.0.4' ],
200 silly audit   ini: [ '1.3.8' ],
200 silly audit   invariant: [ '2.2.4' ],
200 silly audit   'is-core-module': [ '2.16.2' ],
200 silly audit   'is-docker': [ '2.2.1' ],
200 silly audit   'is-fullwidth-code-point': [ '3.0.0' ],
200 silly audit   'is-number': [ '7.0.0' ],
200 silly audit   'is-wsl': [ '2.2.0' ],
200 silly audit   isexe: [ '2.0.0' ],
200 silly audit   'istanbul-lib-coverage': [ '3.2.2' ],
200 silly audit   'istanbul-lib-instrument': [ '5.2.1' ],
200 silly audit   'jest-environment-node': [ '29.7.0' ],
200 silly audit   'jest-get-type': [ '29.6.3' ],
200 silly audit   'jest-haste-map': [ '29.7.0' ],
200 silly audit   'jest-message-util': [ '29.7.0' ],
200 silly audit   'jest-mock': [ '29.7.0' ],
200 silly audit   'jest-regex-util': [ '29.6.3' ],
200 silly audit   'jest-util': [ '29.7.0' ],
200 silly audit   'jest-validate': [ '29.7.0' ],
200 silly audit   'jest-worker': [ '29.7.0' ],
200 silly audit   'jimp-compact': [ '0.16.1' ],
200 silly audit   'js-tokens': [ '4.0.0' ],
200 silly audit   'jsc-safe-url': [ '0.2.4' ],
200 silly audit   jsesc: [ '3.1.0' ],
200 silly audit   json5: [ '2.2.3' ],
200 silly audit   kleur: [ '3.0.3' ],
200 silly audit   'lan-network': [ '0.2.1' ],
200 silly audit   leven: [ '3.1.0' ],
200 silly audit   'lighthouse-logger': [ '1.4.2' ],
200 silly audit   lightningcss: [ '1.33.0' ],
200 silly audit   'lightningcss-android-arm64': [ '1.33.0' ],
200 silly audit   'lightningcss-darwin-arm64': [ '1.33.0' ],
200 silly audit   'lightningcss-darwin-x64': [ '1.33.0' ],
200 silly audit   'lightningcss-freebsd-x64': [ '1.33.0' ],
200 silly audit   'lightningcss-linux-arm-gnueabihf': [ '1.33.0' ],
200 silly audit   'lightningcss-linux-arm64-gnu': [ '1.33.0' ],
200 silly audit   'lightningcss-linux-arm64-musl': [ '1.33.0' ],
200 silly audit   'lightningcss-linux-x64-gnu': [ '1.33.0' ],
200 silly audit   'lightningcss-linux-x64-musl': [ '1.33.0' ],
200 silly audit   'lightningcss-win32-arm64-msvc': [ '1.33.0' ],
200 silly audit   'lightningcss-win32-x64-msvc': [ '1.33.0' ],
200 silly audit   'lines-and-columns': [ '1.2.4' ],
200 silly audit   'locate-path': [ '5.0.0' ],
200 silly audit   'lodash.debounce': [ '4.0.8' ],
200 silly audit   'lodash.throttle': [ '4.1.1' ],
200 silly audit   'log-symbols': [ '2.2.0' ],
200 silly audit   'loose-envify': [ '1.4.0' ],
200 silly audit   makeerror: [ '1.0.12' ],
200 silly audit   marky: [ '1.3.0' ],
200 silly audit   'math-intrinsics': [ '1.1.0' ],
200 silly audit   'memoize-one': [ '5.2.1' ],
200 silly audit   'merge-stream': [ '2.0.0' ],
200 silly audit   micromatch: [ '4.0.8' ],
200 silly audit   mime: [ '1.6.0' ],
200 silly audit   'mime-db': [ '1.52.0' ],
200 silly audit   'mime-types': [ '2.1.35' ],
200 silly audit   minimist: [ '1.2.8' ],
200 silly audit   minipass: [ '7.1.3' ],
200 silly audit   minizlib: [ '3.1.0' ],
200 silly audit   mz: [ '2.7.0' ],
200 silly audit   nanoid: [ '3.3.18' ],
200 silly audit   'nested-error-stacks': [ '2.0.1' ],
200 silly audit   'node-forge': [ '1.4.0' ],
200 silly audit   'node-int64': [ '0.4.0' ],
200 silly audit   'node-releases': [ '2.0.53' ],
200 silly audit   'normalize-path': [ '3.0.0' ],
200 silly audit   'npm-package-arg': [ '11.0.3' ],
200 silly audit   nullthrows: [ '1.1.1' ],
200 silly audit   'object-assign': [ '4.1.1' ],
200 silly audit   'on-finished': [ '2.3.0', '2.4.1' ],
200 silly audit   'on-headers': [ '1.1.0' ],
200 silly audit   once: [ '1.4.0' ],
200 silly audit   ora: [ '3.4.0' ],
200 silly audit   'p-limit': [ '3.1.0', '2.3.0' ],
200 silly audit   'p-locate': [ '4.1.0' ],
200 silly audit   'p-try': [ '2.2.0' ],
200 silly audit   'parse-png': [ '2.1.0' ],
200 silly audit   parseurl: [ '1.3.3' ],
200 silly audit   'path-exists': [ '4.0.0' ],
200 silly audit   'path-is-absolute': [ '1.0.1' ],
200 silly audit   'path-key': [ '3.1.1' ],
200 silly audit   'path-parse': [ '1.0.7' ],
200 silly audit   picocolors: [ '1.1.1' ],
200 silly audit   pirates: [ '4.0.7' ],
200 silly audit   plist: [ '3.1.1' ],
200 silly audit   pngjs: [ '3.4.0' ],
200 silly audit   postcss: [ '8.4.49' ],
200 silly audit   'pretty-bytes': [ '5.6.0' ],
200 silly audit   'pretty-format': [ '29.7.0' ],
200 silly audit   'react-is': [ '18.3.1' ],
200 silly audit   'proc-log': [ '4.2.0' ],
200 silly audit   progress: [ '2.0.3' ],
200 silly audit   prompts: [ '2.4.2' ],
200 silly audit   'proxy-from-env': [ '2.1.0' ],
200 silly audit   punycode: [ '2.3.1' ],
200 silly audit   'qrcode-terminal': [ '0.11.0' ],
200 silly audit   queue: [ '6.0.2' ],
200 silly audit   'range-parser': [ '1.2.1' ],
200 silly audit   rc: [ '1.2.8' ],
200 silly audit   'react-native-is-edge-to-edge': [ '1.3.1' ],
200 silly audit   'react-refresh': [ '0.14.2' ],
200 silly audit   'source-map': [ '0.5.7', '0.6.1' ],
200 silly audit   regenerate: [ '1.4.2' ],
200 silly audit   'regenerate-unicode-properties': [ '10.2.2' ],
200 silly audit   'regenerator-runtime': [ '0.13.11' ],
200 silly audit   'regexpu-core': [ '6.4.0' ],
200 silly audit   regjsgen: [ '0.8.0' ],
200 silly audit   regjsparser: [ '0.13.2' ],
200 silly audit   'require-directory': [ '2.1.1' ],
200 silly audit   'require-from-string': [ '2.0.2' ],
200 silly audit   requireg: [ '0.2.2' ],
200 silly audit   resolve: [ '1.7.1', '1.22.12' ],
200 silly audit   'resolve-workspace-root': [ '2.0.1' ],
200 silly audit   'resolve.exports': [ '2.0.3' ],
200 silly audit   'restore-cursor': [ '2.0.0' ],
200 silly audit   rimraf: [ '3.0.2' ],
200 silly audit   'safe-buffer': [ '5.2.1' ],
200 silly audit   sax: [ '1.6.1' ],
200 silly audit   send: [ '0.19.2' ],
200 silly audit   'serialize-error': [ '2.1.0' ],
200 silly audit   'serve-static': [ '1.16.3' ],
200 silly audit   setprototypeof: [ '1.2.0' ],
200 silly audit   'shebang-command': [ '2.0.0' ],
200 silly audit   'shebang-regex': [ '3.0.0' ],
200 silly audit   'simple-plist': [ '1.3.1' ],
200 silly audit   sisteransi: [ '1.0.5' ],
200 silly audit   slash: [ '3.0.0' ],
200 silly audit   slugify: [ '1.6.9' ],
200 silly audit   'source-map-js': [ '1.2.1' ],
200 silly audit   'source-map-support': [ '0.5.21' ],
200 silly audit   'sprintf-js': [ '1.0.3' ],
200 silly audit   'stack-utils': [ '2.0.6' ],
200 silly audit   stackframe: [ '1.3.4' ],
200 silly audit   'stacktrace-parser': [ '0.1.11' ],
200 silly audit   'stream-buffers': [ '2.2.0' ],
200 silly audit   'strip-json-comments': [ '2.0.1' ],
200 silly audit   'structured-headers': [ '0.4.1' ],
200 silly audit   'supports-hyperlinks': [ '2.3.0' ],
200 silly audit   'supports-preserve-symlinks-flag': [ '1.0.0' ],
200 silly audit   tar: [ '7.5.22' ],
200 silly audit   yallist: [ '5.0.0', '3.1.1' ],
200 silly audit   'terminal-link': [ '2.1.1' ],
200 silly audit   terser: [ '5.50.0' ],
200 silly audit   'test-exclude': [ '6.0.0' ],
200 silly audit   thenify: [ '3.3.1' ],
200 silly audit   'thenify-all': [ '1.6.0' ],
200 silly audit   throat: [ '5.0.0' ],
200 silly audit   tinyglobby: [ '0.2.17' ],
200 silly audit   tmpl: [ '1.0.5' ],
200 silly audit   'to-regex-range': [ '5.0.1' ],
200 silly audit   toidentifier: [ '1.0.1' ],
200 silly audit   'ts-interface-checker': [ '0.1.13' ],
200 silly audit   'type-detect': [ '4.0.8' ],
200 silly audit   typescript: [ '5.9.3' ],
200 silly audit   undici: [ '6.28.0' ],
200 silly audit   'undici-types': [ '5.26.5' ],
200 silly audit   'unicode-canonical-property-names-ecmascript': [ '2.0.1' ],
200 silly audit   'unicode-match-property-ecmascript': [ '2.0.0' ],
200 silly audit   'unicode-match-property-value-ecmascript': [ '2.2.1' ],
200 silly audit   'unicode-property-aliases-ecmascript': [ '2.2.0' ],
200 silly audit   unpipe: [ '1.0.0' ],
200 silly audit   'update-browserslist-db': [ '1.3.1' ],
200 silly audit   'utils-merge': [ '1.0.1' ],
200 silly audit   uuid: [ '7.0.3' ],
200 silly audit   'validate-npm-package-name': [ '5.0.1' ],
200 silly audit   vary: [ '1.1.2' ],
200 silly audit   vlq: [ '1.0.1' ],
200 silly audit   walker: [ '1.0.8' ],
200 silly audit   wcwidth: [ '1.0.1' ],
200 silly audit   'webidl-conversions': [ '5.0.0' ],
200 silly audit   'whatwg-fetch': [ '3.6.20' ],
200 silly audit   'whatwg-url-without-unicode': [ '8.0.0-3' ],
200 silly audit   which: [ '2.0.2' ],
200 silly audit   wonka: [ '6.3.6' ],
200 silly audit   wrappy: [ '1.0.2' ],
200 silly audit   xcode: [ '3.0.1' ],
200 silly audit   xml2js: [ '0.6.0' ],
200 silly audit   y18n: [ '5.0.8' ],
200 silly audit   yaml: [ '2.9.0' ],
200 silly audit   yargs: [ '17.7.3' ],
200 silly audit   'yargs-parser': [ '21.1.1' ],
200 silly audit   'yocto-queue': [ '0.1.0' ],
200 silly audit   '@types/react': [ '19.0.14' ],
200 silly audit   'expo-linking': [ '8.0.12' ],
200 silly audit   'expo-location': [ '19.0.8' ],
200 silly audit   'expo-status-bar': [ '3.0.9' ],
200 silly audit   react: [ '19.1.0' ],
200 silly audit   'react-native': [ '0.81.5' ],
200 silly audit   promise: [ '8.3.0' ],
200 silly audit   '@react-native/assets-registry': [ '0.81.5' ],
200 silly audit   '@react-native/community-cli-plugin': [ '0.81.5' ],
200 silly audit   '@react-native/gradle-plugin': [ '0.81.5' ],
200 silly audit   '@react-native/js-polyfills': [ '0.81.5' ],
200 silly audit   '@react-native/virtualized-lists': [ '0.81.5' ],
200 silly audit   'react-devtools-core': [ '6.1.5' ],
200 silly audit   scheduler: [ '0.26.0' ],
200 silly audit   'shell-quote': [ '1.10.0' ]
200 silly audit }
201 http cache react-native@https://registry.npmjs.org/react-native/-/react-native-0.81.5.tgz 0ms (cache hit)
202 http cache expo-linking@https://registry.npmjs.org/expo-linking/-/expo-linking-8.0.12.tgz 0ms (cache hit)
203 http cache react-devtools-core@https://registry.npmjs.org/react-devtools-core/-/react-devtools-core-6.1.5.tgz 0ms (cache hit)
204 http cache scheduler@https://registry.npmjs.org/scheduler/-/scheduler-0.26.0.tgz 0ms (cache hit)
205 http cache react@https://registry.npmjs.org/react/-/react-19.1.0.tgz 0ms (cache hit)
206 http cache @react-native/community-cli-plugin@https://registry.npmjs.org/@react-native/community-cli-plugin/-/community-cli-plugin-0.81.5.tgz 0ms (cache hit)
207 http cache expo-status-bar@https://registry.npmjs.org/expo-status-bar/-/expo-status-bar-3.0.9.tgz 0ms (cache hit)
208 http cache expo-location@https://registry.npmjs.org/expo-location/-/expo-location-19.0.8.tgz 0ms (cache hit)
209 silly tarball no local data for react-native@https://registry.npmjs.org/react-native/-/react-native-0.81.5.tgz. Extracting by manifest.
210 http cache @react-native/js-polyfills@https://registry.npmjs.org/@react-native/js-polyfills/-/js-polyfills-0.81.5.tgz 0ms (cache hit)
211 http cache @react-native/virtualized-lists@https://registry.npmjs.org/@react-native/virtualized-lists/-/virtualized-lists-0.81.5.tgz 0ms (cache hit)
212 http cache @react-native/gradle-plugin@https://registry.npmjs.org/@react-native/gradle-plugin/-/gradle-plugin-0.81.5.tgz 0ms (cache hit)
213 http cache @types/react@https://registry.npmjs.org/@types/react/-/react-19.0.14.tgz 0ms (cache hit)
214 http cache @react-native/assets-registry@https://registry.npmjs.org/@react-native/assets-registry/-/assets-registry-0.81.5.tgz 0ms (cache hit)
215 silly tarball no local data for expo-linking@https://registry.npmjs.org/expo-linking/-/expo-linking-8.0.12.tgz. Extracting by manifest.
216 silly tarball no local data for scheduler@https://registry.npmjs.org/scheduler/-/scheduler-0.26.0.tgz. Extracting by manifest.
217 silly tarball no local data for react@https://registry.npmjs.org/react/-/react-19.1.0.tgz. Extracting by manifest.
218 silly tarball no local data for @react-native/community-cli-plugin@https://registry.npmjs.org/@react-native/community-cli-plugin/-/community-cli-plugin-0.81.5.tgz. Extracting by manifest.
219 silly tarball no local data for expo-status-bar@https://registry.npmjs.org/expo-status-bar/-/expo-status-bar-3.0.9.tgz. Extracting by manifest.
220 silly tarball no local data for expo-location@https://registry.npmjs.org/expo-location/-/expo-location-19.0.8.tgz. Extracting by manifest.
221 silly tarball no local data for @react-native/js-polyfills@https://registry.npmjs.org/@react-native/js-polyfills/-/js-polyfills-0.81.5.tgz. Extracting by manifest.
222 silly tarball no local data for @react-native/virtualized-lists@https://registry.npmjs.org/@react-native/virtualized-lists/-/virtualized-lists-0.81.5.tgz. Extracting by manifest.
223 silly tarball no local data for @react-native/gradle-plugin@https://registry.npmjs.org/@react-native/gradle-plugin/-/gradle-plugin-0.81.5.tgz. Extracting by manifest.
224 silly tarball no local data for @types/react@https://registry.npmjs.org/@types/react/-/react-19.0.14.tgz. Extracting by manifest.
225 silly tarball no local data for @react-native/assets-registry@https://registry.npmjs.org/@react-native/assets-registry/-/assets-registry-0.81.5.tgz. Extracting by manifest.
226 http fetch GET 200 https://registry.npmjs.org/expo-linking/-/expo-linking-8.0.12.tgz 75ms (cache miss)
227 http fetch GET 200 https://registry.npmjs.org/scheduler/-/scheduler-0.26.0.tgz 147ms (cache miss)
228 http fetch GET 200 https://registry.npmjs.org/react/-/react-19.1.0.tgz 150ms (cache miss)
229 http fetch GET 200 https://registry.npmjs.org/expo-status-bar/-/expo-status-bar-3.0.9.tgz 153ms (cache miss)
230 http fetch GET 200 https://registry.npmjs.org/@react-native/community-cli-plugin/-/community-cli-plugin-0.81.5.tgz 161ms (cache miss)
231 http fetch GET 200 https://registry.npmjs.org/expo-location/-/expo-location-19.0.8.tgz 234ms (cache miss)
232 http fetch POST 200 https://registry.npmjs.org/-/npm/v1/security/advisories/bulk 297ms
233 silly audit report {
233 silly audit report   'image-size': [
233 silly audit report     {
233 silly audit report       id: 1138808,
233 silly audit report       url: 'https://github.com/advisories/GHSA-w3rx-r6r6-pgpr',
233 silly audit report       title: 'image-size: ICNS parser allows denial of service through an infinite loop',
233 silly audit report       severity: 'high',
233 silly audit report       vulnerable_versions: '<=2.0.2',
233 silly audit report       cwe: [Array],
233 silly audit report       cvss: [Object]
233 silly audit report     },
233 silly audit report     {
233 silly audit report       id: 1138809,
233 silly audit report       url: 'https://github.com/advisories/GHSA-5p2g-fcmc-qvqq',
233 silly audit report       title: 'image-size: JXL and HEIF parsers allow denial of service through infinite loops',
233 silly audit report       severity: 'high',
233 silly audit report       vulnerable_versions: '<=2.0.2',
233 silly audit report       cwe: [Array],
233 silly audit report       cvss: [Object]
233 silly audit report     }
233 silly audit report   ],
233 silly audit report   postcss: [
233 silly audit report     {
233 silly audit report       id: 1130709,
233 silly audit report       url: 'https://github.com/advisories/GHSA-fxqj-rqcc-2cmp',
233 silly audit report       title: 'PostCSS: incomplete fix of GHSA-6g55-p6wh-862q — attacker-controlled sourceMappingURL reads arbitrary .map files when `from` is unset',
233 silly audit report       severity: 'moderate',
233 silly audit report       vulnerable_versions: '<=8.5.22',
233 silly audit report       cwe: [Array],
233 silly audit report       cvss: [Object]
233 silly audit report     },
233 silly audit report     {
233 silly audit report       id: 1117015,
233 silly audit report       url: 'https://github.com/advisories/GHSA-qx2v-qp2m-jg93',
233 silly audit report       title: 'PostCSS has XSS via Unescaped </style> in its CSS Stringify Output',
233 silly audit report       severity: 'moderate',
233 silly audit report       vulnerable_versions: '<8.5.10',
233 silly audit report       cwe: [Array],
233 silly audit report       cvss: [Object]
233 silly audit report     },
233 silly audit report     {
233 silly audit report       id: 1124252,
233 silly audit report       url: 'https://github.com/advisories/GHSA-6g55-p6wh-862q',
233 silly audit report       title: 'PostCSS: Arbitrary file read and information disclosure via attacker-controlled sourceMappingURL in CSS comments',
233 silly audit report       severity: 'high',
233 silly audit report       vulnerable_versions: '<=8.5.11',
233 silly audit report       cwe: [Array],
233 silly audit report       cvss: [Object]
233 silly audit report     },
233 silly audit report     {
233 silly audit report       id: 1139510,
233 silly audit report       url: 'https://github.com/advisories/GHSA-r28c-9q8g-f849',
233 silly audit report       title: 'PostCSS: Path Traversal in Previous Source Map Auto-Loading (sourceMappingURL) leads to Arbitrary .map File Disclosure',
233 silly audit report       severity: 'high',
233 silly audit report       vulnerable_versions: '<=8.5.17',
233 silly audit report       cwe: [Array],
233 silly audit report       cvss: [Object]
233 silly audit report     }
233 silly audit report   ],
233 silly audit report   uuid: [
233 silly audit report     {
233 silly audit report       id: 1119441,
233 silly audit report       url: 'https://github.com/advisories/GHSA-w5hq-g745-h8pq',
233 silly audit report       title: 'uuid: Missing buffer bounds check in v3/v5/v6 when buf is provided',
233 silly audit report       severity: 'moderate',
233 silly audit report       vulnerable_versions: '<11.1.1',
233 silly audit report       cwe: [Array],
233 silly audit report       cvss: [Object]
233 silly audit report     }
233 silly audit report   ]
233 silly audit report }
234 silly packumentCache corgi:https://registry.npmjs.org/image-size cache-miss
235 silly packumentCache corgi:https://registry.npmjs.org/postcss cache-miss
236 silly packumentCache corgi:https://registry.npmjs.org/uuid cache-miss
237 http fetch GET 200 https://registry.npmjs.org/@react-native/js-polyfills/-/js-polyfills-0.81.5.tgz 359ms (cache miss)
238 http fetch GET 200 https://registry.npmjs.org/@react-native/virtualized-lists/-/virtualized-lists-0.81.5.tgz 360ms (cache miss)
239 http fetch GET 200 https://registry.npmjs.org/@react-native/assets-registry/-/assets-registry-0.81.5.tgz 464ms (cache miss)
240 http fetch GET 200 https://registry.npmjs.org/@types/react/-/react-19.0.14.tgz 504ms (cache miss)
241 http fetch GET 200 https://registry.npmjs.org/@react-native/gradle-plugin/-/gradle-plugin-0.81.5.tgz 527ms (cache miss)
242 http fetch GET 200 https://registry.npmjs.org/image-size 295ms (cache revalidated)
243 silly packumentCache corgi:https://registry.npmjs.org/image-size set size:76086 disposed:false
244 http fetch GET 200 https://registry.npmjs.org/uuid 296ms (cache revalidated)
245 silly packumentCache corgi:https://registry.npmjs.org/uuid set size:82973 disposed:false
246 http fetch GET 200 https://registry.npmjs.org/postcss 298ms (cache revalidated)
247 silly packumentCache corgi:https://registry.npmjs.org/postcss set size:355680 disposed:false
248 silly packumentCache corgi:https://registry.npmjs.org/metro cache-miss
249 http fetch GET 200 https://registry.npmjs.org/metro 152ms (cache revalidated)
250 silly packumentCache corgi:https://registry.npmjs.org/metro set size:542209 disposed:false
251 silly packumentCache corgi:https://registry.npmjs.org/@expo%2fmetro-config cache-miss
252 http fetch GET 200 https://registry.npmjs.org/@expo%2fmetro-config 97ms (cache revalidated)
253 silly packumentCache corgi:https://registry.npmjs.org/@expo%2fmetro-config set size:623452 disposed:false
254 silly packumentCache corgi:https://registry.npmjs.org/xcode cache-miss
255 http fetch GET 200 https://registry.npmjs.org/xcode 302ms (cache revalidated)
256 silly packumentCache corgi:https://registry.npmjs.org/xcode set size:1850340 disposed:false
257 silly packumentCache corgi:https://registry.npmjs.org/@expo%2fmetro cache-miss
258 silly packumentCache corgi:https://registry.npmjs.org/metro-config cache-miss
259 silly packumentCache corgi:https://registry.npmjs.org/metro-transform-worker cache-miss
260 silly packumentCache corgi:https://registry.npmjs.org/@react-native%2fcommunity-cli-plugin cache-miss
261 http fetch GET 200 https://registry.npmjs.org/@react-native%2fcommunity-cli-plugin 100ms (cache revalidated)
262 silly packumentCache corgi:https://registry.npmjs.org/@react-native%2fcommunity-cli-plugin set size:1311715 disposed:false
263 http fetch GET 200 https://registry.npmjs.org/metro-transform-worker 114ms (cache revalidated)
264 silly packumentCache corgi:https://registry.npmjs.org/metro-transform-worker set size:154090 disposed:false
265 http fetch GET 200 https://registry.npmjs.org/metro-config 116ms (cache revalidated)
266 silly packumentCache corgi:https://registry.npmjs.org/metro-config set size:194430 disposed:false
267 http fetch GET 200 https://registry.npmjs.org/@expo%2fmetro 126ms (cache revalidated)
268 silly packumentCache corgi:https://registry.npmjs.org/@expo%2fmetro set size:16338 disposed:false
269 silly packumentCache corgi:https://registry.npmjs.org/@expo%2fcli cache-miss
270 silly packumentCache corgi:https://registry.npmjs.org/expo cache-miss
271 http fetch GET 200 https://registry.npmjs.org/@expo%2fcli 119ms (cache revalidated)
272 silly packumentCache corgi:https://registry.npmjs.org/@expo%2fcli set size:1769083 disposed:false
273 http fetch GET 200 https://registry.npmjs.org/expo 409ms (cache revalidated)
274 silly packumentCache corgi:https://registry.npmjs.org/expo set size:1846342 disposed:false
275 silly packumentCache corgi:https://registry.npmjs.org/@expo%2fconfig-plugins cache-miss
276 http fetch GET 200 https://registry.npmjs.org/@expo%2fconfig-plugins 109ms (cache revalidated)
277 silly packumentCache corgi:https://registry.npmjs.org/@expo%2fconfig-plugins set size:442066 disposed:false
278 silly packumentCache corgi:https://registry.npmjs.org/react-native cache-miss
279 http fetch GET 200 https://registry.npmjs.org/react-native 111ms (cache revalidated)
280 silly packumentCache corgi:https://registry.npmjs.org/react-native set size:7170017 disposed:false
281 silly packumentCache corgi:https://registry.npmjs.org/@expo%2fconfig cache-miss
282 silly packumentCache corgi:https://registry.npmjs.org/@expo%2fprebuild-config cache-miss
283 http fetch GET 200 https://registry.npmjs.org/@expo%2fprebuild-config 639ms (cache revalidated)
284 silly packumentCache corgi:https://registry.npmjs.org/@expo%2fprebuild-config set size:417110 disposed:false
285 http fetch GET 200 https://registry.npmjs.org/@expo%2fconfig 646ms (cache revalidated)
286 silly packumentCache corgi:https://registry.npmjs.org/@expo%2fconfig set size:567491 disposed:false
287 silly packumentCache corgi:https://registry.npmjs.org/expo-constants cache-miss
288 http fetch GET 200 https://registry.npmjs.org/expo-constants 594ms (cache revalidated)
289 silly packumentCache corgi:https://registry.npmjs.org/expo-constants set size:314777 disposed:false
290 silly packumentCache corgi:https://registry.npmjs.org/expo-asset cache-miss
291 silly packumentCache corgi:https://registry.npmjs.org/expo-linking cache-miss
292 http fetch GET 200 https://registry.npmjs.org/expo-asset 155ms (cache revalidated)
293 silly packumentCache corgi:https://registry.npmjs.org/expo-asset set size:331896 disposed:false
294 http fetch GET 200 https://registry.npmjs.org/expo-linking 546ms (cache revalidated)
295 silly packumentCache corgi:https://registry.npmjs.org/expo-linking set size:232058 disposed:false
296 http fetch GET 200 https://registry.npmjs.org/react-native/-/react-native-0.81.5.tgz 4043ms (cache miss)
297 silly REMOVE node_modules/wrap-ansi-cjs
298 silly REMOVE node_modules/wrap-ansi-cjs/node_modules/strip-ansi
299 silly REMOVE node_modules/whatwg-url
300 silly REMOVE node_modules/webidl-conversions
301 silly REMOVE node_modules/warn-once
302 silly REMOVE node_modules/use-latest-callback
303 silly REMOVE node_modules/tslib
304 silly REMOVE node_modules/tr46
305 silly REMOVE node_modules/temp
306 silly REMOVE node_modules/temp/node_modules/rimraf
307 silly REMOVE node_modules/temp/node_modules/minimatch
308 silly REMOVE node_modules/temp/node_modules/glob
309 silly REMOVE node_modules/temp/node_modules/brace-expansion
310 silly REMOVE node_modules/strip-final-newline
311 silly REMOVE node_modules/strip-ansi-cjs
312 silly REMOVE node_modules/string-width-cjs
313 silly REMOVE node_modules/string-width-cjs/node_modules/strip-ansi
314 silly REMOVE node_modules/strict-uri-encode
315 silly REMOVE node_modules/split-on-first
316 silly REMOVE node_modules/shallow-clone
317 silly REMOVE node_modules/selfsigned
318 silly CHANGE node_modules/scheduler
319 silly REMOVE node_modules/recast
320 silly REMOVE node_modules/recast/node_modules/source-map
321 silly REMOVE node_modules/readline
322 silly REMOVE node_modules/react-native-screens
323 silly REMOVE node_modules/react-native-safe-area-context
324 silly REMOVE node_modules/react-native-edge-to-edge
325 silly CHANGE node_modules/react-native
326 silly REMOVE node_modules/react-native/node_modules/ob1
327 silly REMOVE node_modules/react-native/node_modules/mkdirp
328 silly REMOVE node_modules/react-native/node_modules/metro-symbolicate
329 silly REMOVE node_modules/react-native/node_modules/metro-source-map
330 silly REMOVE node_modules/react-native/node_modules/metro-runtime
331 silly REMOVE node_modules/react-native/node_modules/hermes-parser
332 silly REMOVE node_modules/react-native/node_modules/hermes-estree
333 silly REMOVE node_modules/react-native/node_modules/babel-plugin-syntax-hermes-parser
334 silly REMOVE node_modules/react-native/node_modules/@react-native/normalize-colors
335 silly REMOVE node_modules/react-native/node_modules/@react-native/codegen
336 silly REMOVE node_modules/react-is
337 silly REMOVE node_modules/react-freeze
338 silly CHANGE node_modules/react-devtools-core
339 silly CHANGE node_modules/react
340 silly REMOVE node_modules/query-string
341 silly REMOVE node_modules/pkg-dir
342 silly REMOVE node_modules/pkg-dir/node_modules/path-exists
343 silly REMOVE node_modules/pkg-dir/node_modules/p-locate
344 silly REMOVE node_modules/pkg-dir/node_modules/p-limit
345 silly REMOVE node_modules/pkg-dir/node_modules/locate-path
346 silly REMOVE node_modules/pkg-dir/node_modules/find-up
347 silly REMOVE node_modules/pify
348 silly REMOVE node_modules/parse-json
349 silly REMOVE node_modules/package-json-from-dist
350 silly REMOVE node_modules/npm-run-path
351 silly REMOVE node_modules/node-fetch
352 silly REMOVE node_modules/node-dir
353 silly REMOVE node_modules/node-dir/node_modules/minimatch
354 silly REMOVE node_modules/node-dir/node_modules/brace-expansion
355 silly REMOVE node_modules/neo-async
356 silly REMOVE node_modules/make-dir
357 silly REMOVE node_modules/make-dir/node_modules/semver
358 silly REMOVE node_modules/kind-of
359 silly REMOVE node_modules/json-parse-better-errors
360 silly REMOVE node_modules/jscodeshift
361 silly REMOVE node_modules/jscodeshift/node_modules/write-file-atomic
362 silly REMOVE node_modules/jsc-android
363 silly REMOVE node_modules/jackspeak
364 silly REMOVE node_modules/isobject
365 silly REMOVE node_modules/is-stream
366 silly REMOVE node_modules/is-plain-object
367 silly REMOVE node_modules/is-directory
368 silly REMOVE node_modules/is-arrayish
369 silly REMOVE node_modules/import-fresh
370 silly REMOVE node_modules/import-fresh/node_modules/resolve-from
371 silly REMOVE node_modules/human-signals
372 silly REMOVE node_modules/foreground-child
373 silly REMOVE node_modules/foreground-child/node_modules/signal-exit
374 silly REMOVE node_modules/flow-parser
375 silly REMOVE node_modules/flow-estree
376 silly REMOVE node_modules/find-cache-dir
377 silly REMOVE node_modules/filter-obj
378 silly REMOVE node_modules/fast-deep-equal
379 silly CHANGE node_modules/expo-status-bar
380 silly CHANGE node_modules/expo-location
381 silly CHANGE node_modules/expo-linking
382 silly REMOVE node_modules/expo-linking/node_modules/xmlbuilder
383 silly REMOVE node_modules/expo-linking/node_modules/write-file-atomic
384 silly REMOVE node_modules/expo-linking/node_modules/sucrase
385 silly REMOVE node_modules/expo-linking/node_modules/semver
386 silly REMOVE node_modules/expo-linking/node_modules/path-scurry
387 silly REMOVE node_modules/expo-linking/node_modules/lru-cache
388 silly REMOVE node_modules/expo-linking/node_modules/glob
389 silly REMOVE node_modules/expo-linking/node_modules/getenv
390 silly REMOVE node_modules/expo-linking/node_modules/expo-constants
391 silly REMOVE node_modules/expo-linking/node_modules/commander
392 silly REMOVE node_modules/expo-linking/node_modules/@xmldom/xmldom
393 silly REMOVE node_modules/expo-linking/node_modules/@expo/plist
394 silly REMOVE node_modules/expo-linking/node_modules/@expo/json-file
395 silly REMOVE node_modules/expo-linking/node_modules/@expo/env
396 silly REMOVE node_modules/expo-linking/node_modules/@expo/config-types
397 silly REMOVE node_modules/expo-linking/node_modules/@expo/config-plugins
398 silly REMOVE node_modules/expo-linking/node_modules/@expo/config-plugins/node_modules/@expo/json-file
399 silly REMOVE node_modules/expo-linking/node_modules/@expo/config
400 silly REMOVE node_modules/expo-linking/node_modules/@babel/code-frame
401 silly REMOVE node_modules/execa
402 silly REMOVE node_modules/execa/node_modules/onetime
403 silly REMOVE node_modules/execa/node_modules/mimic-fn
404 silly REMOVE node_modules/execa/node_modules/get-stream
405 silly REMOVE node_modules/error-ex
406 silly REMOVE node_modules/eastasianwidth
407 silly REMOVE node_modules/decode-uri-component
408 silly REMOVE node_modules/cosmiconfig
409 silly REMOVE node_modules/cosmiconfig/node_modules/js-yaml
410 silly REMOVE node_modules/cosmiconfig/node_modules/argparse
411 silly REMOVE node_modules/commondir
412 silly REMOVE node_modules/clone-deep
413 silly REMOVE node_modules/callsites
414 silly REMOVE node_modules/caller-path
415 silly REMOVE node_modules/caller-callsite
416 silly REMOVE node_modules/babel-core
417 silly REMOVE node_modules/ast-types
418 silly CHANGE node_modules/@types/react
419 silly REMOVE node_modules/@types/prop-types
420 silly REMOVE node_modules/@types/node-forge
421 silly REMOVE node_modules/@react-navigation/routers
422 silly REMOVE node_modules/@react-navigation/native-stack
423 silly REMOVE node_modules/@react-navigation/native
424 silly REMOVE node_modules/@react-navigation/elements
425 silly REMOVE node_modules/@react-navigation/core
426 silly CHANGE node_modules/@react-native/virtualized-lists
427 silly REMOVE node_modules/@react-native/metro-babel-transformer
428 silly REMOVE node_modules/@react-native/metro-babel-transformer/node_modules/mkdirp
429 silly REMOVE node_modules/@react-native/metro-babel-transformer/node_modules/minimatch
430 silly REMOVE node_modules/@react-native/metro-babel-transformer/node_modules/hermes-parser
431 silly REMOVE node_modules/@react-native/metro-babel-transformer/node_modules/hermes-estree
432 silly REMOVE node_modules/@react-native/metro-babel-transformer/node_modules/glob
433 silly REMOVE node_modules/@react-native/metro-babel-transformer/node_modules/brace-expansion
434 silly REMOVE node_modules/@react-native/metro-babel-transformer/node_modules/babel-plugin-syntax-hermes-parser
435 silly REMOVE node_modules/@react-native/metro-babel-transformer/node_modules/babel-plugin-syntax-hermes-parser/node_modules/hermes-parser
436 silly REMOVE node_modules/@react-native/metro-babel-transformer/node_modules/babel-plugin-syntax-hermes-parser/node_modules/hermes-estree
437 silly REMOVE node_modules/@react-native/metro-babel-transformer/node_modules/@react-native/codegen
438 silly REMOVE node_modules/@react-native/metro-babel-transformer/node_modules/@react-native/babel-preset
439 silly REMOVE node_modules/@react-native/metro-babel-transformer/node_modules/@react-native/babel-plugin-codegen
440 silly CHANGE node_modules/@react-native/js-polyfills
441 silly CHANGE node_modules/@react-native/gradle-plugin
442 silly CHANGE node_modules/@react-native/community-cli-plugin
443 silly REMOVE node_modules/@react-native/community-cli-plugin/node_modules/ws
444 silly REMOVE node_modules/@react-native/community-cli-plugin/node_modules/ob1
445 silly REMOVE node_modules/@react-native/community-cli-plugin/node_modules/ms
446 silly REMOVE node_modules/@react-native/community-cli-plugin/node_modules/metro-transform-worker
447 silly REMOVE node_modules/@react-native/community-cli-plugin/node_modules/metro-transform-plugins
448 silly REMOVE node_modules/@react-native/community-cli-plugin/node_modules/metro-symbolicate
449 silly REMOVE node_modules/@react-native/community-cli-plugin/node_modules/metro-source-map
450 silly REMOVE node_modules/@react-native/community-cli-plugin/node_modules/metro-runtime
451 silly REMOVE node_modules/@react-native/community-cli-plugin/node_modules/metro-resolver
452 silly REMOVE node_modules/@react-native/community-cli-plugin/node_modules/metro-minify-terser
453 silly REMOVE node_modules/@react-native/community-cli-plugin/node_modules/metro-file-map
454 silly REMOVE node_modules/@react-native/community-cli-plugin/node_modules/metro-core
455 silly REMOVE node_modules/@react-native/community-cli-plugin/node_modules/metro-config
456 silly REMOVE node_modules/@react-native/community-cli-plugin/node_modules/metro-cache-key
457 silly REMOVE node_modules/@react-native/community-cli-plugin/node_modules/metro-cache
458 silly REMOVE node_modules/@react-native/community-cli-plugin/node_modules/metro-babel-transformer
459 silly REMOVE node_modules/@react-native/community-cli-plugin/node_modules/metro
460 silly REMOVE node_modules/@react-native/community-cli-plugin/node_modules/metro/node_modules/ws
461 silly REMOVE node_modules/@react-native/community-cli-plugin/node_modules/hermes-parser
462 silly REMOVE node_modules/@react-native/community-cli-plugin/node_modules/hermes-estree
463 silly REMOVE node_modules/@react-native/community-cli-plugin/node_modules/debug
464 silly REMOVE node_modules/@react-native/community-cli-plugin/node_modules/ci-info
465 silly REMOVE node_modules/@react-native/community-cli-plugin/node_modules/@react-native/dev-middleware
466 silly REMOVE node_modules/@react-native/community-cli-plugin/node_modules/@react-native/debugger-frontend
467 silly CHANGE node_modules/@react-native/assets-registry
468 silly REMOVE node_modules/@pkgjs/parseargs
469 silly REMOVE node_modules/@isaacs/cliui
470 silly REMOVE node_modules/@isaacs/cliui/node_modules/wrap-ansi
471 silly REMOVE node_modules/@isaacs/cliui/node_modules/strip-ansi
472 silly REMOVE node_modules/@isaacs/cliui/node_modules/string-width
473 silly REMOVE node_modules/@isaacs/cliui/node_modules/emoji-regex
474 silly REMOVE node_modules/@isaacs/cliui/node_modules/ansi-styles
475 silly REMOVE node_modules/@isaacs/cliui/node_modules/ansi-regex
476 silly REMOVE node_modules/@babel/register
477 silly REMOVE node_modules/@babel/preset-flow
478 silly REMOVE node_modules/@babel/plugin-proposal-optional-chaining
479 silly REMOVE node_modules/@babel/plugin-proposal-nullish-coalescing-operator
480 silly REMOVE node_modules/@babel/plugin-proposal-class-properties
481 warn allow-scripts 1 package has install scripts not yet covered by allowScripts:
481 warn allow-scripts   fsevents@2.3.3 (install: (install scripts present))
481 warn allow-scripts
481 warn allow-scripts Run `npm approve-scripts --allow-scripts-pending` to review, or `npm approve-scripts <pkg>` to allow.
482 verbose cwd /Users/guilhermesilva/.gemini/antigravity/scratch/SgpTecnicoExpoApp
483 verbose os Darwin 25.2.0
484 verbose node v26.5.0
485 verbose npm  v11.17.0
486 verbose exit 0
487 info ok
