0 verbose cli /opt/homebrew/Cellar/node/26.5.0_1/bin/node /opt/homebrew/bin/npm
1 info using npm@11.17.0
2 info using node@v26.5.0
3 silly config load:file:/opt/homebrew/lib/node_modules/npm/npmrc
4 silly config load:file:/Users/guilhermesilva/.gemini/antigravity/scratch/SgpTecnicoExpoApp/.npmrc
5 silly config load:file:/Users/guilhermesilva/.npmrc
6 silly config load:file:/opt/homebrew/etc/npmrc
7 verbose title npm install
8 verbose argv "install" "--legacy-peer-deps" "--cache" "./tmp-cache"
9 verbose logfile logs-max:10 dir:/Users/guilhermesilva/.gemini/antigravity/scratch/SgpTecnicoExpoApp/tmp-cache/_logs/2026-08-14T18_24_12_122Z-
10 verbose logfile /Users/guilhermesilva/.gemini/antigravity/scratch/SgpTecnicoExpoApp/tmp-cache/_logs/2026-08-14T18_24_12_122Z-debug-0.log
11 silly logfile done cleaning log files
12 silly packumentCache heap:2248146944 maxSize:562036736 maxEntrySize:281018368
13 silly idealTree buildDeps
14 silly fetch manifest expo@~54.0.0
15 silly packumentCache full:https://registry.npmjs.org/expo cache-miss
16 http cache https://registry.npmjs.org/expo 108ms (cache hit)
17 silly packumentCache full:https://registry.npmjs.org/expo set size:4015711 disposed:false
18 silly fetch manifest expo-status-bar@~2.2.0
19 silly packumentCache full:https://registry.npmjs.org/expo-status-bar cache-miss
20 http cache https://registry.npmjs.org/expo-status-bar 4ms (cache hit)
21 silly packumentCache full:https://registry.npmjs.org/expo-status-bar set size:760167 disposed:false
22 silly fetch manifest react@18.3.1
23 silly packumentCache full:https://registry.npmjs.org/react cache-miss
24 http cache https://registry.npmjs.org/react 8ms (cache hit)
25 silly packumentCache full:https://registry.npmjs.org/react set size:6897881 disposed:false
26 silly fetch manifest react-native@0.79.2
27 silly packumentCache full:https://registry.npmjs.org/react-native cache-miss
28 http cache https://registry.npmjs.org/react-native 14ms (cache hit)
29 silly packumentCache full:https://registry.npmjs.org/react-native set size:15659830 disposed:false
30 silly fetch manifest react-native-screens@~4.4.0
31 silly packumentCache full:https://registry.npmjs.org/react-native-screens cache-miss
32 http fetch GET 200 https://registry.npmjs.org/react-native-screens 244ms (cache revalidated)
33 silly packumentCache full:https://registry.npmjs.org/react-native-screens set size:4432987 disposed:false
34 silly fetch manifest react-native-safe-area-context@5.2.0
35 silly packumentCache full:https://registry.npmjs.org/react-native-safe-area-context cache-miss
36 http fetch GET 200 https://registry.npmjs.org/react-native-safe-area-context 58ms (cache revalidated)
37 silly packumentCache full:https://registry.npmjs.org/react-native-safe-area-context set size:677583 disposed:false
38 silly fetch manifest expo-location@~18.0.1
39 silly packumentCache full:https://registry.npmjs.org/expo-location cache-miss
40 http fetch GET 200 https://registry.npmjs.org/expo-location 673ms (cache revalidated)
41 silly packumentCache full:https://registry.npmjs.org/expo-location set size:1071662 disposed:false
42 silly fetch manifest expo-linking@~7.0.3
43 silly packumentCache full:https://registry.npmjs.org/expo-linking cache-miss
44 http fetch GET 200 https://registry.npmjs.org/expo-linking 63ms (cache revalidated)
45 silly packumentCache full:https://registry.npmjs.org/expo-linking set size:862864 disposed:false
46 silly fetch manifest react-native-svg@15.11.2
47 silly packumentCache full:https://registry.npmjs.org/react-native-svg cache-miss
48 http fetch GET 200 https://registry.npmjs.org/react-native-svg 213ms (cache revalidated)
49 silly packumentCache full:https://registry.npmjs.org/react-native-svg set size:793273 disposed:false
50 silly fetch manifest @types/react@~18.3.12
51 silly packumentCache full:https://registry.npmjs.org/@types%2freact cache-miss
52 http cache https://registry.npmjs.org/@types%2freact 8ms (cache hit)
53 silly packumentCache full:https://registry.npmjs.org/@types%2freact set size:2637439 disposed:false
54 silly placeDep ROOT @types/react@18.3.31 REPLACE for: sgp-tecnico-expo@1.0.0 want: ~18.3.12
55 silly placeDep ROOT expo@54.0.36 REPLACE for: sgp-tecnico-expo@1.0.0 want: ~54.0.0
56 silly placeDep ROOT expo-linking@7.0.5 REPLACE for: sgp-tecnico-expo@1.0.0 want: ~7.0.3
57 silly placeDep ROOT expo-location@18.0.10 REPLACE for: sgp-tecnico-expo@1.0.0 want: ~18.0.1
58 silly placeDep ROOT expo-status-bar@2.2.3 REPLACE for: sgp-tecnico-expo@1.0.0 want: ~2.2.0
59 silly placeDep ROOT react@18.3.1 REPLACE for: sgp-tecnico-expo@1.0.0 want: 18.3.1
60 silly placeDep ROOT react-native@0.79.2 REPLACE for: sgp-tecnico-expo@1.0.0 want: 0.79.2
61 silly placeDep ROOT react-native-safe-area-context@5.2.0 REPLACE for: sgp-tecnico-expo@1.0.0 want: 5.2.0
62 silly placeDep ROOT react-native-screens@4.4.0 REPLACE for: sgp-tecnico-expo@1.0.0 want: ~4.4.0
63 silly placeDep ROOT react-native-svg@15.11.2 REPLACE for: sgp-tecnico-expo@1.0.0 want: 15.11.2
64 silly fetch manifest @expo/cli@54.0.26
65 silly packumentCache full:https://registry.npmjs.org/@expo%2fcli cache-miss
66 silly fetch manifest expo-font@~14.0.12
67 silly packumentCache full:https://registry.npmjs.org/expo-font cache-miss
68 silly fetch manifest expo-asset@~12.0.13
69 silly packumentCache full:https://registry.npmjs.org/expo-asset cache-miss
70 silly fetch manifest @expo/metro@~54.2.0
71 silly packumentCache full:https://registry.npmjs.org/@expo%2fmetro cache-miss
72 silly fetch manifest @expo/config@~12.0.14
73 silly packumentCache full:https://registry.npmjs.org/@expo%2fconfig cache-miss
74 silly fetch manifest pretty-format@^29.7.0
75 silly packumentCache full:https://registry.npmjs.org/pretty-format cache-miss
76 silly fetch manifest @expo/devtools@0.1.8
77 silly packumentCache full:https://registry.npmjs.org/@expo%2fdevtools cache-miss
78 http fetch GET 200 https://registry.npmjs.org/expo-font 156ms (cache revalidated)
79 silly packumentCache full:https://registry.npmjs.org/expo-font set size:988126 disposed:false
80 silly fetch manifest expo-constants@~18.0.13
81 silly packumentCache full:https://registry.npmjs.org/expo-constants cache-miss
82 http fetch GET 200 https://registry.npmjs.org/pretty-format 163ms (cache revalidated)
83 silly packumentCache full:https://registry.npmjs.org/pretty-format set size:598313 disposed:false
84 silly fetch manifest expo-keep-awake@~15.0.8
85 silly packumentCache full:https://registry.npmjs.org/expo-keep-awake cache-miss
86 http fetch GET 200 https://registry.npmjs.org/expo-asset 169ms (cache revalidated)
87 silly packumentCache full:https://registry.npmjs.org/expo-asset set size:1161521 disposed:false
88 silly fetch manifest expo-file-system@~19.0.23
89 silly packumentCache full:https://registry.npmjs.org/expo-file-system cache-miss
90 http fetch GET 200 https://registry.npmjs.org/@expo%2fconfig 185ms (cache revalidated)
91 silly packumentCache full:https://registry.npmjs.org/@expo%2fconfig set size:1544333 disposed:false
92 silly fetch manifest @expo/fingerprint@0.15.5
93 silly packumentCache full:https://registry.npmjs.org/@expo%2ffingerprint cache-miss
94 http fetch GET 200 https://registry.npmjs.org/@expo%2fcli 195ms (cache revalidated)
95 silly packumentCache full:https://registry.npmjs.org/@expo%2fcli set size:2924409 disposed:false
96 silly fetch manifest babel-preset-expo@~54.0.12
97 silly packumentCache full:https://registry.npmjs.org/babel-preset-expo cache-miss
98 http fetch GET 200 https://registry.npmjs.org/@expo%2fdevtools 213ms (cache miss)
99 silly packumentCache full:https://registry.npmjs.org/@expo%2fdevtools set size:undefined disposed:false
100 silly fetch manifest expo-modules-core@3.0.30
101 silly packumentCache full:https://registry.npmjs.org/expo-modules-core cache-miss
102 http fetch GET 200 https://registry.npmjs.org/expo-constants 100ms (cache revalidated)
103 silly packumentCache full:https://registry.npmjs.org/expo-constants set size:1185278 disposed:false
104 silly fetch manifest @expo/metro-config@54.0.17
105 silly packumentCache full:https://registry.npmjs.org/@expo%2fmetro-config cache-miss
106 http fetch GET 200 https://registry.npmjs.org/expo-keep-awake 105ms (cache revalidated)
107 silly packumentCache full:https://registry.npmjs.org/expo-keep-awake set size:789818 disposed:false
108 silly fetch manifest @expo/vector-icons@^15.0.3
109 silly packumentCache full:https://registry.npmjs.org/@expo%2fvector-icons cache-miss
110 http fetch GET 200 https://registry.npmjs.org/expo-file-system 102ms (cache revalidated)
111 silly packumentCache full:https://registry.npmjs.org/expo-file-system set size:1169590 disposed:false
112 silly fetch manifest @expo/config-plugins@~54.0.5
113 silly packumentCache full:https://registry.npmjs.org/@expo%2fconfig-plugins cache-miss
114 http fetch GET 200 https://registry.npmjs.org/babel-preset-expo 76ms (cache revalidated)
115 silly packumentCache full:https://registry.npmjs.org/babel-preset-expo set size:1388380 disposed:false
116 silly fetch manifest @ungap/structured-clone@^1.3.0
117 silly packumentCache full:https://registry.npmjs.org/@ungap%2fstructured-clone cache-miss
118 http fetch GET 200 https://registry.npmjs.org/expo-modules-core 74ms (cache revalidated)
119 silly packumentCache full:https://registry.npmjs.org/expo-modules-core set size:1443269 disposed:false
120 silly fetch manifest expo-modules-autolinking@3.0.26
121 silly packumentCache full:https://registry.npmjs.org/expo-modules-autolinking cache-miss
122 http fetch GET 200 https://registry.npmjs.org/@expo%2ffingerprint 142ms (cache miss)
123 silly packumentCache full:https://registry.npmjs.org/@expo%2ffingerprint set size:undefined disposed:false
124 silly fetch manifest expo-constants@~17.0.5
125 silly packumentCache full:https://registry.npmjs.org/expo-constants cache-miss
126 http fetch GET 200 https://registry.npmjs.org/@expo%2fmetro-config 70ms (cache revalidated)
127 silly packumentCache full:https://registry.npmjs.org/@expo%2fmetro-config set size:1664251 disposed:false
128 silly fetch manifest react-native-edge-to-edge@1.6.0
129 silly packumentCache full:https://registry.npmjs.org/react-native-edge-to-edge cache-miss
130 http fetch GET 200 https://registry.npmjs.org/@expo%2fmetro 344ms (cache miss)
131 silly packumentCache full:https://registry.npmjs.org/@expo%2fmetro set size:undefined disposed:false
132 silly fetch manifest react-native-is-edge-to-edge@^1.1.6
133 silly packumentCache full:https://registry.npmjs.org/react-native-is-edge-to-edge cache-miss
134 http cache https://registry.npmjs.org/expo-constants 10ms (cache hit)
135 silly packumentCache full:https://registry.npmjs.org/expo-constants set size:1185278 disposed:false
136 silly fetch manifest glob@^7.1.1
137 silly packumentCache full:https://registry.npmjs.org/glob cache-miss
138 http fetch GET 200 https://registry.npmjs.org/expo-modules-autolinking 62ms (cache revalidated)
139 silly packumentCache full:https://registry.npmjs.org/expo-modules-autolinking set size:1083326 disposed:false
140 silly fetch manifest yargs@^17.6.2
141 silly packumentCache full:https://registry.npmjs.org/yargs cache-miss
142 http fetch GET 200 https://registry.npmjs.org/@expo%2fvector-icons 88ms (cache revalidated)
143 silly packumentCache full:https://registry.npmjs.org/@expo%2fvector-icons set size:222425 disposed:false
144 silly fetch manifest semver@^7.1.3
145 silly packumentCache full:https://registry.npmjs.org/semver cache-miss
146 http fetch GET 200 https://registry.npmjs.org/react-native-is-edge-to-edge 62ms (cache miss)
147 silly packumentCache full:https://registry.npmjs.org/react-native-is-edge-to-edge set size:undefined disposed:false
148 silly fetch manifest commander@^12.0.0
149 silly packumentCache full:https://registry.npmjs.org/commander cache-miss
150 http fetch GET 200 https://registry.npmjs.org/react-native-edge-to-edge 67ms (cache miss)
151 silly packumentCache full:https://registry.npmjs.org/react-native-edge-to-edge set size:undefined disposed:false
152 silly fetch manifest scheduler@0.25.0
153 silly packumentCache full:https://registry.npmjs.org/scheduler cache-miss
154 http fetch GET 200 https://registry.npmjs.org/glob 61ms (cache revalidated)
155 silly packumentCache full:https://registry.npmjs.org/glob set size:469465 disposed:false
156 silly fetch manifest ansi-regex@^5.0.0
157 silly packumentCache full:https://registry.npmjs.org/ansi-regex cache-miss
158 http fetch GET 200 https://registry.npmjs.org/semver 57ms (cache revalidated)
159 silly packumentCache full:https://registry.npmjs.org/semver set size:246069 disposed:false
160 silly fetch manifest babel-jest@^29.7.0
161 silly packumentCache full:https://registry.npmjs.org/babel-jest cache-miss
162 http fetch GET 200 https://registry.npmjs.org/yargs 63ms (cache revalidated)
163 silly packumentCache full:https://registry.npmjs.org/yargs set size:759965 disposed:false
164 silly fetch manifest nullthrows@^1.1.1
165 silly packumentCache full:https://registry.npmjs.org/nullthrows cache-miss
166 http fetch GET 200 https://registry.npmjs.org/commander 58ms (cache revalidated)
167 silly packumentCache full:https://registry.npmjs.org/commander set size:353115 disposed:false
168 silly fetch manifest metro-runtime@^0.82.0
169 silly packumentCache full:https://registry.npmjs.org/metro-runtime cache-miss
170 http fetch GET 200 https://registry.npmjs.org/scheduler 68ms (cache revalidated)
171 silly packumentCache full:https://registry.npmjs.org/scheduler set size:5695246 disposed:false
172 silly fetch manifest metro-source-map@^0.82.0
173 silly packumentCache full:https://registry.npmjs.org/metro-source-map cache-miss
174 http fetch GET 200 https://registry.npmjs.org/ansi-regex 81ms (cache revalidated)
175 silly packumentCache full:https://registry.npmjs.org/ansi-regex set size:48203 disposed:false
176 silly fetch manifest flow-enums-runtime@^0.0.6
177 silly packumentCache full:https://registry.npmjs.org/flow-enums-runtime cache-miss
178 http fetch GET 200 https://registry.npmjs.org/nullthrows 71ms (cache revalidated)
179 silly packumentCache full:https://registry.npmjs.org/nullthrows set size:14885 disposed:false
180 silly fetch manifest react-devtools-core@^6.1.1
181 silly packumentCache full:https://registry.npmjs.org/react-devtools-core cache-miss
182 http fetch GET 200 https://registry.npmjs.org/babel-jest 103ms (cache miss)
183 silly packumentCache full:https://registry.npmjs.org/babel-jest set size:undefined disposed:false
184 silly fetch manifest @react-native/codegen@0.79.2
185 silly packumentCache full:https://registry.npmjs.org/@react-native%2fcodegen cache-miss
186 http fetch GET 200 https://registry.npmjs.org/@expo%2fconfig-plugins 250ms (cache revalidated)
187 silly packumentCache full:https://registry.npmjs.org/@expo%2fconfig-plugins set size:1335803 disposed:false
188 silly fetch manifest @react-native/js-polyfills@0.79.2
189 silly packumentCache full:https://registry.npmjs.org/@react-native%2fjs-polyfills cache-miss
190 http fetch GET 200 https://registry.npmjs.org/metro-runtime 67ms (cache revalidated)
191 silly packumentCache full:https://registry.npmjs.org/metro-runtime set size:224399 disposed:false
192 silly fetch manifest @react-native/gradle-plugin@0.79.2
193 silly packumentCache full:https://registry.npmjs.org/@react-native%2fgradle-plugin cache-miss
194 http fetch GET 200 https://registry.npmjs.org/flow-enums-runtime 127ms (cache revalidated)
195 silly packumentCache full:https://registry.npmjs.org/flow-enums-runtime set size:20749 disposed:false
196 silly fetch manifest @react-native/assets-registry@0.79.2
197 silly packumentCache full:https://registry.npmjs.org/@react-native%2fassets-registry cache-miss
198 http fetch GET 200 https://registry.npmjs.org/metro-source-map 132ms (cache revalidated)
199 silly packumentCache full:https://registry.npmjs.org/metro-source-map set size:431760 disposed:false
200 silly fetch manifest @react-native/normalize-colors@0.79.2
201 silly packumentCache full:https://registry.npmjs.org/@react-native%2fnormalize-colors cache-miss
202 http fetch GET 200 https://registry.npmjs.org/react-devtools-core 130ms (cache revalidated)
203 silly packumentCache full:https://registry.npmjs.org/react-devtools-core set size:459848 disposed:false
204 silly fetch manifest @react-native/virtualized-lists@0.79.2
205 silly packumentCache full:https://registry.npmjs.org/@react-native%2fvirtualized-lists cache-miss
206 http fetch GET 200 https://registry.npmjs.org/@ungap%2fstructured-clone 346ms (cache miss)
207 silly packumentCache full:https://registry.npmjs.org/@ungap%2fstructured-clone set size:undefined disposed:false
208 silly fetch manifest babel-plugin-syntax-hermes-parser@0.25.1
209 silly packumentCache full:https://registry.npmjs.org/babel-plugin-syntax-hermes-parser cache-miss
210 http fetch GET 200 https://registry.npmjs.org/@react-native%2fcodegen 157ms (cache revalidated)
211 silly packumentCache full:https://registry.npmjs.org/@react-native%2fcodegen set size:3061277 disposed:false
212 silly fetch manifest @react-native/community-cli-plugin@0.79.2
213 silly packumentCache full:https://registry.npmjs.org/@react-native%2fcommunity-cli-plugin cache-miss
214 http fetch GET 200 https://registry.npmjs.org/@react-native%2fvirtualized-lists 88ms (cache revalidated)
215 silly packumentCache full:https://registry.npmjs.org/@react-native%2fvirtualized-lists set size:2510852 disposed:false
216 http fetch GET 200 https://registry.npmjs.org/@react-native%2fassets-registry 107ms (cache revalidated)
217 silly packumentCache full:https://registry.npmjs.org/@react-native%2fassets-registry set size:2031156 disposed:false
218 http fetch GET 200 https://registry.npmjs.org/babel-plugin-syntax-hermes-parser 110ms (cache miss)
219 silly packumentCache full:https://registry.npmjs.org/babel-plugin-syntax-hermes-parser set size:undefined disposed:false
220 http fetch GET 200 https://registry.npmjs.org/@react-native%2fcommunity-cli-plugin 102ms (cache revalidated)
221 silly packumentCache full:https://registry.npmjs.org/@react-native%2fcommunity-cli-plugin set size:2702188 disposed:false
222 http fetch GET 200 https://registry.npmjs.org/@react-native%2fjs-polyfills 291ms (cache revalidated)
223 silly packumentCache full:https://registry.npmjs.org/@react-native%2fjs-polyfills set size:2022630 disposed:false
224 http fetch GET 200 https://registry.npmjs.org/@react-native%2fgradle-plugin 333ms (cache revalidated)
225 silly packumentCache full:https://registry.npmjs.org/@react-native%2fgradle-plugin set size:2180020 disposed:false
226 http fetch GET 200 https://registry.npmjs.org/@react-native%2fnormalize-colors 263ms (cache revalidated)
227 silly packumentCache full:https://registry.npmjs.org/@react-native%2fnormalize-colors set size:2034526 disposed:false
228 silly placeDep ROOT @expo/cli@54.0.26 OK for: expo@54.0.36 want: 54.0.26
229 silly placeDep ROOT @expo/config@12.0.14 OK for: expo@54.0.36 want: ~12.0.14
230 silly placeDep ROOT @expo/config-plugins@54.0.5 OK for: expo@54.0.36 want: ~54.0.5
231 silly placeDep ROOT @expo/devtools@0.1.8 OK for: expo@54.0.36 want: 0.1.8
232 silly placeDep ROOT @expo/fingerprint@0.15.5 OK for: expo@54.0.36 want: 0.15.5
233 silly placeDep ROOT @expo/metro@54.2.0 OK for: expo@54.0.36 want: ~54.2.0
234 silly placeDep ROOT @expo/metro-config@54.0.17 OK for: expo@54.0.36 want: 54.0.17
235 silly placeDep ROOT @expo/vector-icons@15.1.1 OK for: expo@54.0.36 want: ^15.0.3
236 silly placeDep ROOT @ungap/structured-clone@1.3.3 OK for: expo@54.0.36 want: ^1.3.0
237 silly placeDep ROOT babel-preset-expo@54.0.12 OK for: expo@54.0.36 want: ~54.0.12
238 silly placeDep ROOT expo-asset@12.0.13 OK for: expo@54.0.36 want: ~12.0.13
239 silly placeDep ROOT expo-constants@18.0.13 OK for: expo@54.0.36 want: ~18.0.13
240 silly placeDep ROOT expo-file-system@19.0.23 OK for: expo@54.0.36 want: ~19.0.23
241 silly placeDep ROOT expo-font@14.0.12 OK for: expo@54.0.36 want: ~14.0.12
242 silly placeDep ROOT expo-keep-awake@15.0.8 OK for: expo@54.0.36 want: ~15.0.8
243 silly placeDep ROOT expo-modules-autolinking@3.0.26 OK for: expo@54.0.36 want: 3.0.26
244 silly placeDep ROOT expo-modules-core@3.0.30 OK for: expo@54.0.36 want: 3.0.30
245 silly placeDep ROOT pretty-format@29.7.0 OK for: expo@54.0.36 want: ^29.7.0
246 silly fetch manifest ws@^8.12.1
247 silly packumentCache full:https://registry.npmjs.org/ws cache-miss
248 silly fetch manifest arg@^5.0.2
249 silly packumentCache full:https://registry.npmjs.org/arg cache-miss
250 silly fetch manifest ora@^3.4.0
251 silly packumentCache full:https://registry.npmjs.org/ora cache-miss
252 silly fetch manifest tar@^7.5.2
253 silly packumentCache full:https://registry.npmjs.org/tar cache-miss
254 silly fetch manifest glob@^13.0.0
255 silly packumentCache full:https://registry.npmjs.org/glob cache-hit
256 silly fetch manifest send@^0.19.0
257 silly packumentCache full:https://registry.npmjs.org/send cache-miss
258 silly fetch manifest getenv@^2.0.0
259 silly packumentCache full:https://registry.npmjs.org/getenv cache-miss
260 silly fetch manifest semver@^7.6.0
261 silly packumentCache full:https://registry.npmjs.org/semver cache-hit
262 silly fetch manifest undici@^6.18.2
263 silly packumentCache full:https://registry.npmjs.org/undici cache-miss
264 http fetch GET 200 https://registry.npmjs.org/arg 61ms (cache revalidated)
265 silly packumentCache full:https://registry.npmjs.org/arg set size:67036 disposed:false
266 silly fetch manifest accepts@^1.3.8
267 silly packumentCache full:https://registry.npmjs.org/accepts cache-miss
268 http fetch GET 200 https://registry.npmjs.org/tar 64ms (cache revalidated)
269 silly packumentCache full:https://registry.npmjs.org/tar set size:591769 disposed:false
270 silly fetch manifest connect@^3.7.0
271 silly packumentCache full:https://registry.npmjs.org/connect cache-miss
272 http fetch GET 200 https://registry.npmjs.org/send 66ms (cache revalidated)
273 silly packumentCache full:https://registry.npmjs.org/send set size:152810 disposed:false
274 silly fetch manifest prompts@^2.3.2
275 silly packumentCache full:https://registry.npmjs.org/prompts cache-miss
276 http fetch GET 200 https://registry.npmjs.org/ws 69ms (cache revalidated)
277 silly packumentCache full:https://registry.npmjs.org/ws set size:447661 disposed:false
278 silly fetch manifest slugify@^1.3.4
279 silly packumentCache full:https://registry.npmjs.org/slugify cache-miss
280 http fetch GET 200 https://registry.npmjs.org/getenv 71ms (cache revalidated)
281 silly packumentCache full:https://registry.npmjs.org/getenv set size:20110 disposed:false
282 silly fetch manifest progress@^2.0.3
283 silly packumentCache full:https://registry.npmjs.org/progress cache-miss
284 http fetch GET 200 https://registry.npmjs.org/ora 75ms (cache revalidated)
285 silly packumentCache full:https://registry.npmjs.org/ora set size:147148 disposed:false
286 silly fetch manifest requireg@^0.2.2
287 silly packumentCache full:https://registry.npmjs.org/requireg cache-miss
288 http fetch GET 200 https://registry.npmjs.org/undici 102ms (cache miss)
289 silly packumentCache full:https://registry.npmjs.org/undici set size:undefined disposed:false
290 silly fetch manifest @expo/env@~2.0.12
291 silly packumentCache full:https://registry.npmjs.org/@expo%2fenv cache-miss
292 http fetch GET 200 https://registry.npmjs.org/accepts 71ms (cache revalidated)
293 silly packumentCache full:https://registry.npmjs.org/accepts set size:77054 disposed:false
294 silly fetch manifest minimatch@^9.0.0
295 silly packumentCache full:https://registry.npmjs.org/minimatch cache-miss
296 http fetch GET 200 https://registry.npmjs.org/slugify 65ms (cache revalidated)
297 silly packumentCache full:https://registry.npmjs.org/slugify set size:103522 disposed:false
298 silly fetch manifest picomatch@^4.0.3
299 silly packumentCache full:https://registry.npmjs.org/picomatch cache-miss
300 http fetch GET 200 https://registry.npmjs.org/connect 71ms (cache revalidated)
301 silly packumentCache full:https://registry.npmjs.org/connect set size:438385 disposed:false
302 silly fetch manifest wrap-ansi@^7.0.0
303 silly packumentCache full:https://registry.npmjs.org/wrap-ansi cache-miss
304 http fetch GET 200 https://registry.npmjs.org/progress 70ms (cache revalidated)
305 silly packumentCache full:https://registry.npmjs.org/progress set size:34179 disposed:false
306 silly fetch manifest @urql/core@^5.0.6
307 silly packumentCache full:https://registry.npmjs.org/@urql%2fcore cache-miss
308 http fetch GET 200 https://registry.npmjs.org/requireg 67ms (cache revalidated)
309 silly packumentCache full:https://registry.npmjs.org/requireg set size:25788 disposed:false
310 silly fetch manifest better-opn@~3.0.2
311 silly packumentCache full:https://registry.npmjs.org/better-opn cache-miss
312 http fetch GET 200 https://registry.npmjs.org/prompts 74ms (cache revalidated)
313 silly packumentCache full:https://registry.npmjs.org/prompts set size:115896 disposed:false
314 silly fetch manifest env-editor@^0.4.1
315 silly packumentCache full:https://registry.npmjs.org/env-editor cache-miss
316 http fetch GET 200 https://registry.npmjs.org/minimatch 103ms (cache revalidated)
317 silly packumentCache full:https://registry.npmjs.org/minimatch set size:377924 disposed:false
318 silly fetch manifest node-forge@^1.3.3
319 silly packumentCache full:https://registry.npmjs.org/node-forge cache-miss
320 http fetch GET 200 https://registry.npmjs.org/@expo%2fenv 130ms (cache revalidated)
321 silly packumentCache full:https://registry.npmjs.org/@expo%2fenv set size:608611 disposed:false
322 silly fetch manifest @expo/plist@^0.4.9
323 silly packumentCache full:https://registry.npmjs.org/@expo%2fplist cache-miss
324 http fetch GET 200 https://registry.npmjs.org/picomatch 152ms (cache revalidated)
325 silly packumentCache full:https://registry.npmjs.org/picomatch set size:128942 disposed:false
326 silly fetch manifest compression@^1.7.4
327 silly packumentCache full:https://registry.npmjs.org/compression cache-miss
328 http fetch GET 200 https://registry.npmjs.org/better-opn 151ms (cache revalidated)
329 silly packumentCache full:https://registry.npmjs.org/better-opn set size:48876 disposed:false
330 silly fetch manifest expo-server@^1.0.7
331 silly packumentCache full:https://registry.npmjs.org/expo-server cache-miss
332 http fetch GET 200 https://registry.npmjs.org/wrap-ansi 155ms (cache revalidated)
333 silly packumentCache full:https://registry.npmjs.org/wrap-ansi set size:55299 disposed:false
334 silly fetch manifest lan-network@^0.2.1
335 silly packumentCache full:https://registry.npmjs.org/lan-network cache-miss
336 http fetch GET 200 https://registry.npmjs.org/env-editor 153ms (cache revalidated)
337 silly packumentCache full:https://registry.npmjs.org/env-editor set size:31241 disposed:false
338 silly fetch manifest pretty-bytes@^5.6.0
339 silly packumentCache full:https://registry.npmjs.org/pretty-bytes cache-miss
340 http fetch GET 200 https://registry.npmjs.org/node-forge 67ms (cache revalidated)
341 silly packumentCache full:https://registry.npmjs.org/node-forge set size:394631 disposed:false
342 silly fetch manifest resolve-from@^5.0.0
343 silly packumentCache full:https://registry.npmjs.org/resolve-from cache-miss
344 http fetch GET 200 https://registry.npmjs.org/@urql%2fcore 168ms (cache revalidated)
345 silly packumentCache full:https://registry.npmjs.org/@urql%2fcore set size:1257806 disposed:false
346 silly fetch manifest @expo/devcert@^1.2.1
347 silly packumentCache full:https://registry.npmjs.org/@expo%2fdevcert cache-miss
348 http fetch GET 200 https://registry.npmjs.org/@expo%2fplist 77ms (cache revalidated)
349 silly packumentCache full:https://registry.npmjs.org/@expo%2fplist set size:588971 disposed:false
350 silly fetch manifest bplist-parser@^0.3.1
351 silly packumentCache full:https://registry.npmjs.org/bplist-parser cache-miss
352 http fetch GET 200 https://registry.npmjs.org/pretty-bytes 60ms (cache revalidated)
353 silly packumentCache full:https://registry.npmjs.org/pretty-bytes set size:66417 disposed:false
354 silly fetch manifest terminal-link@^2.1.1
355 silly packumentCache full:https://registry.npmjs.org/terminal-link cache-miss
356 http fetch GET 200 https://registry.npmjs.org/compression 67ms (cache revalidated)
357 silly packumentCache full:https://registry.npmjs.org/compression set size:98424 disposed:false
358 silly fetch manifest @expo/xcpretty@^4.3.0
359 silly packumentCache full:https://registry.npmjs.org/@expo%2fxcpretty cache-miss
360 http fetch GET 200 https://registry.npmjs.org/lan-network 64ms (cache miss)
361 silly packumentCache full:https://registry.npmjs.org/lan-network set size:undefined disposed:false
362 silly fetch manifest bplist-creator@0.1.0
363 silly packumentCache full:https://registry.npmjs.org/bplist-creator cache-miss
364 http fetch GET 200 https://registry.npmjs.org/expo-server 70ms (cache miss)
365 silly packumentCache full:https://registry.npmjs.org/expo-server set size:undefined disposed:false
366 silly fetch manifest freeport-async@^2.0.0
367 silly packumentCache full:https://registry.npmjs.org/freeport-async cache-miss
368 http fetch GET 200 https://registry.npmjs.org/resolve-from 61ms (cache revalidated)
369 silly packumentCache full:https://registry.npmjs.org/resolve-from set size:12911 disposed:false
370 silly fetch manifest @expo/json-file@^10.0.16
371 silly packumentCache full:https://registry.npmjs.org/@expo%2fjson-file cache-miss
372 http fetch GET 200 https://registry.npmjs.org/bplist-parser 64ms (cache revalidated)
373 silly packumentCache full:https://registry.npmjs.org/bplist-parser set size:21877 disposed:false
374 silly fetch manifest @expo/osascript@^2.3.8
375 silly packumentCache full:https://registry.npmjs.org/@expo%2fosascript cache-miss
376 http fetch GET 200 https://registry.npmjs.org/@expo%2fdevcert 80ms (cache revalidated)
377 silly packumentCache full:https://registry.npmjs.org/@expo%2fdevcert set size:37744 disposed:false
378 silly fetch manifest @expo/ws-tunnel@^1.0.1
379 silly packumentCache full:https://registry.npmjs.org/@expo%2fws-tunnel cache-miss
380 http fetch GET 200 https://registry.npmjs.org/bplist-creator 61ms (cache revalidated)
381 silly packumentCache full:https://registry.npmjs.org/bplist-creator set size:18748 disposed:false
382 silly fetch manifest npm-package-arg@^11.0.0
383 silly packumentCache full:https://registry.npmjs.org/npm-package-arg cache-miss
384 http fetch GET 200 https://registry.npmjs.org/freeport-async 57ms (cache revalidated)
385 silly packumentCache full:https://registry.npmjs.org/freeport-async set size:10241 disposed:false
386 silly fetch manifest qrcode-terminal@0.11.0
387 silly packumentCache full:https://registry.npmjs.org/qrcode-terminal cache-miss
388 http fetch GET 200 https://registry.npmjs.org/terminal-link 66ms (cache revalidated)
389 silly packumentCache full:https://registry.npmjs.org/terminal-link set size:26728 disposed:false
390 silly fetch manifest resolve.exports@^2.0.3
391 silly packumentCache full:https://registry.npmjs.org/resolve.exports cache-miss
392 http fetch GET 200 https://registry.npmjs.org/@expo%2fxcpretty 72ms (cache revalidated)
393 silly packumentCache full:https://registry.npmjs.org/@expo%2fxcpretty set size:123743 disposed:false
394 silly fetch manifest @expo/image-utils@^0.8.8
395 silly packumentCache full:https://registry.npmjs.org/@expo%2fimage-utils cache-miss
396 http fetch GET 200 https://registry.npmjs.org/@expo%2fjson-file 67ms (cache revalidated)
397 silly packumentCache full:https://registry.npmjs.org/@expo%2fjson-file set size:795254 disposed:false
398 silly fetch manifest @expo/spawn-async@^1.7.2
399 silly packumentCache full:https://registry.npmjs.org/@expo%2fspawn-async cache-miss
400 http fetch GET 200 https://registry.npmjs.org/@expo%2fosascript 69ms (cache revalidated)
401 silly packumentCache full:https://registry.npmjs.org/@expo%2fosascript set size:676094 disposed:false
402 silly fetch manifest @expo/metro-config@~54.0.17
403 silly packumentCache full:https://registry.npmjs.org/@expo%2fmetro-config cache-miss
404 http cache https://registry.npmjs.org/@expo%2fmetro-config 2ms (cache hit)
405 silly packumentCache full:https://registry.npmjs.org/@expo%2fmetro-config set size:1664251 disposed:false
406 silly fetch manifest @expo/schema-utils@^0.1.9
407 silly packumentCache full:https://registry.npmjs.org/@expo%2fschema-utils cache-miss
408 http fetch GET 200 https://registry.npmjs.org/@expo%2fws-tunnel 70ms (cache miss)
409 silly packumentCache full:https://registry.npmjs.org/@expo%2fws-tunnel set size:undefined disposed:false
410 silly fetch manifest source-map-support@~0.5.21
411 silly packumentCache full:https://registry.npmjs.org/source-map-support cache-miss
412 http fetch GET 200 https://registry.npmjs.org/npm-package-arg 60ms (cache revalidated)
413 silly packumentCache full:https://registry.npmjs.org/npm-package-arg set size:133884 disposed:false
414 silly fetch manifest structured-headers@^0.4.1
415 silly packumentCache full:https://registry.npmjs.org/structured-headers cache-miss
416 http fetch GET 200 https://registry.npmjs.org/qrcode-terminal 59ms (cache revalidated)
417 silly packumentCache full:https://registry.npmjs.org/qrcode-terminal set size:29799 disposed:false
418 silly fetch manifest @0no-co/graphql.web@^1.0.8
419 silly packumentCache full:https://registry.npmjs.org/@0no-co%2fgraphql.web cache-miss
420 http fetch GET 200 https://registry.npmjs.org/resolve.exports 61ms (cache revalidated)
421 silly packumentCache full:https://registry.npmjs.org/resolve.exports set size:49558 disposed:false
422 silly fetch manifest require-from-string@^2.0.2
423 silly packumentCache full:https://registry.npmjs.org/require-from-string cache-miss
424 http fetch GET 200 https://registry.npmjs.org/@expo%2fimage-utils 68ms (cache revalidated)
425 silly packumentCache full:https://registry.npmjs.org/@expo%2fimage-utils set size:849222 disposed:false
426 silly fetch manifest @urql/exchange-retry@^1.3.0
427 silly packumentCache full:https://registry.npmjs.org/@urql%2fexchange-retry cache-miss
428 http fetch GET 200 https://registry.npmjs.org/@expo%2fspawn-async 68ms (cache revalidated)
429 silly packumentCache full:https://registry.npmjs.org/@expo%2fspawn-async set size:41309 disposed:false
430 silly fetch manifest @expo/package-manager@^1.9.10
431 silly packumentCache full:https://registry.npmjs.org/@expo%2fpackage-manager cache-miss
432 http fetch GET 200 https://registry.npmjs.org/source-map-support 57ms (cache revalidated)
433 silly packumentCache full:https://registry.npmjs.org/source-map-support set size:125488 disposed:false
434 silly fetch manifest @expo/prebuild-config@^54.0.9
435 silly packumentCache full:https://registry.npmjs.org/@expo%2fprebuild-config cache-miss
436 http fetch GET 200 https://registry.npmjs.org/structured-headers 61ms (cache revalidated)
437 silly packumentCache full:https://registry.npmjs.org/structured-headers set size:40194 disposed:false
438 silly fetch manifest @react-native/dev-middleware@0.81.5
439 silly packumentCache full:https://registry.npmjs.org/@react-native%2fdev-middleware cache-miss
440 http fetch GET 200 https://registry.npmjs.org/require-from-string 62ms (cache revalidated)
441 silly packumentCache full:https://registry.npmjs.org/require-from-string set size:15128 disposed:false
442 silly fetch manifest @expo/code-signing-certificates@^0.0.6
443 silly packumentCache full:https://registry.npmjs.org/@expo%2fcode-signing-certificates cache-miss
444 http fetch GET 200 https://registry.npmjs.org/@0no-co%2fgraphql.web 81ms (cache miss)
445 silly packumentCache full:https://registry.npmjs.org/@0no-co%2fgraphql.web set size:undefined disposed:false
446 silly fetch manifest sucrase@~3.35.1
447 silly packumentCache full:https://registry.npmjs.org/sucrase cache-miss
448 http fetch GET 200 https://registry.npmjs.org/@expo%2fprebuild-config 70ms (cache revalidated)
449 silly packumentCache full:https://registry.npmjs.org/@expo%2fprebuild-config set size:1267420 disposed:false
450 silly fetch manifest deepmerge@^4.3.1
451 silly packumentCache full:https://registry.npmjs.org/deepmerge cache-miss
452 http fetch GET 200 https://registry.npmjs.org/@expo%2fcode-signing-certificates 65ms (cache revalidated)
453 silly packumentCache full:https://registry.npmjs.org/@expo%2fcode-signing-certificates set size:29590 disposed:false
454 silly fetch manifest @babel/code-frame@~7.10.4
455 silly packumentCache full:https://registry.npmjs.org/@babel%2fcode-frame cache-miss
456 http fetch GET 200 https://registry.npmjs.org/@react-native%2fdev-middleware 71ms (cache revalidated)
457 silly packumentCache full:https://registry.npmjs.org/@react-native%2fdev-middleware set size:2608281 disposed:false
458 silly fetch manifest @expo/config-types@^54.0.10
459 silly packumentCache full:https://registry.npmjs.org/@expo%2fconfig-types cache-miss
460 http fetch GET 200 https://registry.npmjs.org/sucrase 63ms (cache revalidated)
461 silly packumentCache full:https://registry.npmjs.org/sucrase set size:449399 disposed:false
462 silly fetch manifest resolve-workspace-root@^2.0.0
463 silly packumentCache full:https://registry.npmjs.org/resolve-workspace-root cache-miss
464 http fetch GET 200 https://registry.npmjs.org/deepmerge 58ms (cache revalidated)
465 silly packumentCache full:https://registry.npmjs.org/deepmerge set size:101897 disposed:false
466 silly fetch manifest xcode@^3.0.1
467 silly packumentCache full:https://registry.npmjs.org/xcode cache-miss
468 http fetch GET 200 https://registry.npmjs.org/resolve-workspace-root 134ms (cache revalidated)
469 silly packumentCache full:https://registry.npmjs.org/resolve-workspace-root set size:11680 disposed:false
470 silly fetch manifest semver@^7.5.4
471 silly packumentCache full:https://registry.npmjs.org/semver cache-hit
472 silly fetch manifest xml2js@0.6.0
473 silly packumentCache full:https://registry.npmjs.org/xml2js cache-miss
474 http fetch GET 200 https://registry.npmjs.org/@babel%2fcode-frame 153ms (cache revalidated)
475 silly packumentCache full:https://registry.npmjs.org/@babel%2fcode-frame set size:206617 disposed:false
476 silly fetch manifest slugify@^1.6.6
477 silly packumentCache full:https://registry.npmjs.org/slugify cache-hit
478 silly fetch manifest @expo/json-file@~10.0.16
479 silly packumentCache full:https://registry.npmjs.org/@expo%2fjson-file cache-hit
480 silly fetch manifest @expo/config-types@^54.0.10
481 silly packumentCache full:https://registry.npmjs.org/@expo%2fconfig-types cache-miss
482 http fetch GET 200 https://registry.npmjs.org/@urql%2fexchange-retry 267ms (cache revalidated)
483 silly packumentCache full:https://registry.npmjs.org/@urql%2fexchange-retry set size:292772 disposed:false
484 silly fetch manifest @expo/sdk-runtime-versions@^1.0.0
485 silly packumentCache full:https://registry.npmjs.org/@expo%2fsdk-runtime-versions cache-miss
486 http fetch GET 200 https://registry.npmjs.org/@expo%2fpackage-manager 266ms (cache revalidated)
487 silly packumentCache full:https://registry.npmjs.org/@expo%2fpackage-manager set size:908261 disposed:false
488 silly fetch manifest ignore@^5.3.1
489 silly packumentCache full:https://registry.npmjs.org/ignore cache-miss
490 http fetch GET 200 https://registry.npmjs.org/@expo%2fconfig-types 154ms (cache revalidated)
491 silly packumentCache full:https://registry.npmjs.org/@expo%2fconfig-types set size:826198 disposed:false
492 silly fetch manifest p-limit@^3.1.0
493 silly packumentCache full:https://registry.npmjs.org/p-limit cache-miss
494 http fetch GET 200 https://registry.npmjs.org/xcode 128ms (cache revalidated)
495 silly packumentCache full:https://registry.npmjs.org/xcode set size:5234429 disposed:false
496 silly fetch manifest minimatch@^10.2.2
497 silly packumentCache full:https://registry.npmjs.org/minimatch cache-hit
498 silly fetch manifest metro@0.83.3
499 silly packumentCache full:https://registry.npmjs.org/metro cache-miss
500 http cache https://registry.npmjs.org/@expo%2fconfig-types 48ms (cache hit)
501 silly packumentCache full:https://registry.npmjs.org/@expo%2fconfig-types set size:826198 disposed:false
502 silly packumentCache full:https://registry.npmjs.org/@expo%2fconfig-types dispose
503 silly fetch manifest metro-core@0.83.3
504 silly packumentCache full:https://registry.npmjs.org/metro-core cache-miss
505 http fetch GET 200 https://registry.npmjs.org/@expo%2fschema-utils 356ms (cache miss)
506 silly packumentCache full:https://registry.npmjs.org/@expo%2fschema-utils set size:undefined disposed:false
507 silly fetch manifest metro-cache@0.83.3
508 silly packumentCache full:https://registry.npmjs.org/metro-cache cache-miss
509 http fetch GET 200 https://registry.npmjs.org/xml2js 106ms (cache revalidated)
510 silly packumentCache full:https://registry.npmjs.org/xml2js set size:198018 disposed:false
511 silly fetch manifest metro-config@0.83.3
512 silly packumentCache full:https://registry.npmjs.org/metro-config cache-miss
513 http fetch GET 200 https://registry.npmjs.org/ignore 97ms (cache revalidated)
514 silly packumentCache full:https://registry.npmjs.org/ignore set size:240910 disposed:false
515 silly fetch manifest metro-runtime@0.83.3
516 silly packumentCache full:https://registry.npmjs.org/metro-runtime cache-hit
517 silly fetch manifest metro-file-map@0.83.3
518 silly packumentCache full:https://registry.npmjs.org/metro-file-map cache-miss
519 http fetch GET 200 https://registry.npmjs.org/p-limit 94ms (cache revalidated)
520 silly packumentCache full:https://registry.npmjs.org/p-limit set size:63850 disposed:false
521 silly fetch manifest metro-resolver@0.83.3
522 silly packumentCache full:https://registry.npmjs.org/metro-resolver cache-miss
523 http fetch GET 200 https://registry.npmjs.org/metro-core 60ms (cache revalidated)
524 silly packumentCache full:https://registry.npmjs.org/metro-core set size:395979 disposed:false
525 silly fetch manifest metro-cache-key@0.83.3
526 silly packumentCache full:https://registry.npmjs.org/metro-cache-key cache-miss
527 http fetch GET 200 https://registry.npmjs.org/metro-cache 60ms (cache revalidated)
528 silly packumentCache full:https://registry.npmjs.org/metro-cache set size:376710 disposed:false
529 silly fetch manifest metro-source-map@0.83.3
530 silly packumentCache full:https://registry.npmjs.org/metro-source-map cache-hit
531 silly fetch manifest metro-symbolicate@0.83.3
532 silly packumentCache full:https://registry.npmjs.org/metro-symbolicate cache-miss
533 http fetch GET 200 https://registry.npmjs.org/@expo%2fsdk-runtime-versions 113ms (cache revalidated)
534 silly packumentCache full:https://registry.npmjs.org/@expo%2fsdk-runtime-versions set size:4876 disposed:false
535 silly fetch manifest metro-minify-terser@0.83.3
536 silly packumentCache full:https://registry.npmjs.org/metro-minify-terser cache-miss
537 http fetch GET 200 https://registry.npmjs.org/metro-config 59ms (cache revalidated)
538 silly packumentCache full:https://registry.npmjs.org/metro-config set size:337662 disposed:false
539 silly fetch manifest metro-transform-worker@0.83.3
540 silly packumentCache full:https://registry.npmjs.org/metro-transform-worker cache-miss
541 http fetch GET 200 https://registry.npmjs.org/metro-file-map 59ms (cache revalidated)
542 silly packumentCache full:https://registry.npmjs.org/metro-file-map set size:195293 disposed:false
543 silly fetch manifest metro-babel-transformer@0.83.3
544 silly packumentCache full:https://registry.npmjs.org/metro-babel-transformer cache-miss
545 http fetch GET 200 https://registry.npmjs.org/metro-resolver 59ms (cache revalidated)
546 silly packumentCache full:https://registry.npmjs.org/metro-resolver set size:365046 disposed:false
547 silly fetch manifest metro-transform-plugins@0.83.3
548 silly packumentCache full:https://registry.npmjs.org/metro-transform-plugins cache-miss
549 http fetch GET 200 https://registry.npmjs.org/metro-cache-key 59ms (cache revalidated)
550 silly packumentCache full:https://registry.npmjs.org/metro-cache-key set size:206329 disposed:false
551 silly fetch manifest dotenv@~16.4.5
552 silly packumentCache full:https://registry.npmjs.org/dotenv cache-miss
553 http fetch GET 200 https://registry.npmjs.org/metro-symbolicate 58ms (cache revalidated)
554 silly packumentCache full:https://registry.npmjs.org/metro-symbolicate set size:266199 disposed:false
555 silly fetch manifest postcss@~8.4.32
556 silly packumentCache full:https://registry.npmjs.org/postcss cache-miss
557 http fetch GET 200 https://registry.npmjs.org/metro-minify-terser 61ms (cache revalidated)
558 silly packumentCache full:https://registry.npmjs.org/metro-minify-terser set size:273237 disposed:false
559 silly fetch manifest jsc-safe-url@^0.2.4
560 silly packumentCache full:https://registry.npmjs.org/jsc-safe-url cache-miss
561 http fetch GET 200 https://registry.npmjs.org/metro-transform-worker 65ms (cache revalidated)
562 silly packumentCache full:https://registry.npmjs.org/metro-transform-worker set size:262451 disposed:false
563 silly fetch manifest lightningcss@^1.30.1
564 silly packumentCache full:https://registry.npmjs.org/lightningcss cache-miss
565 http fetch GET 200 https://registry.npmjs.org/metro-babel-transformer 65ms (cache revalidated)
566 silly packumentCache full:https://registry.npmjs.org/metro-babel-transformer set size:263987 disposed:false
567 silly fetch manifest dotenv-expand@~11.0.6
568 silly packumentCache full:https://registry.npmjs.org/dotenv-expand cache-miss
569 http fetch GET 200 https://registry.npmjs.org/metro-transform-plugins 66ms (cache revalidated)
570 silly packumentCache full:https://registry.npmjs.org/metro-transform-plugins set size:253865 disposed:false
571 silly fetch manifest hermes-parser@^0.29.1
572 silly packumentCache full:https://registry.npmjs.org/hermes-parser cache-miss
573 http fetch GET 200 https://registry.npmjs.org/postcss 64ms (cache revalidated)
574 silly packumentCache full:https://registry.npmjs.org/postcss set size:760024 disposed:false
575 silly fetch manifest @babel/preset-react@^7.22.15
576 silly packumentCache full:https://registry.npmjs.org/@babel%2fpreset-react cache-miss
577 http fetch GET 200 https://registry.npmjs.org/jsc-safe-url 67ms (cache revalidated)
578 silly packumentCache full:https://registry.npmjs.org/jsc-safe-url set size:13143 disposed:false
579 silly fetch manifest @babel/preset-typescript@^7.23.0
580 silly packumentCache full:https://registry.npmjs.org/@babel%2fpreset-typescript cache-miss
581 http fetch GET 200 https://registry.npmjs.org/dotenv 72ms (cache revalidated)
582 silly packumentCache full:https://registry.npmjs.org/dotenv set size:277802 disposed:false
583 silly fetch manifest @react-native/babel-preset@0.81.5
584 silly packumentCache full:https://registry.npmjs.org/@react-native%2fbabel-preset cache-miss
585 http fetch GET 200 https://registry.npmjs.org/lightningcss 67ms (cache revalidated)
586 silly packumentCache full:https://registry.npmjs.org/lightningcss set size:191065 disposed:false
587 silly fetch manifest babel-plugin-react-compiler@^1.0.0
588 silly packumentCache full:https://registry.npmjs.org/babel-plugin-react-compiler cache-miss
589 http fetch GET 200 https://registry.npmjs.org/metro 261ms (cache revalidated)
590 silly packumentCache full:https://registry.npmjs.org/metro set size:736076 disposed:false
591 silly fetch manifest babel-plugin-react-native-web@~0.21.0
592 silly packumentCache full:https://registry.npmjs.org/babel-plugin-react-native-web cache-miss
593 http fetch GET 200 https://registry.npmjs.org/hermes-parser 72ms (cache revalidated)
594 silly packumentCache full:https://registry.npmjs.org/hermes-parser set size:172593 disposed:false
595 silly fetch manifest @babel/plugin-transform-runtime@^7.24.7
596 silly packumentCache full:https://registry.npmjs.org/@babel%2fplugin-transform-runtime cache-miss
597 http fetch GET 200 https://registry.npmjs.org/dotenv-expand 75ms (cache revalidated)
598 silly packumentCache full:https://registry.npmjs.org/dotenv-expand set size:73831 disposed:false
599 silly fetch manifest @babel/plugin-proposal-decorators@^7.12.9
600 silly packumentCache full:https://registry.npmjs.org/@babel%2fplugin-proposal-decorators cache-miss
601 http fetch GET 200 https://registry.npmjs.org/@babel%2fpreset-typescript 68ms (cache revalidated)
602 silly packumentCache full:https://registry.npmjs.org/@babel%2fpreset-typescript set size:271383 disposed:false
603 silly fetch manifest babel-plugin-syntax-hermes-parser@^0.29.1
604 silly packumentCache full:https://registry.npmjs.org/babel-plugin-syntax-hermes-parser cache-miss
605 http cache https://registry.npmjs.org/babel-plugin-syntax-hermes-parser 2ms (cache hit)
606 silly packumentCache full:https://registry.npmjs.org/babel-plugin-syntax-hermes-parser set size:108082 disposed:false
607 silly fetch manifest babel-plugin-transform-flow-enums@^0.0.2
608 silly packumentCache full:https://registry.npmjs.org/babel-plugin-transform-flow-enums cache-miss
609 http fetch GET 200 https://registry.npmjs.org/@react-native%2fbabel-preset 75ms (cache revalidated)
610 silly packumentCache full:https://registry.npmjs.org/@react-native%2fbabel-preset set size:4487561 disposed:false
611 silly fetch manifest @babel/plugin-syntax-export-default-from@^7.24.7
612 silly packumentCache full:https://registry.npmjs.org/@babel%2fplugin-syntax-export-default-from cache-miss
613 http fetch GET 200 https://registry.npmjs.org/babel-plugin-react-compiler 67ms (cache revalidated)
614 silly packumentCache full:https://registry.npmjs.org/babel-plugin-react-compiler set size:1356999 disposed:false
615 silly fetch manifest @babel/plugin-transform-flow-strip-types@^7.25.2
616 silly packumentCache full:https://registry.npmjs.org/@babel%2fplugin-transform-flow-strip-types cache-miss
617 http fetch GET 200 https://registry.npmjs.org/babel-plugin-react-native-web 66ms (cache revalidated)
618 silly packumentCache full:https://registry.npmjs.org/babel-plugin-react-native-web set size:325655 disposed:false
619 silly fetch manifest @babel/plugin-proposal-export-default-from@^7.24.7
620 silly packumentCache full:https://registry.npmjs.org/@babel%2fplugin-proposal-export-default-from cache-miss
621 http fetch GET 200 https://registry.npmjs.org/@babel%2fplugin-transform-runtime 67ms (cache revalidated)
622 silly packumentCache full:https://registry.npmjs.org/@babel%2fplugin-transform-runtime set size:468058 disposed:false
623 silly fetch manifest @expo/env@~2.0.8
624 silly packumentCache full:https://registry.npmjs.org/@expo%2fenv cache-hit
625 silly fetch manifest fontfaceobserver@^2.1.0
626 silly packumentCache full:https://registry.npmjs.org/fontfaceobserver cache-miss
627 http fetch GET 200 https://registry.npmjs.org/@babel%2fplugin-proposal-decorators 69ms (cache revalidated)
628 silly packumentCache full:https://registry.npmjs.org/@babel%2fplugin-proposal-decorators set size:387831 disposed:false
629 silly fetch manifest commander@^7.2.0
630 silly packumentCache full:https://registry.npmjs.org/commander cache-hit
631 silly fetch manifest react-is@^18.0.0
632 silly packumentCache full:https://registry.npmjs.org/react-is cache-miss
633 http fetch GET 200 https://registry.npmjs.org/babel-plugin-transform-flow-enums 80ms (cache revalidated)
634 silly packumentCache full:https://registry.npmjs.org/babel-plugin-transform-flow-enums set size:8046 disposed:false
635 silly fetch manifest ansi-styles@^5.0.0
636 silly packumentCache full:https://registry.npmjs.org/ansi-styles cache-miss
637 http fetch GET 200 https://registry.npmjs.org/@babel%2fplugin-syntax-export-default-from 66ms (cache revalidated)
638 silly packumentCache full:https://registry.npmjs.org/@babel%2fplugin-syntax-export-default-from set size:195220 disposed:false
639 http fetch GET 200 https://registry.npmjs.org/@babel%2fplugin-transform-flow-strip-types 145ms (cache revalidated)
640 silly packumentCache full:https://registry.npmjs.org/@babel%2fplugin-transform-flow-strip-types set size:254815 disposed:false
641 http fetch GET 200 https://registry.npmjs.org/fontfaceobserver 141ms (cache revalidated)
642 silly packumentCache full:https://registry.npmjs.org/fontfaceobserver set size:113480 disposed:false
643 http fetch GET 200 https://registry.npmjs.org/@babel%2fpreset-react 276ms (cache revalidated)
644 silly packumentCache full:https://registry.npmjs.org/@babel%2fpreset-react set size:264697 disposed:false
645 http fetch GET 200 https://registry.npmjs.org/@babel%2fplugin-proposal-export-default-from 150ms (cache revalidated)
646 silly packumentCache full:https://registry.npmjs.org/@babel%2fplugin-proposal-export-default-from set size:217537 disposed:false
647 http fetch GET 200 https://registry.npmjs.org/ansi-styles 128ms (cache revalidated)
648 silly packumentCache full:https://registry.npmjs.org/ansi-styles set size:71772 disposed:false
649 http fetch GET 200 https://registry.npmjs.org/react-is 151ms (cache revalidated)
650 silly packumentCache full:https://registry.npmjs.org/react-is set size:5581794 disposed:false
651 silly placeDep ROOT @0no-co/graphql.web@1.3.3 OK for: @expo/cli@54.0.26 want: ^1.0.8
652 silly placeDep ROOT @expo/code-signing-certificates@0.0.6 OK for: @expo/cli@54.0.26 want: ^0.0.6
653 silly placeDep ROOT @expo/devcert@1.2.1 OK for: @expo/cli@54.0.26 want: ^1.2.1
654 silly placeDep ROOT @expo/env@2.0.12 OK for: @expo/cli@54.0.26 want: ~2.0.12
655 silly placeDep ROOT @expo/image-utils@0.8.15 OK for: @expo/cli@54.0.26 want: ^0.8.8
656 silly placeDep ROOT @expo/json-file@10.2.0 OK for: @expo/cli@54.0.26 want: ^10.0.16
657 silly placeDep ROOT @expo/osascript@2.7.1 OK for: @expo/cli@54.0.26 want: ^2.3.8
658 silly placeDep ROOT @expo/package-manager@1.13.1 OK for: @expo/cli@54.0.26 want: ^1.9.10
659 silly placeDep ROOT @expo/plist@0.4.9 OK for: @expo/cli@54.0.26 want: ^0.4.9
660 silly placeDep ROOT @expo/prebuild-config@54.0.9 OK for: @expo/cli@54.0.26 want: ^54.0.9
661 silly placeDep ROOT @expo/schema-utils@0.1.9 OK for: @expo/cli@54.0.26 want: ^0.1.9
662 silly placeDep ROOT @expo/spawn-async@1.8.0 OK for: @expo/cli@54.0.26 want: ^1.7.2
663 silly placeDep ROOT @expo/ws-tunnel@1.0.6 OK for: @expo/cli@54.0.26 want: ^1.0.1
664 silly placeDep ROOT @expo/xcpretty@4.4.4 OK for: @expo/cli@54.0.26 want: ^4.3.0
665 silly placeDep ROOT @react-native/dev-middleware@0.81.5 OK for: @expo/cli@54.0.26 want: 0.81.5
666 silly placeDep ROOT @urql/core@5.2.0 OK for: @expo/cli@54.0.26 want: ^5.0.6
667 silly placeDep ROOT @urql/exchange-retry@1.3.2 OK for: @expo/cli@54.0.26 want: ^1.3.0
668 silly placeDep ROOT accepts@1.3.8 OK for: @expo/cli@54.0.26 want: ^1.3.8
669 silly placeDep ROOT arg@5.0.2 OK for: @expo/cli@54.0.26 want: ^5.0.2
670 silly placeDep ROOT better-opn@3.0.2 OK for: @expo/cli@54.0.26 want: ~3.0.2
671 silly placeDep ROOT bplist-creator@0.1.0 OK for: @expo/cli@54.0.26 want: 0.1.0
672 silly placeDep ROOT bplist-parser@0.3.2 OK for: @expo/cli@54.0.26 want: ^0.3.1
673 silly placeDep ROOT compression@1.8.1 OK for: @expo/cli@54.0.26 want: ^1.7.4
674 silly placeDep ROOT connect@3.7.0 OK for: @expo/cli@54.0.26 want: ^3.7.0
675 silly placeDep ROOT env-editor@0.4.2 OK for: @expo/cli@54.0.26 want: ^0.4.1
676 silly placeDep ROOT expo-server@1.0.7 OK for: @expo/cli@54.0.26 want: ^1.0.7
677 silly placeDep ROOT freeport-async@2.0.0 OK for: @expo/cli@54.0.26 want: ^2.0.0
678 silly placeDep ROOT getenv@2.0.0 OK for: @expo/cli@54.0.26 want: ^2.0.0
679 silly placeDep ROOT glob@13.0.6 OK for: @expo/cli@54.0.26 want: ^13.0.0
680 silly placeDep ROOT lan-network@0.2.1 OK for: @expo/cli@54.0.26 want: ^0.2.1
681 silly placeDep ROOT minimatch@9.0.9 OK for: @expo/cli@54.0.26 want: ^9.0.0
682 silly placeDep ROOT node-forge@1.4.0 OK for: @expo/cli@54.0.26 want: ^1.3.3
683 silly placeDep ROOT npm-package-arg@11.0.3 OK for: @expo/cli@54.0.26 want: ^11.0.0
684 silly placeDep ROOT ora@3.4.0 OK for: @expo/cli@54.0.26 want: ^3.4.0
685 silly placeDep ROOT picomatch@4.0.5 OK for: @expo/cli@54.0.26 want: ^4.0.3
686 silly placeDep ROOT pretty-bytes@5.6.0 OK for: @expo/cli@54.0.26 want: ^5.6.0
687 silly placeDep ROOT progress@2.0.3 OK for: @expo/cli@54.0.26 want: ^2.0.3
688 silly placeDep ROOT prompts@2.4.2 OK for: @expo/cli@54.0.26 want: ^2.3.2
689 silly placeDep ROOT qrcode-terminal@0.11.0 OK for: @expo/cli@54.0.26 want: 0.11.0
690 silly placeDep ROOT require-from-string@2.0.2 OK for: @expo/cli@54.0.26 want: ^2.0.2
691 silly placeDep ROOT requireg@0.2.2 OK for: @expo/cli@54.0.26 want: ^0.2.2
692 silly placeDep ROOT resolve-from@5.0.0 OK for: @expo/cli@54.0.26 want: ^5.0.0
693 silly placeDep ROOT resolve.exports@2.0.3 OK for: @expo/cli@54.0.26 want: ^2.0.3
694 silly placeDep node_modules/@expo/cli semver@7.8.5 OK for: @expo/cli@54.0.26 want: ^7.6.0
695 silly placeDep ROOT send@0.19.2 OK for: @expo/cli@54.0.26 want: ^0.19.0
696 silly placeDep ROOT slugify@1.6.9 OK for: @expo/cli@54.0.26 want: ^1.3.4
697 silly placeDep ROOT source-map-support@0.5.21 OK for: @expo/cli@54.0.26 want: ~0.5.21
698 silly placeDep ROOT structured-headers@0.4.1 OK for: @expo/cli@54.0.26 want: ^0.4.1
699 silly placeDep ROOT tar@7.5.22 OK for: @expo/cli@54.0.26 want: ^7.5.2
700 silly placeDep ROOT terminal-link@2.1.1 OK for: @expo/cli@54.0.26 want: ^2.1.1
701 silly placeDep ROOT undici@6.28.0 OK for: @expo/cli@54.0.26 want: ^6.18.2
702 silly placeDep ROOT wrap-ansi@7.0.0 OK for: @expo/cli@54.0.26 want: ^7.0.0
703 silly placeDep ROOT ws@8.21.3 OK for: @expo/cli@54.0.26 want: ^8.12.1
704 silly fetch manifest debug@^3.1.0
705 silly packumentCache full:https://registry.npmjs.org/debug cache-miss
706 silly fetch manifest @expo/sudo-prompt@^9.3.1
707 silly packumentCache full:https://registry.npmjs.org/@expo%2fsudo-prompt cache-miss
708 silly fetch manifest parse-png@^2.1.0
709 silly packumentCache full:https://registry.npmjs.org/parse-png cache-miss
710 silly fetch manifest jimp-compact@0.16.1
711 silly packumentCache full:https://registry.npmjs.org/jimp-compact cache-miss
712 silly fetch manifest @expo/require-utils@^55.0.6
713 silly packumentCache full:https://registry.npmjs.org/@expo%2frequire-utils cache-miss
714 silly fetch manifest @expo/spawn-async@^1.8.0
715 silly packumentCache full:https://registry.npmjs.org/@expo%2fspawn-async cache-hit
716 silly fetch manifest @expo/json-file@^11.0.1
717 silly packumentCache full:https://registry.npmjs.org/@expo%2fjson-file cache-hit
718 silly fetch manifest xmlbuilder@^15.1.1
719 silly packumentCache full:https://registry.npmjs.org/xmlbuilder cache-miss
720 silly fetch manifest @xmldom/xmldom@^0.8.8
721 silly packumentCache full:https://registry.npmjs.org/@xmldom%2fxmldom cache-miss
722 http fetch GET 200 https://registry.npmjs.org/jimp-compact 62ms (cache revalidated)
723 silly packumentCache full:https://registry.npmjs.org/jimp-compact set size:55876 disposed:false
724 silly fetch manifest @react-native/normalize-colors@0.81.5
725 silly packumentCache full:https://registry.npmjs.org/@react-native%2fnormalize-colors cache-miss
726 http fetch GET 200 https://registry.npmjs.org/debug 63ms (cache revalidated)
727 silly packumentCache full:https://registry.npmjs.org/debug set size:195840 disposed:false
728 silly fetch manifest cross-spawn@^7.0.6
729 silly packumentCache full:https://registry.npmjs.org/cross-spawn cache-miss
730 http fetch GET 200 https://registry.npmjs.org/xmlbuilder 64ms (cache revalidated)
731 silly packumentCache full:https://registry.npmjs.org/xmlbuilder set size:158707 disposed:false
732 silly fetch manifest js-yaml@^4.1.0
733 silly packumentCache full:https://registry.npmjs.org/js-yaml cache-miss
734 http fetch GET 200 https://registry.npmjs.org/parse-png 67ms (cache revalidated)
735 silly packumentCache full:https://registry.npmjs.org/parse-png set size:13026 disposed:false
736 silly fetch manifest ws@^6.2.3
737 silly packumentCache full:https://registry.npmjs.org/ws cache-hit
738 silly fetch manifest open@^7.0.3
739 silly packumentCache full:https://registry.npmjs.org/open cache-miss
740 http fetch GET 200 https://registry.npmjs.org/@expo%2fsudo-prompt 68ms (cache revalidated)
741 silly packumentCache full:https://registry.npmjs.org/@expo%2fsudo-prompt set size:8807 disposed:false
742 silly fetch manifest connect@^3.6.5
743 silly packumentCache full:https://registry.npmjs.org/connect cache-hit
744 silly fetch manifest serve-static@^1.16.2
745 silly packumentCache full:https://registry.npmjs.org/serve-static cache-miss
746 http cache https://registry.npmjs.org/@react-native%2fnormalize-colors 9ms (cache hit)
747 silly packumentCache full:https://registry.npmjs.org/@react-native%2fnormalize-colors set size:2034526 disposed:false
748 silly fetch manifest chrome-launcher@^0.15.2
749 silly packumentCache full:https://registry.npmjs.org/chrome-launcher cache-miss
750 http fetch GET 200 https://registry.npmjs.org/@xmldom%2fxmldom 78ms (cache revalidated)
751 silly packumentCache full:https://registry.npmjs.org/@xmldom%2fxmldom set size:172247 disposed:false
752 silly fetch manifest @isaacs/ttlcache@^1.4.1
753 silly packumentCache full:https://registry.npmjs.org/@isaacs%2fttlcache cache-miss
754 http fetch GET 200 https://registry.npmjs.org/@expo%2frequire-utils 80ms (cache miss)
755 silly packumentCache full:https://registry.npmjs.org/@expo%2frequire-utils set size:undefined disposed:false
756 silly fetch manifest chromium-edge-launcher@^0.2.0
757 silly packumentCache full:https://registry.npmjs.org/chromium-edge-launcher cache-miss
758 http fetch GET 200 https://registry.npmjs.org/js-yaml 60ms (cache revalidated)
759 silly packumentCache full:https://registry.npmjs.org/js-yaml set size:182023 disposed:false
760 silly fetch manifest @react-native/debugger-frontend@0.81.5
761 silly packumentCache full:https://registry.npmjs.org/@react-native%2fdebugger-frontend cache-miss
762 http fetch GET 200 https://registry.npmjs.org/cross-spawn 66ms (cache revalidated)
763 silly packumentCache full:https://registry.npmjs.org/cross-spawn set size:109066 disposed:false
764 silly fetch manifest wonka@^6.3.2
765 silly packumentCache full:https://registry.npmjs.org/wonka cache-miss
766 http fetch GET 200 https://registry.npmjs.org/open 64ms (cache revalidated)
767 silly packumentCache full:https://registry.npmjs.org/open set size:138621 disposed:false
768 silly fetch manifest wonka@^6.3.2
769 silly packumentCache full:https://registry.npmjs.org/wonka cache-miss
770 http fetch GET 200 https://registry.npmjs.org/serve-static 65ms (cache revalidated)
771 silly packumentCache full:https://registry.npmjs.org/serve-static set size:150391 disposed:false
772 silly fetch manifest negotiator@0.6.3
773 silly packumentCache full:https://registry.npmjs.org/negotiator cache-miss
774 http fetch GET 200 https://registry.npmjs.org/chrome-launcher 61ms (cache revalidated)
775 silly packumentCache full:https://registry.npmjs.org/chrome-launcher set size:131779 disposed:false
776 silly fetch manifest open@^8.0.4
777 silly packumentCache full:https://registry.npmjs.org/open cache-hit
778 silly fetch manifest stream-buffers@2.2.x
779 silly packumentCache full:https://registry.npmjs.org/stream-buffers cache-miss
780 http fetch GET 200 https://registry.npmjs.org/chromium-edge-launcher 58ms (cache miss)
781 silly packumentCache full:https://registry.npmjs.org/chromium-edge-launcher set size:undefined disposed:false
782 silly fetch manifest big-integer@1.6.x
783 silly packumentCache full:https://registry.npmjs.org/big-integer cache-miss
784 http fetch GET 200 https://registry.npmjs.org/@isaacs%2fttlcache 85ms (cache revalidated)
785 silly packumentCache full:https://registry.npmjs.org/@isaacs%2fttlcache set size:65208 disposed:false
786 silly fetch manifest vary@~1.1.2
787 silly packumentCache full:https://registry.npmjs.org/vary cache-miss
788 http fetch GET 200 https://registry.npmjs.org/wonka 57ms (cache revalidated)
789 silly packumentCache full:https://registry.npmjs.org/wonka set size:386763 disposed:false
790 silly fetch manifest bytes@3.1.2
791 silly packumentCache full:https://registry.npmjs.org/bytes cache-miss
792 http fetch GET 200 https://registry.npmjs.org/wonka 62ms (cache revalidated)
793 silly packumentCache full:https://registry.npmjs.org/wonka set size:386763 disposed:false
794 silly packumentCache full:https://registry.npmjs.org/wonka dispose
795 silly fetch manifest debug@2.6.9
796 silly packumentCache full:https://registry.npmjs.org/debug cache-hit
797 silly fetch manifest negotiator@~0.6.4
798 silly packumentCache full:https://registry.npmjs.org/negotiator cache-miss
799 http fetch GET 200 https://registry.npmjs.org/negotiator 62ms (cache revalidated)
800 silly packumentCache full:https://registry.npmjs.org/negotiator set size:48046 disposed:false
801 silly fetch manifest on-headers@~1.1.0
802 silly packumentCache full:https://registry.npmjs.org/on-headers cache-miss
803 http cache https://registry.npmjs.org/negotiator 4ms (cache hit)
804 silly packumentCache full:https://registry.npmjs.org/negotiator set size:48046 disposed:false
805 silly packumentCache full:https://registry.npmjs.org/negotiator dispose
806 silly fetch manifest safe-buffer@5.2.1
807 silly packumentCache full:https://registry.npmjs.org/safe-buffer cache-miss
808 http fetch GET 200 https://registry.npmjs.org/@react-native%2fdebugger-frontend 73ms (cache revalidated)
809 silly packumentCache full:https://registry.npmjs.org/@react-native%2fdebugger-frontend set size:2073304 disposed:false
810 silly fetch manifest compressible@~2.0.18
811 silly packumentCache full:https://registry.npmjs.org/compressible cache-miss
812 http fetch GET 200 https://registry.npmjs.org/stream-buffers 71ms (cache revalidated)
813 silly packumentCache full:https://registry.npmjs.org/stream-buffers set size:32945 disposed:false
814 silly fetch manifest finalhandler@1.1.2
815 silly packumentCache full:https://registry.npmjs.org/finalhandler cache-miss
816 http fetch GET 200 https://registry.npmjs.org/big-integer 69ms (cache revalidated)
817 silly packumentCache full:https://registry.npmjs.org/big-integer set size:205433 disposed:false
818 silly fetch manifest parseurl@~1.3.3
819 silly packumentCache full:https://registry.npmjs.org/parseurl cache-miss
820 http fetch GET 200 https://registry.npmjs.org/vary 55ms (cache revalidated)
821 silly packumentCache full:https://registry.npmjs.org/vary set size:15994 disposed:false
822 silly fetch manifest utils-merge@1.0.1
823 silly packumentCache full:https://registry.npmjs.org/utils-merge cache-miss
824 http fetch GET 200 https://registry.npmjs.org/bytes 64ms (cache revalidated)
825 silly packumentCache full:https://registry.npmjs.org/bytes set size:37018 disposed:false
826 silly fetch manifest minipass@^7.1.3
827 silly packumentCache full:https://registry.npmjs.org/minipass cache-miss
828 http fetch GET 200 https://registry.npmjs.org/on-headers 60ms (cache revalidated)
829 silly packumentCache full:https://registry.npmjs.org/on-headers set size:13226 disposed:false
830 silly fetch manifest path-scurry@^2.0.2
831 silly packumentCache full:https://registry.npmjs.org/path-scurry cache-miss
832 http fetch GET 200 https://registry.npmjs.org/compressible 59ms (cache revalidated)
833 silly packumentCache full:https://registry.npmjs.org/compressible set size:61733 disposed:false
834 silly fetch manifest brace-expansion@^2.0.2
835 silly packumentCache full:https://registry.npmjs.org/brace-expansion cache-miss
836 http fetch GET 200 https://registry.npmjs.org/finalhandler 59ms (cache revalidated)
837 silly packumentCache full:https://registry.npmjs.org/finalhandler set size:79291 disposed:false
838 silly fetch manifest semver@^7.3.5
839 silly packumentCache full:https://registry.npmjs.org/semver cache-hit
840 silly fetch manifest proc-log@^4.0.0
841 silly packumentCache full:https://registry.npmjs.org/proc-log cache-miss
842 http fetch GET 200 https://registry.npmjs.org/parseurl 60ms (cache revalidated)
843 silly packumentCache full:https://registry.npmjs.org/parseurl set size:24148 disposed:false
844 silly fetch manifest hosted-git-info@^7.0.0
845 silly packumentCache full:https://registry.npmjs.org/hosted-git-info cache-miss
846 http fetch GET 200 https://registry.npmjs.org/safe-buffer 71ms (cache revalidated)
847 silly packumentCache full:https://registry.npmjs.org/safe-buffer set size:41183 disposed:false
848 silly fetch manifest validate-npm-package-name@^5.0.0
849 silly packumentCache full:https://registry.npmjs.org/validate-npm-package-name cache-miss
850 http fetch GET 200 https://registry.npmjs.org/utils-merge 55ms (cache revalidated)
851 silly packumentCache full:https://registry.npmjs.org/utils-merge set size:5237 disposed:false
852 silly fetch manifest chalk@^2.4.2
853 silly packumentCache full:https://registry.npmjs.org/chalk cache-miss
854 http fetch GET 200 https://registry.npmjs.org/path-scurry 60ms (cache revalidated)
855 silly packumentCache full:https://registry.npmjs.org/path-scurry set size:117612 disposed:false
856 silly fetch manifest wcwidth@^1.0.1
857 silly packumentCache full:https://registry.npmjs.org/wcwidth cache-miss
858 http fetch GET 200 https://registry.npmjs.org/minipass 62ms (cache revalidated)
859 silly packumentCache full:https://registry.npmjs.org/minipass set size:276925 disposed:false
860 silly fetch manifest cli-cursor@^2.1.0
861 silly packumentCache full:https://registry.npmjs.org/cli-cursor cache-miss
862 http fetch GET 200 https://registry.npmjs.org/brace-expansion 68ms (cache revalidated)
863 silly packumentCache full:https://registry.npmjs.org/brace-expansion set size:101024 disposed:false
864 silly fetch manifest strip-ansi@^5.2.0
865 silly packumentCache full:https://registry.npmjs.org/strip-ansi cache-miss
866 http fetch GET 200 https://registry.npmjs.org/validate-npm-package-name 64ms (cache revalidated)
867 silly packumentCache full:https://registry.npmjs.org/validate-npm-package-name set size:51100 disposed:false
868 silly fetch manifest log-symbols@^2.2.0
869 silly packumentCache full:https://registry.npmjs.org/log-symbols cache-miss
870 http fetch GET 200 https://registry.npmjs.org/hosted-git-info 66ms (cache revalidated)
871 silly packumentCache full:https://registry.npmjs.org/hosted-git-info set size:190140 disposed:false
872 silly fetch manifest cli-spinners@^2.0.0
873 silly packumentCache full:https://registry.npmjs.org/cli-spinners cache-miss
874 http fetch GET 200 https://registry.npmjs.org/proc-log 70ms (cache revalidated)
875 silly packumentCache full:https://registry.npmjs.org/proc-log set size:35796 disposed:false
876 silly fetch manifest kleur@^3.0.3
877 silly packumentCache full:https://registry.npmjs.org/kleur cache-miss
878 http fetch GET 200 https://registry.npmjs.org/chalk 62ms (cache revalidated)
879 silly packumentCache full:https://registry.npmjs.org/chalk set size:134775 disposed:false
880 silly fetch manifest sisteransi@^1.0.5
881 silly packumentCache full:https://registry.npmjs.org/sisteransi cache-miss
882 http fetch GET 200 https://registry.npmjs.org/cli-cursor 344ms (cache revalidated)
883 silly packumentCache full:https://registry.npmjs.org/cli-cursor set size:18913 disposed:false
884 silly fetch manifest nested-error-stacks@~2.0.1
885 silly packumentCache full:https://registry.npmjs.org/nested-error-stacks cache-miss
886 http fetch GET 200 https://registry.npmjs.org/cli-spinners 327ms (cache revalidated)
887 silly packumentCache full:https://registry.npmjs.org/cli-spinners set size:67473 disposed:false
888 silly fetch manifest rc@~1.2.7
889 silly packumentCache full:https://registry.npmjs.org/rc cache-miss
890 http fetch GET 200 https://registry.npmjs.org/kleur 329ms (cache revalidated)
891 silly packumentCache full:https://registry.npmjs.org/kleur set size:61853 disposed:false
892 silly fetch manifest resolve@~1.7.1
893 silly packumentCache full:https://registry.npmjs.org/resolve cache-miss
894 http fetch GET 200 https://registry.npmjs.org/wcwidth 351ms (cache revalidated)
895 silly packumentCache full:https://registry.npmjs.org/wcwidth set size:5904 disposed:false
896 silly fetch manifest depd@2.0.0
897 silly packumentCache full:https://registry.npmjs.org/depd cache-miss
898 http fetch GET 200 https://registry.npmjs.org/strip-ansi 334ms (cache revalidated)
899 silly packumentCache full:https://registry.npmjs.org/strip-ansi set size:44998 disposed:false
900 silly fetch manifest etag@~1.8.1
901 silly packumentCache full:https://registry.npmjs.org/etag cache-miss
902 http fetch GET 200 https://registry.npmjs.org/sisteransi 330ms (cache revalidated)
903 silly packumentCache full:https://registry.npmjs.org/sisteransi set size:25723 disposed:false
904 silly fetch manifest mime@1.6.0
905 silly packumentCache full:https://registry.npmjs.org/mime cache-miss
906 http fetch GET 200 https://registry.npmjs.org/log-symbols 335ms (cache revalidated)
907 silly packumentCache full:https://registry.npmjs.org/log-symbols set size:31977 disposed:false
908 silly fetch manifest fresh@~0.5.2
909 silly packumentCache full:https://registry.npmjs.org/fresh cache-miss
910 http fetch GET 200 https://registry.npmjs.org/fresh 65ms (cache revalidated)
911 silly packumentCache full:https://registry.npmjs.org/fresh set size:25427 disposed:false
912 silly fetch manifest destroy@1.2.0
913 silly packumentCache full:https://registry.npmjs.org/destroy cache-miss
914 http fetch GET 200 https://registry.npmjs.org/nested-error-stacks 75ms (cache revalidated)
915 silly packumentCache full:https://registry.npmjs.org/nested-error-stacks set size:24138 disposed:false
916 silly fetch manifest statuses@~2.0.2
917 silly packumentCache full:https://registry.npmjs.org/statuses cache-miss
918 http fetch GET 200 https://registry.npmjs.org/depd 71ms (cache revalidated)
919 silly packumentCache full:https://registry.npmjs.org/depd set size:40182 disposed:false
920 silly fetch manifest encodeurl@~2.0.0
921 silly packumentCache full:https://registry.npmjs.org/encodeurl cache-miss
922 http fetch GET 200 https://registry.npmjs.org/rc 75ms (cache revalidated)
923 silly packumentCache full:https://registry.npmjs.org/rc set size:70417 disposed:false
924 silly fetch manifest escape-html@~1.0.3
925 silly packumentCache full:https://registry.npmjs.org/escape-html cache-miss
926 http fetch GET 200 https://registry.npmjs.org/mime 71ms (cache revalidated)
927 silly packumentCache full:https://registry.npmjs.org/mime set size:119236 disposed:false
928 silly fetch manifest http-errors@~2.0.1
929 silly packumentCache full:https://registry.npmjs.org/http-errors cache-miss
930 http fetch GET 200 https://registry.npmjs.org/resolve 76ms (cache revalidated)
931 silly packumentCache full:https://registry.npmjs.org/resolve set size:244568 disposed:false
932 silly fetch manifest on-finished@~2.4.1
933 silly packumentCache full:https://registry.npmjs.org/on-finished cache-miss
934 http fetch GET 200 https://registry.npmjs.org/etag 77ms (cache revalidated)
935 silly packumentCache full:https://registry.npmjs.org/etag set size:30032 disposed:false
936 silly fetch manifest range-parser@~1.2.1
937 silly packumentCache full:https://registry.npmjs.org/range-parser cache-miss
938 http fetch GET 200 https://registry.npmjs.org/http-errors 63ms (cache revalidated)
939 silly packumentCache full:https://registry.npmjs.org/http-errors set size:71987 disposed:false
940 silly fetch manifest buffer-from@^1.0.0
941 silly packumentCache full:https://registry.npmjs.org/buffer-from cache-miss
942 http fetch GET 200 https://registry.npmjs.org/encodeurl 69ms (cache revalidated)
943 silly packumentCache full:https://registry.npmjs.org/encodeurl set size:12296 disposed:false
944 silly fetch manifest source-map@^0.6.0
945 silly packumentCache full:https://registry.npmjs.org/source-map cache-miss
946 http fetch GET 200 https://registry.npmjs.org/on-finished 64ms (cache revalidated)
947 silly packumentCache full:https://registry.npmjs.org/on-finished set size:23212 disposed:false
948 silly fetch manifest chownr@^3.0.0
949 silly packumentCache full:https://registry.npmjs.org/chownr cache-miss
950 http fetch GET 200 https://registry.npmjs.org/destroy 73ms (cache revalidated)
951 silly packumentCache full:https://registry.npmjs.org/destroy set size:15738 disposed:false
952 silly fetch manifest yallist@^5.0.0
953 silly packumentCache full:https://registry.npmjs.org/yallist cache-miss
954 http fetch GET 200 https://registry.npmjs.org/escape-html 70ms (cache revalidated)
955 silly packumentCache full:https://registry.npmjs.org/escape-html set size:7345 disposed:false
956 silly fetch manifest minipass@^7.1.2
957 silly packumentCache full:https://registry.npmjs.org/minipass cache-hit
958 silly fetch manifest minizlib@^3.1.0
959 silly packumentCache full:https://registry.npmjs.org/minizlib cache-miss
960 http fetch GET 200 https://registry.npmjs.org/statuses 74ms (cache revalidated)
961 silly packumentCache full:https://registry.npmjs.org/statuses set size:37117 disposed:false
962 silly fetch manifest @isaacs/fs-minipass@^4.0.0
963 silly packumentCache full:https://registry.npmjs.org/@isaacs%2ffs-minipass cache-miss
964 http fetch GET 200 https://registry.npmjs.org/range-parser 68ms (cache revalidated)
965 silly packumentCache full:https://registry.npmjs.org/range-parser set size:24852 disposed:false
966 silly fetch manifest ansi-escapes@^4.2.1
967 silly packumentCache full:https://registry.npmjs.org/ansi-escapes cache-miss
968 http fetch GET 200 https://registry.npmjs.org/buffer-from 163ms (cache revalidated)
969 silly packumentCache full:https://registry.npmjs.org/buffer-from set size:15463 disposed:false
970 silly fetch manifest supports-hyperlinks@^2.0.0
971 silly packumentCache full:https://registry.npmjs.org/supports-hyperlinks cache-miss
972 http fetch GET 200 https://registry.npmjs.org/minizlib 159ms (cache revalidated)
973 silly packumentCache full:https://registry.npmjs.org/minizlib set size:62862 disposed:false
974 silly fetch manifest strip-ansi@^6.0.0
975 silly packumentCache full:https://registry.npmjs.org/strip-ansi cache-hit
976 silly fetch manifest string-width@^4.1.0
977 silly packumentCache full:https://registry.npmjs.org/string-width cache-miss
978 http fetch GET 200 https://registry.npmjs.org/ansi-escapes 159ms (cache revalidated)
979 silly packumentCache full:https://registry.npmjs.org/ansi-escapes set size:70915 disposed:false
980 http fetch GET 200 https://registry.npmjs.org/yallist 163ms (cache revalidated)
981 silly packumentCache full:https://registry.npmjs.org/yallist set size:34610 disposed:false
982 http fetch GET 200 https://registry.npmjs.org/chownr 165ms (cache revalidated)
983 silly packumentCache full:https://registry.npmjs.org/chownr set size:22157 disposed:false
984 http fetch GET 200 https://registry.npmjs.org/source-map 167ms (cache revalidated)
985 silly packumentCache full:https://registry.npmjs.org/source-map set size:231637 disposed:false
986 http fetch GET 200 https://registry.npmjs.org/@isaacs%2ffs-minipass 167ms (cache miss)
987 silly packumentCache full:https://registry.npmjs.org/@isaacs%2ffs-minipass set size:undefined disposed:false
988 http fetch GET 200 https://registry.npmjs.org/string-width 65ms (cache revalidated)
989 silly packumentCache full:https://registry.npmjs.org/string-width set size:72458 disposed:false
990 http fetch GET 200 https://registry.npmjs.org/supports-hyperlinks 69ms (cache revalidated)
991 silly packumentCache full:https://registry.npmjs.org/supports-hyperlinks set size:38477 disposed:false
992 silly placeDep node_modules/@expo/config @babel/code-frame@7.10.4 OK for: @expo/config@12.0.14 want: ~7.10.4
993 silly placeDep ROOT @expo/config-types@54.0.10 OK for: @expo/config@12.0.14 want: ^54.0.10
994 silly placeDep ROOT deepmerge@4.3.1 OK for: @expo/config@12.0.14 want: ^4.3.1
995 silly placeDep ROOT resolve-workspace-root@2.0.1 OK for: @expo/config@12.0.14 want: ^2.0.0
996 silly placeDep node_modules/@expo/config semver@7.8.5 OK for: @expo/config@12.0.14 want: ^7.6.0
997 silly placeDep ROOT sucrase@3.35.1 OK for: @expo/config@12.0.14 want: ~3.35.1
998 silly fetch manifest @babel/highlight@^7.10.4
999 silly packumentCache full:https://registry.npmjs.org/@babel%2fhighlight cache-miss
1000 silly fetch manifest commander@^4.0.0
1001 silly packumentCache full:https://registry.npmjs.org/commander cache-hit
1002 silly fetch manifest lines-and-columns@^1.1.6
1003 silly packumentCache full:https://registry.npmjs.org/lines-and-columns cache-miss
1004 silly fetch manifest mz@^2.7.0
1005 silly packumentCache full:https://registry.npmjs.org/mz cache-miss
1006 silly fetch manifest pirates@^4.0.1
1007 silly packumentCache full:https://registry.npmjs.org/pirates cache-miss
1008 silly fetch manifest tinyglobby@^0.2.11
1009 silly packumentCache full:https://registry.npmjs.org/tinyglobby cache-miss
1010 silly fetch manifest ts-interface-checker@^0.1.9
1011 silly packumentCache full:https://registry.npmjs.org/ts-interface-checker cache-miss
1012 http fetch GET 200 https://registry.npmjs.org/pirates 66ms (cache revalidated)
1013 silly packumentCache full:https://registry.npmjs.org/pirates set size:51327 disposed:false
1014 http fetch GET 200 https://registry.npmjs.org/lines-and-columns 67ms (cache revalidated)
1015 silly packumentCache full:https://registry.npmjs.org/lines-and-columns set size:73796 disposed:false
1016 http fetch GET 200 https://registry.npmjs.org/mz 69ms (cache revalidated)
1017 silly packumentCache full:https://registry.npmjs.org/mz set size:42731 disposed:false
1018 http fetch GET 200 https://registry.npmjs.org/ts-interface-checker 70ms (cache revalidated)
1019 silly packumentCache full:https://registry.npmjs.org/ts-interface-checker set size:58946 disposed:false
1020 http fetch GET 200 https://registry.npmjs.org/@babel%2fhighlight 72ms (cache revalidated)
1021 silly packumentCache full:https://registry.npmjs.org/@babel%2fhighlight set size:154219 disposed:false
1022 http fetch GET 200 https://registry.npmjs.org/tinyglobby 75ms (cache miss)
1023 silly packumentCache full:https://registry.npmjs.org/tinyglobby set size:undefined disposed:false
1024 silly placeDep node_modules/@expo/config-plugins @expo/json-file@10.0.16 OK for: @expo/config-plugins@54.0.5 want: ~10.0.16
1025 silly placeDep ROOT @expo/sdk-runtime-versions@1.0.0 OK for: @expo/config-plugins@54.0.5 want: ^1.0.0
1026 silly placeDep node_modules/@expo/config-plugins semver@7.8.5 OK for: @expo/config-plugins@54.0.5 want: ^7.5.4
1027 silly placeDep ROOT xcode@3.0.1 OK for: @expo/config-plugins@54.0.5 want: ^3.0.1
1028 silly placeDep ROOT xml2js@0.6.0 OK for: @expo/config-plugins@54.0.5 want: 0.6.0
1029 silly fetch manifest uuid@^7.0.3
1030 silly packumentCache full:https://registry.npmjs.org/uuid cache-miss
1031 silly fetch manifest simple-plist@^1.1.0
1032 silly packumentCache full:https://registry.npmjs.org/simple-plist cache-miss
1033 silly fetch manifest sax@>=0.6.0
1034 silly packumentCache full:https://registry.npmjs.org/sax cache-miss
1035 silly fetch manifest xmlbuilder@~11.0.0
1036 silly packumentCache full:https://registry.npmjs.org/xmlbuilder cache-hit
1037 http fetch GET 200 https://registry.npmjs.org/simple-plist 59ms (cache revalidated)
1038 silly packumentCache full:https://registry.npmjs.org/simple-plist set size:46135 disposed:false
1039 http fetch GET 200 https://registry.npmjs.org/uuid 61ms (cache revalidated)
1040 silly packumentCache full:https://registry.npmjs.org/uuid set size:256419 disposed:false
1041 http fetch GET 200 https://registry.npmjs.org/sax 64ms (cache revalidated)
1042 silly packumentCache full:https://registry.npmjs.org/sax set size:92982 disposed:false
1043 silly placeDep ROOT @expo/sudo-prompt@9.3.2 OK for: @expo/devcert@1.2.1 want: ^9.3.1
1044 silly placeDep node_modules/@expo/devcert debug@3.2.7 OK for: @expo/devcert@1.2.1 want: ^3.1.0
1045 silly placeDep ROOT dotenv@16.4.7 OK for: @expo/env@2.0.12 want: ~16.4.5
1046 silly placeDep ROOT dotenv-expand@11.0.7 OK for: @expo/env@2.0.12 want: ~11.0.6
1047 silly placeDep ROOT ignore@5.3.2 OK for: @expo/fingerprint@0.15.5 want: ^5.3.1
1048 silly placeDep node_modules/@expo/fingerprint minimatch@10.2.6 OK for: @expo/fingerprint@0.15.5 want: ^10.2.2
1049 silly placeDep ROOT p-limit@3.1.0 OK for: @expo/fingerprint@0.15.5 want: ^3.1.0
1050 silly placeDep node_modules/@expo/fingerprint semver@7.8.5 OK for: @expo/fingerprint@0.15.5 want: ^7.6.0
1051 silly fetch manifest brace-expansion@^5.0.8
1052 silly packumentCache full:https://registry.npmjs.org/brace-expansion cache-hit
1053 silly fetch manifest yocto-queue@^0.1.0
1054 silly packumentCache full:https://registry.npmjs.org/yocto-queue cache-miss
1055 http fetch GET 200 https://registry.npmjs.org/yocto-queue 64ms (cache revalidated)
1056 silly packumentCache full:https://registry.npmjs.org/yocto-queue set size:20256 disposed:false
1057 silly placeDep ROOT @expo/require-utils@55.0.6 OK for: @expo/image-utils@0.8.15 want: ^55.0.6
1058 silly placeDep ROOT jimp-compact@0.16.1 OK for: @expo/image-utils@0.8.15 want: 0.16.1
1059 silly placeDep ROOT parse-png@2.1.0 OK for: @expo/image-utils@0.8.15 want: ^2.1.0
1060 silly placeDep node_modules/@expo/image-utils semver@7.8.5 OK for: @expo/image-utils@0.8.15 want: ^7.6.0
1061 silly fetch manifest pngjs@^3.3.0
1062 silly packumentCache full:https://registry.npmjs.org/pngjs cache-miss
1063 http fetch GET 200 https://registry.npmjs.org/pngjs 58ms (cache revalidated)
1064 silly packumentCache full:https://registry.npmjs.org/pngjs set size:70154 disposed:false
1065 silly placeDep ROOT metro@0.83.3 OK for: @expo/metro@54.2.0 want: 0.83.3
1066 silly placeDep ROOT metro-babel-transformer@0.83.3 OK for: @expo/metro@54.2.0 want: 0.83.3
1067 silly placeDep ROOT metro-cache@0.83.3 OK for: @expo/metro@54.2.0 want: 0.83.3
1068 silly placeDep ROOT metro-cache-key@0.83.3 OK for: @expo/metro@54.2.0 want: 0.83.3
1069 silly placeDep ROOT metro-config@0.83.3 OK for: @expo/metro@54.2.0 want: 0.83.3
1070 silly placeDep ROOT metro-core@0.83.3 OK for: @expo/metro@54.2.0 want: 0.83.3
1071 silly placeDep ROOT metro-file-map@0.83.3 OK for: @expo/metro@54.2.0 want: 0.83.3
1072 silly placeDep ROOT metro-minify-terser@0.83.3 OK for: @expo/metro@54.2.0 want: 0.83.3
1073 silly placeDep ROOT metro-resolver@0.83.3 OK for: @expo/metro@54.2.0 want: 0.83.3
1074 silly placeDep ROOT metro-runtime@0.83.3 OK for: @expo/metro@54.2.0 want: 0.83.3
1075 silly placeDep ROOT metro-source-map@0.83.3 OK for: @expo/metro@54.2.0 want: 0.83.3
1076 silly placeDep ROOT metro-symbolicate@0.83.3 OK for: @expo/metro@54.2.0 want: 0.83.3
1077 silly placeDep ROOT metro-transform-plugins@0.83.3 OK for: @expo/metro@54.2.0 want: 0.83.3
1078 silly placeDep ROOT metro-transform-worker@0.83.3 OK for: @expo/metro@54.2.0 want: 0.83.3
1079 silly fetch manifest ws@^7.5.10
1080 silly packumentCache full:https://registry.npmjs.org/ws cache-hit
1081 silly fetch manifest throat@^5.0.0
1082 silly packumentCache full:https://registry.npmjs.org/throat cache-miss
1083 silly fetch manifest ci-info@^2.0.0
1084 silly packumentCache full:https://registry.npmjs.org/ci-info cache-miss
1085 silly fetch manifest image-size@^1.0.2
1086 silly packumentCache full:https://registry.npmjs.org/image-size cache-miss
1087 silly fetch manifest source-map@^0.5.6
1088 silly packumentCache full:https://registry.npmjs.org/source-map cache-hit
1089 silly fetch manifest jest-worker@^29.7.0
1090 silly packumentCache full:https://registry.npmjs.org/jest-worker cache-miss
1091 silly fetch manifest jsc-safe-url@^0.2.2
1092 silly packumentCache full:https://registry.npmjs.org/jsc-safe-url cache-hit
1093 silly fetch manifest hermes-parser@0.32.0
1094 silly packumentCache full:https://registry.npmjs.org/hermes-parser cache-hit
1095 silly fetch manifest lodash.throttle@^4.1.1
1096 silly packumentCache full:https://registry.npmjs.org/lodash.throttle cache-miss
1097 silly fetch manifest serialize-error@^2.1.0
1098 silly packumentCache full:https://registry.npmjs.org/serialize-error cache-miss
1099 silly fetch manifest error-stack-parser@^2.0.6
1100 silly packumentCache full:https://registry.npmjs.org/error-stack-parser cache-miss
1101 http fetch GET 200 https://registry.npmjs.org/lodash.throttle 152ms (cache revalidated)
1102 silly packumentCache full:https://registry.npmjs.org/lodash.throttle set size:32799 disposed:false
1103 silly fetch manifest https-proxy-agent@^7.0.5
1104 silly packumentCache full:https://registry.npmjs.org/https-proxy-agent cache-miss
1105 http fetch GET 200 https://registry.npmjs.org/error-stack-parser 155ms (cache revalidated)
1106 silly packumentCache full:https://registry.npmjs.org/error-stack-parser set size:89379 disposed:false
1107 silly fetch manifest exponential-backoff@^3.1.1
1108 silly packumentCache full:https://registry.npmjs.org/exponential-backoff cache-miss
1109 http fetch GET 200 https://registry.npmjs.org/image-size 159ms (cache revalidated)
1110 silly packumentCache full:https://registry.npmjs.org/image-size set size:155542 disposed:false
1111 silly fetch manifest yaml@^2.6.1
1112 silly packumentCache full:https://registry.npmjs.org/yaml cache-miss
1113 http fetch GET 200 https://registry.npmjs.org/ci-info 162ms (cache revalidated)
1114 silly packumentCache full:https://registry.npmjs.org/ci-info set size:91363 disposed:false
1115 silly fetch manifest jest-validate@^29.7.0
1116 silly packumentCache full:https://registry.npmjs.org/jest-validate cache-miss
1117 http fetch GET 200 https://registry.npmjs.org/serialize-error 162ms (cache revalidated)
1118 silly packumentCache full:https://registry.npmjs.org/serialize-error set size:64056 disposed:false
1119 silly fetch manifest walker@^1.0.7
1120 silly packumentCache full:https://registry.npmjs.org/walker cache-miss
1121 http fetch GET 200 https://registry.npmjs.org/throat 166ms (cache revalidated)
1122 silly packumentCache full:https://registry.npmjs.org/throat set size:31052 disposed:false
1123 silly fetch manifest fb-watchman@^2.0.0
1124 silly packumentCache full:https://registry.npmjs.org/fb-watchman cache-miss
1125 http fetch GET 200 https://registry.npmjs.org/jest-worker 166ms (cache revalidated)
1126 silly packumentCache full:https://registry.npmjs.org/jest-worker set size:466737 disposed:false
1127 silly fetch manifest terser@^5.15.0
1128 silly packumentCache full:https://registry.npmjs.org/terser cache-miss
1129 http fetch GET 200 https://registry.npmjs.org/walker 69ms (cache revalidated)
1130 silly packumentCache full:https://registry.npmjs.org/walker set size:16077 disposed:false
1131 silly fetch manifest ob1@0.83.3
1132 silly packumentCache full:https://registry.npmjs.org/ob1 cache-miss
1133 http fetch GET 200 https://registry.npmjs.org/jest-validate 72ms (cache revalidated)
1134 silly packumentCache full:https://registry.npmjs.org/jest-validate set size:567910 disposed:false
1135 silly fetch manifest vlq@^1.0.0
1136 silly packumentCache full:https://registry.npmjs.org/vlq cache-miss
1137 http fetch GET 200 https://registry.npmjs.org/yaml 78ms (cache revalidated)
1138 silly packumentCache full:https://registry.npmjs.org/yaml set size:385754 disposed:false
1139 silly fetch manifest @babel/traverse--for-generate-function-map@npm:@babel/traverse@^7.25.3
1140 silly packumentCache full:https://registry.npmjs.org/@babel%2ftraverse cache-miss
1141 http fetch GET 200 https://registry.npmjs.org/https-proxy-agent 88ms (cache revalidated)
1142 silly packumentCache full:https://registry.npmjs.org/https-proxy-agent set size:83792 disposed:false
1143 silly fetch manifest vlq@^1.0.0
1144 silly packumentCache full:https://registry.npmjs.org/vlq cache-miss
1145 http fetch GET 200 https://registry.npmjs.org/exponential-backoff 88ms (cache revalidated)
1146 silly packumentCache full:https://registry.npmjs.org/exponential-backoff set size:55896 disposed:false
1147 http fetch GET 200 https://registry.npmjs.org/fb-watchman 81ms (cache revalidated)
1148 silly packumentCache full:https://registry.npmjs.org/fb-watchman set size:28064 disposed:false
1149 http fetch GET 200 https://registry.npmjs.org/terser 79ms (cache revalidated)
1150 silly packumentCache full:https://registry.npmjs.org/terser set size:817272 disposed:false
1151 http fetch GET 200 https://registry.npmjs.org/vlq 72ms (cache revalidated)
1152 silly packumentCache full:https://registry.npmjs.org/vlq set size:23110 disposed:false
1153 http fetch GET 200 https://registry.npmjs.org/ob1 77ms (cache revalidated)
1154 silly packumentCache full:https://registry.npmjs.org/ob1 set size:227968 disposed:false
1155 http fetch GET 200 https://registry.npmjs.org/vlq 69ms (cache revalidated)
1156 silly packumentCache full:https://registry.npmjs.org/vlq set size:23110 disposed:false
1157 silly packumentCache full:https://registry.npmjs.org/vlq dispose
1158 http fetch GET 200 https://registry.npmjs.org/@babel%2ftraverse 73ms (cache revalidated)
1159 silly packumentCache full:https://registry.npmjs.org/@babel%2ftraverse set size:564759 disposed:false
1160 silly placeDep node_modules/@expo/metro-config @expo/json-file@10.0.16 OK for: @expo/metro-config@54.0.17 want: ~10.0.16
1161 silly placeDep ROOT hermes-parser@0.29.1 OK for: @expo/metro-config@54.0.17 want: ^0.29.1
1162 silly placeDep ROOT jsc-safe-url@0.2.4 OK for: @expo/metro-config@54.0.17 want: ^0.2.4
1163 silly placeDep ROOT lightningcss@1.33.0 OK for: @expo/metro-config@54.0.17 want: ^1.30.1
1164 silly placeDep ROOT postcss@8.4.49 OK for: @expo/metro-config@54.0.17 want: ~8.4.32
1165 silly fetch manifest hermes-estree@0.29.1
1166 silly packumentCache full:https://registry.npmjs.org/hermes-estree cache-miss
1167 silly fetch manifest detect-libc@^2.0.3
1168 silly packumentCache full:https://registry.npmjs.org/detect-libc cache-miss
1169 silly fetch manifest lightningcss-darwin-x64@1.33.0
1170 silly packumentCache full:https://registry.npmjs.org/lightningcss-darwin-x64 cache-miss
1171 silly fetch manifest lightningcss-linux-x64-gnu@1.33.0
1172 silly packumentCache full:https://registry.npmjs.org/lightningcss-linux-x64-gnu cache-miss
1173 silly fetch manifest lightningcss-win32-x64-msvc@1.33.0
1174 silly packumentCache full:https://registry.npmjs.org/lightningcss-win32-x64-msvc cache-miss
1175 silly fetch manifest lightningcss-win32-arm64-msvc@1.33.0
1176 silly packumentCache full:https://registry.npmjs.org/lightningcss-win32-arm64-msvc cache-miss
1177 silly fetch manifest lightningcss-darwin-arm64@1.33.0
1178 silly packumentCache full:https://registry.npmjs.org/lightningcss-darwin-arm64 cache-miss
1179 http fetch GET 200 https://registry.npmjs.org/lightningcss-darwin-x64 62ms (cache revalidated)
1180 silly packumentCache full:https://registry.npmjs.org/lightningcss-darwin-x64 set size:80374 disposed:false
1181 silly fetch manifest lightningcss-linux-arm64-gnu@1.33.0
1182 silly packumentCache full:https://registry.npmjs.org/lightningcss-linux-arm64-gnu cache-miss
1183 http fetch GET 200 https://registry.npmjs.org/detect-libc 64ms (cache revalidated)
1184 silly packumentCache full:https://registry.npmjs.org/detect-libc set size:47861 disposed:false
1185 silly fetch manifest lightningcss-linux-arm-gnueabihf@1.33.0
1186 silly packumentCache full:https://registry.npmjs.org/lightningcss-linux-arm-gnueabihf cache-miss
1187 http fetch GET 200 https://registry.npmjs.org/hermes-estree 65ms (cache revalidated)
1188 silly packumentCache full:https://registry.npmjs.org/hermes-estree set size:132569 disposed:false
1189 silly fetch manifest lightningcss-linux-arm64-musl@1.33.0
1190 silly packumentCache full:https://registry.npmjs.org/lightningcss-linux-arm64-musl cache-miss
1191 http fetch GET 200 https://registry.npmjs.org/lightningcss-darwin-arm64 66ms (cache revalidated)
1192 silly packumentCache full:https://registry.npmjs.org/lightningcss-darwin-arm64 set size:80970 disposed:false
1193 silly fetch manifest lightningcss-linux-x64-musl@1.33.0
1194 silly packumentCache full:https://registry.npmjs.org/lightningcss-linux-x64-musl cache-miss
1195 http fetch GET 200 https://registry.npmjs.org/lightningcss-win32-x64-msvc 67ms (cache revalidated)
1196 silly packumentCache full:https://registry.npmjs.org/lightningcss-win32-x64-msvc set size:81347 disposed:false
1197 silly fetch manifest lightningcss-freebsd-x64@1.33.0
1198 silly packumentCache full:https://registry.npmjs.org/lightningcss-freebsd-x64 cache-miss
1199 http fetch GET 200 https://registry.npmjs.org/lightningcss-linux-x64-gnu 68ms (cache revalidated)
1200 silly packumentCache full:https://registry.npmjs.org/lightningcss-linux-x64-gnu set size:81819 disposed:false
1201 silly fetch manifest lightningcss-android-arm64@1.33.0
1202 silly packumentCache full:https://registry.npmjs.org/lightningcss-android-arm64 cache-miss
1203 http fetch GET 200 https://registry.npmjs.org/lightningcss-win32-arm64-msvc 70ms (cache miss)
1204 silly packumentCache full:https://registry.npmjs.org/lightningcss-win32-arm64-msvc set size:undefined disposed:false
1205 silly fetch manifest source-map-js@^1.2.1
1206 silly packumentCache full:https://registry.npmjs.org/source-map-js cache-miss
1207 http fetch GET 200 https://registry.npmjs.org/lightningcss-linux-arm64-gnu 68ms (cache revalidated)
1208 silly packumentCache full:https://registry.npmjs.org/lightningcss-linux-arm64-gnu set size:82397 disposed:false
1209 http fetch GET 200 https://registry.npmjs.org/lightningcss-linux-x64-musl 65ms (cache revalidated)
1210 silly packumentCache full:https://registry.npmjs.org/lightningcss-linux-x64-musl set size:82032 disposed:false
1211 http fetch GET 200 https://registry.npmjs.org/lightningcss-linux-arm-gnueabihf 69ms (cache revalidated)
1212 silly packumentCache full:https://registry.npmjs.org/lightningcss-linux-arm-gnueabihf set size:82635 disposed:false
1213 http fetch GET 200 https://registry.npmjs.org/lightningcss-freebsd-x64 69ms (cache miss)
1214 silly packumentCache full:https://registry.npmjs.org/lightningcss-freebsd-x64 set size:undefined disposed:false
1215 http fetch GET 200 https://registry.npmjs.org/lightningcss-linux-arm64-musl 72ms (cache revalidated)
1216 silly packumentCache full:https://registry.npmjs.org/lightningcss-linux-arm64-musl set size:82617 disposed:false
1217 http fetch GET 200 https://registry.npmjs.org/source-map-js 68ms (cache revalidated)
1218 silly packumentCache full:https://registry.npmjs.org/source-map-js set size:62640 disposed:false
1219 http fetch GET 200 https://registry.npmjs.org/lightningcss-android-arm64 70ms (cache miss)
1220 silly packumentCache full:https://registry.npmjs.org/lightningcss-android-arm64 set size:undefined disposed:false
1221 silly placeDep node_modules/@expo/package-manager @expo/json-file@11.0.1 OK for: @expo/package-manager@1.13.1 want: ^11.0.1
1222 silly placeDep ROOT @xmldom/xmldom@0.8.14 OK for: @expo/plist@0.4.9 want: ^0.8.8
1223 silly placeDep ROOT xmlbuilder@15.1.1 OK for: @expo/plist@0.4.9 want: ^15.1.1
1224 silly placeDep ROOT @react-native/normalize-colors@0.81.5 OK for: @expo/prebuild-config@54.0.9 want: 0.81.5
1225 silly placeDep node_modules/@expo/prebuild-config semver@7.8.5 OK for: @expo/prebuild-config@54.0.9 want: ^7.6.0
1226 silly placeDep ROOT cross-spawn@7.0.6 OK for: @expo/spawn-async@1.8.0 want: ^7.0.6
1227 silly fetch manifest which@^2.0.1
1228 silly packumentCache full:https://registry.npmjs.org/which cache-miss
1229 silly fetch manifest path-key@^3.1.0
1230 silly packumentCache full:https://registry.npmjs.org/path-key cache-miss
1231 silly fetch manifest shebang-command@^2.0.0
1232 silly packumentCache full:https://registry.npmjs.org/shebang-command cache-miss
1233 http fetch GET 200 https://registry.npmjs.org/which 67ms (cache revalidated)
1234 silly packumentCache full:https://registry.npmjs.org/which set size:70087 disposed:false
1235 http fetch GET 200 https://registry.npmjs.org/path-key 68ms (cache revalidated)
1236 silly packumentCache full:https://registry.npmjs.org/path-key set size:16975 disposed:false
1237 http fetch GET 200 https://registry.npmjs.org/shebang-command 69ms (cache revalidated)
1238 silly packumentCache full:https://registry.npmjs.org/shebang-command set size:8525 disposed:false
1239 silly placeDep ROOT js-yaml@4.3.1 OK for: @expo/xcpretty@4.4.4 want: ^4.1.0
1240 silly fetch manifest argparse@^2.0.1
1241 silly packumentCache full:https://registry.npmjs.org/argparse cache-miss
1242 http fetch GET 200 https://registry.npmjs.org/argparse 131ms (cache revalidated)
1243 silly packumentCache full:https://registry.npmjs.org/argparse set size:51348 disposed:false
1244 silly placeDep ROOT @isaacs/ttlcache@1.4.1 OK for: @react-native/dev-middleware@0.81.5 want: ^1.4.1
1245 silly placeDep ROOT @react-native/debugger-frontend@0.81.5 OK for: @react-native/dev-middleware@0.81.5 want: 0.81.5
1246 silly placeDep ROOT chrome-launcher@0.15.2 OK for: @react-native/dev-middleware@0.81.5 want: ^0.15.2
1247 silly placeDep ROOT chromium-edge-launcher@0.2.0 OK for: @react-native/dev-middleware@0.81.5 want: ^0.2.0
1248 silly placeDep ROOT nullthrows@1.1.1 OK for: @react-native/dev-middleware@0.81.5 want: ^1.1.1
1249 silly placeDep ROOT open@7.4.2 OK for: @react-native/dev-middleware@0.81.5 want: ^7.0.3
1250 silly placeDep ROOT serve-static@1.16.3 OK for: @react-native/dev-middleware@0.81.5 want: ^1.16.2
1251 silly placeDep node_modules/@react-native/dev-middleware ws@6.2.6 OK for: @react-native/dev-middleware@0.81.5 want: ^6.2.3
1252 silly fetch manifest is-wsl@^2.2.0
1253 silly packumentCache full:https://registry.npmjs.org/is-wsl cache-miss
1254 silly fetch manifest lighthouse-logger@^1.0.0
1255 silly packumentCache full:https://registry.npmjs.org/lighthouse-logger cache-miss
1256 silly fetch manifest is-wsl@^2.2.0
1257 silly packumentCache full:https://registry.npmjs.org/is-wsl cache-miss
1258 silly fetch manifest mkdirp@^1.0.4
1259 silly packumentCache full:https://registry.npmjs.org/mkdirp cache-miss
1260 silly fetch manifest rimraf@^3.0.2
1261 silly packumentCache full:https://registry.npmjs.org/rimraf cache-miss
1262 silly fetch manifest lighthouse-logger@^1.0.0
1263 silly packumentCache full:https://registry.npmjs.org/lighthouse-logger cache-miss
1264 silly fetch manifest is-wsl@^2.1.1
1265 silly packumentCache full:https://registry.npmjs.org/is-wsl cache-miss
1266 http fetch GET 200 https://registry.npmjs.org/lighthouse-logger 70ms (cache revalidated)
1267 silly packumentCache full:https://registry.npmjs.org/lighthouse-logger set size:19412 disposed:false
1268 silly fetch manifest is-docker@^2.0.0
1269 silly packumentCache full:https://registry.npmjs.org/is-docker cache-miss
1270 http fetch GET 200 https://registry.npmjs.org/lighthouse-logger 70ms (cache revalidated)
1271 silly packumentCache full:https://registry.npmjs.org/lighthouse-logger set size:19412 disposed:false
1272 silly packumentCache full:https://registry.npmjs.org/lighthouse-logger dispose
1273 http fetch GET 200 https://registry.npmjs.org/is-wsl 76ms (cache revalidated)
1274 silly packumentCache full:https://registry.npmjs.org/is-wsl set size:20683 disposed:false
1275 http fetch GET 200 https://registry.npmjs.org/is-wsl 76ms (cache revalidated)
1276 silly packumentCache full:https://registry.npmjs.org/is-wsl set size:20683 disposed:false
1277 silly packumentCache full:https://registry.npmjs.org/is-wsl dispose
1278 http fetch GET 200 https://registry.npmjs.org/is-wsl 78ms (cache revalidated)
1279 silly packumentCache full:https://registry.npmjs.org/is-wsl set size:20683 disposed:true
1280 silly packumentCache full:https://registry.npmjs.org/is-wsl dispose
1281 http fetch GET 200 https://registry.npmjs.org/rimraf 77ms (cache revalidated)
1282 silly packumentCache full:https://registry.npmjs.org/rimraf set size:212626 disposed:false
1283 http fetch GET 200 https://registry.npmjs.org/mkdirp 80ms (cache revalidated)
1284 silly packumentCache full:https://registry.npmjs.org/mkdirp set size:116415 disposed:false
1285 http fetch GET 200 https://registry.npmjs.org/is-docker 68ms (cache revalidated)
1286 silly packumentCache full:https://registry.npmjs.org/is-docker set size:23690 disposed:false
1287 silly placeDep ROOT wonka@6.3.6 OK for: @urql/core@5.2.0 want: ^6.3.2
1288 silly placeDep ROOT negotiator@0.6.3 OK for: accepts@1.3.8 want: 0.6.3
1289 silly placeDep ROOT @babel/plugin-proposal-decorators@7.29.7 OK for: babel-preset-expo@54.0.12 want: ^7.12.9
1290 silly placeDep ROOT @babel/plugin-proposal-export-default-from@7.29.7 OK for: babel-preset-expo@54.0.12 want: ^7.24.7
1291 silly placeDep ROOT @babel/plugin-syntax-export-default-from@7.29.7 OK for: babel-preset-expo@54.0.12 want: ^7.24.7
1292 silly placeDep ROOT @babel/plugin-transform-flow-strip-types@7.29.7 OK for: babel-preset-expo@54.0.12 want: ^7.25.2
1293 silly placeDep ROOT @babel/plugin-transform-runtime@7.29.7 OK for: babel-preset-expo@54.0.12 want: ^7.24.7
1294 silly placeDep ROOT @babel/preset-react@7.29.7 OK for: babel-preset-expo@54.0.12 want: ^7.22.15
1295 silly placeDep ROOT @babel/preset-typescript@7.29.7 OK for: babel-preset-expo@54.0.12 want: ^7.23.0
1296 silly placeDep ROOT @react-native/babel-preset@0.81.5 OK for: babel-preset-expo@54.0.12 want: 0.81.5
1297 silly placeDep ROOT babel-plugin-react-compiler@1.0.0 OK for: babel-preset-expo@54.0.12 want: ^1.0.0
1298 silly placeDep ROOT babel-plugin-react-native-web@0.21.2 OK for: babel-preset-expo@54.0.12 want: ~0.21.0
1299 silly placeDep ROOT babel-plugin-syntax-hermes-parser@0.29.1 OK for: babel-preset-expo@54.0.12 want: ^0.29.1
1300 silly placeDep ROOT babel-plugin-transform-flow-enums@0.0.2 OK for: babel-preset-expo@54.0.12 want: ^0.0.2
1301 silly fetch manifest @babel/plugin-syntax-decorators@^7.29.7
1302 silly packumentCache full:https://registry.npmjs.org/@babel%2fplugin-syntax-decorators cache-miss
1303 silly fetch manifest @babel/plugin-syntax-flow@^7.29.7
1304 silly packumentCache full:https://registry.npmjs.org/@babel%2fplugin-syntax-flow cache-miss
1305 silly fetch manifest babel-plugin-polyfill-corejs3@^0.13.0
1306 silly packumentCache full:https://registry.npmjs.org/babel-plugin-polyfill-corejs3 cache-miss
1307 silly fetch manifest @babel/plugin-transform-react-jsx@^7.29.7
1308 silly packumentCache full:https://registry.npmjs.org/@babel%2fplugin-transform-react-jsx cache-miss
1309 silly fetch manifest @babel/plugin-transform-react-display-name@^7.29.7
1310 silly packumentCache full:https://registry.npmjs.org/@babel%2fplugin-transform-react-display-name cache-miss
1311 silly fetch manifest @babel/plugin-transform-react-jsx-development@^7.29.7
1312 silly packumentCache full:https://registry.npmjs.org/@babel%2fplugin-transform-react-jsx-development cache-miss
1313 silly fetch manifest @babel/plugin-transform-react-pure-annotations@^7.29.7
1314 silly packumentCache full:https://registry.npmjs.org/@babel%2fplugin-transform-react-pure-annotations cache-miss
1315 http fetch GET 200 https://registry.npmjs.org/@babel%2fplugin-transform-react-jsx 67ms (cache revalidated)
1316 silly packumentCache full:https://registry.npmjs.org/@babel%2fplugin-transform-react-jsx set size:298685 disposed:false
1317 silly fetch manifest @babel/plugin-syntax-jsx@^7.29.7
1318 silly packumentCache full:https://registry.npmjs.org/@babel%2fplugin-syntax-jsx cache-miss
1319 http fetch GET 200 https://registry.npmjs.org/@babel%2fplugin-syntax-flow 74ms (cache revalidated)
1320 silly packumentCache full:https://registry.npmjs.org/@babel%2fplugin-syntax-flow set size:201006 disposed:false
1321 silly fetch manifest @babel/plugin-transform-typescript@^7.29.7
1322 silly packumentCache full:https://registry.npmjs.org/@babel%2fplugin-transform-typescript cache-miss
1323 http fetch GET 200 https://registry.npmjs.org/@babel%2fplugin-syntax-decorators 78ms (cache revalidated)
1324 silly packumentCache full:https://registry.npmjs.org/@babel%2fplugin-syntax-decorators set size:215890 disposed:false
1325 silly fetch manifest @babel/plugin-transform-react-jsx@^7.25.2
1326 silly packumentCache full:https://registry.npmjs.org/@babel%2fplugin-transform-react-jsx cache-hit
1327 silly fetch manifest babel-plugin-syntax-hermes-parser@0.29.1
1328 silly packumentCache full:https://registry.npmjs.org/babel-plugin-syntax-hermes-parser cache-hit
1329 silly fetch manifest @babel/plugin-transform-typescript@^7.25.2
1330 silly packumentCache full:https://registry.npmjs.org/@babel%2fplugin-transform-typescript cache-miss
1331 http fetch GET 200 https://registry.npmjs.org/babel-plugin-polyfill-corejs3 80ms (cache revalidated)
1332 silly packumentCache full:https://registry.npmjs.org/babel-plugin-polyfill-corejs3 set size:154739 disposed:false
1333 silly fetch manifest @react-native/babel-plugin-codegen@0.81.5
1334 silly packumentCache full:https://registry.npmjs.org/@react-native%2fbabel-plugin-codegen cache-miss
1335 http fetch GET 200 https://registry.npmjs.org/@babel%2fplugin-transform-react-jsx-development 81ms (cache revalidated)
1336 silly packumentCache full:https://registry.npmjs.org/@babel%2fplugin-transform-react-jsx-development set size:135202 disposed:false
1337 silly fetch manifest @babel/plugin-syntax-dynamic-import@^7.8.3
1338 silly packumentCache full:https://registry.npmjs.org/@babel%2fplugin-syntax-dynamic-import cache-miss
1339 http fetch GET 200 https://registry.npmjs.org/@babel%2fplugin-transform-react-pure-annotations 85ms (cache revalidated)
1340 silly packumentCache full:https://registry.npmjs.org/@babel%2fplugin-transform-react-pure-annotations set size:127512 disposed:false
1341 silly fetch manifest @babel/plugin-syntax-optional-chaining@^7.8.3
1342 silly packumentCache full:https://registry.npmjs.org/@babel%2fplugin-syntax-optional-chaining cache-miss
1343 http fetch GET 200 https://registry.npmjs.org/@babel%2fplugin-transform-react-display-name 86ms (cache revalidated)
1344 silly packumentCache full:https://registry.npmjs.org/@babel%2fplugin-transform-react-display-name set size:218986 disposed:false
1345 silly fetch manifest @babel/plugin-transform-react-jsx-self@^7.24.7
1346 silly packumentCache full:https://registry.npmjs.org/@babel%2fplugin-transform-react-jsx-self cache-miss
1347 http fetch GET 200 https://registry.npmjs.org/@babel%2fplugin-transform-typescript 73ms (cache revalidated)
1348 silly packumentCache full:https://registry.npmjs.org/@babel%2fplugin-transform-typescript set size:402797 disposed:false
1349 silly fetch manifest @babel/plugin-transform-react-jsx-source@^7.24.7
1350 silly packumentCache full:https://registry.npmjs.org/@babel%2fplugin-transform-react-jsx-source cache-miss
1351 http fetch GET 200 https://registry.npmjs.org/@babel%2fplugin-transform-typescript 80ms (cache revalidated)
1352 silly packumentCache full:https://registry.npmjs.org/@babel%2fplugin-transform-typescript set size:402797 disposed:false
1353 silly packumentCache full:https://registry.npmjs.org/@babel%2fplugin-transform-typescript dispose
1354 silly fetch manifest @babel/plugin-transform-react-display-name@^7.24.7
1355 silly packumentCache full:https://registry.npmjs.org/@babel%2fplugin-transform-react-display-name cache-hit
1356 silly fetch manifest @babel/plugin-syntax-nullish-coalescing-operator@^7.8.3
1357 silly packumentCache full:https://registry.npmjs.org/@babel%2fplugin-syntax-nullish-coalescing-operator cache-miss
1358 http fetch GET 200 https://registry.npmjs.org/@babel%2fplugin-syntax-optional-chaining 76ms (cache revalidated)
1359 silly packumentCache full:https://registry.npmjs.org/@babel%2fplugin-syntax-optional-chaining set size:82606 disposed:false
1360 silly fetch manifest @babel/plugin-syntax-flow@^7.12.1
1361 silly packumentCache full:https://registry.npmjs.org/@babel%2fplugin-syntax-flow cache-hit
1362 http fetch GET 200 https://registry.npmjs.org/@babel%2fplugin-syntax-dynamic-import 82ms (cache revalidated)
1363 silly packumentCache full:https://registry.npmjs.org/@babel%2fplugin-syntax-dynamic-import set size:81432 disposed:false
1364 http fetch GET 200 https://registry.npmjs.org/@babel%2fplugin-transform-react-jsx-self 78ms (cache revalidated)
1365 silly packumentCache full:https://registry.npmjs.org/@babel%2fplugin-transform-react-jsx-self set size:200274 disposed:false
1366 http fetch GET 200 https://registry.npmjs.org/@react-native%2fbabel-plugin-codegen 88ms (cache revalidated)
1367 silly packumentCache full:https://registry.npmjs.org/@react-native%2fbabel-plugin-codegen set size:2344801 disposed:false
1368 http fetch GET 200 https://registry.npmjs.org/@babel%2fplugin-transform-react-jsx-source 84ms (cache revalidated)
1369 silly packumentCache full:https://registry.npmjs.org/@babel%2fplugin-transform-react-jsx-source set size:205288 disposed:false
1370 http fetch GET 200 https://registry.npmjs.org/@babel%2fplugin-syntax-nullish-coalescing-operator 81ms (cache revalidated)
1371 silly packumentCache full:https://registry.npmjs.org/@babel%2fplugin-syntax-nullish-coalescing-operator set size:85378 disposed:false
1372 http fetch GET 200 https://registry.npmjs.org/@babel%2fplugin-syntax-jsx 288ms (cache revalidated)
1373 silly packumentCache full:https://registry.npmjs.org/@babel%2fplugin-syntax-jsx set size:194952 disposed:false
1374 silly placeDep ROOT @babel/plugin-syntax-decorators@7.29.7 OK for: @babel/plugin-proposal-decorators@7.29.7 want: ^7.29.7
1375 silly placeDep ROOT @babel/plugin-syntax-flow@7.29.7 OK for: @babel/plugin-transform-flow-strip-types@7.29.7 want: ^7.29.7
1376 silly placeDep ROOT babel-plugin-polyfill-corejs3@0.13.0 OK for: @babel/plugin-transform-runtime@7.29.7 want: ^0.13.0
1377 silly placeDep ROOT @babel/plugin-transform-react-display-name@7.29.7 OK for: @babel/preset-react@7.29.7 want: ^7.29.7
1378 silly placeDep ROOT @babel/plugin-transform-react-jsx@7.29.7 OK for: @babel/preset-react@7.29.7 want: ^7.29.7
1379 silly placeDep ROOT @babel/plugin-transform-react-jsx-development@7.29.7 OK for: @babel/preset-react@7.29.7 want: ^7.29.7
1380 silly placeDep ROOT @babel/plugin-transform-react-pure-annotations@7.29.7 OK for: @babel/preset-react@7.29.7 want: ^7.29.7
1381 silly placeDep ROOT @babel/plugin-syntax-jsx@7.29.7 OK for: @babel/plugin-transform-react-jsx@7.29.7 want: ^7.29.7
1382 silly placeDep ROOT @babel/plugin-transform-typescript@7.29.7 OK for: @babel/preset-typescript@7.29.7 want: ^7.29.7
1383 silly fetch manifest @babel/plugin-syntax-typescript@^7.29.7
1384 silly packumentCache full:https://registry.npmjs.org/@babel%2fplugin-syntax-typescript cache-miss
1385 http fetch GET 200 https://registry.npmjs.org/@babel%2fplugin-syntax-typescript 65ms (cache revalidated)
1386 silly packumentCache full:https://registry.npmjs.org/@babel%2fplugin-syntax-typescript set size:221236 disposed:false
1387 silly placeDep ROOT @babel/plugin-syntax-typescript@7.29.7 OK for: @babel/plugin-transform-typescript@7.29.7 want: ^7.29.7
1388 silly placeDep ROOT @babel/plugin-syntax-dynamic-import@7.8.3 OK for: @react-native/babel-preset@0.81.5 want: ^7.8.3
1389 silly placeDep ROOT @babel/plugin-syntax-nullish-coalescing-operator@7.8.3 OK for: @react-native/babel-preset@0.81.5 want: ^7.8.3
1390 silly placeDep ROOT @babel/plugin-syntax-optional-chaining@7.8.3 OK for: @react-native/babel-preset@0.81.5 want: ^7.8.3
1391 silly placeDep ROOT @babel/plugin-transform-react-jsx-self@7.29.7 OK for: @react-native/babel-preset@0.81.5 want: ^7.24.7
1392 silly placeDep ROOT @babel/plugin-transform-react-jsx-source@7.29.7 OK for: @react-native/babel-preset@0.81.5 want: ^7.24.7
1393 silly placeDep ROOT @react-native/babel-plugin-codegen@0.81.5 OK for: @react-native/babel-preset@0.81.5 want: 0.81.5
1394 silly fetch manifest @react-native/codegen@0.81.5
1395 silly packumentCache full:https://registry.npmjs.org/@react-native%2fcodegen cache-miss
1396 http cache https://registry.npmjs.org/@react-native%2fcodegen 7ms (cache hit)
1397 silly packumentCache full:https://registry.npmjs.org/@react-native%2fcodegen set size:3061277 disposed:false
1398 silly placeDep ROOT @react-native/codegen@0.81.5 OK for: @react-native/babel-plugin-codegen@0.81.5 want: 0.81.5
1399 silly placeDep node_modules/@react-native/codegen glob@7.2.3 OK for: @react-native/codegen@0.81.5 want: ^7.1.1
1400 silly placeDep ROOT yargs@17.7.3 OK for: @react-native/codegen@0.81.5 want: ^17.6.2
1401 silly fetch manifest inflight@^1.0.4
1402 silly packumentCache full:https://registry.npmjs.org/inflight cache-miss
1403 silly fetch manifest inherits@2
1404 silly packumentCache full:https://registry.npmjs.org/inherits cache-miss
1405 silly fetch manifest minimatch@^3.1.1
1406 silly packumentCache full:https://registry.npmjs.org/minimatch cache-hit
1407 silly fetch manifest fs.realpath@^1.0.0
1408 silly packumentCache full:https://registry.npmjs.org/fs.realpath cache-miss
1409 silly fetch manifest path-is-absolute@^1.0.0
1410 silly packumentCache full:https://registry.npmjs.org/path-is-absolute cache-miss
1411 silly fetch manifest y18n@^5.0.5
1412 silly packumentCache full:https://registry.npmjs.org/y18n cache-miss
1413 silly fetch manifest cliui@^8.0.1
1414 silly packumentCache full:https://registry.npmjs.org/cliui cache-miss
1415 silly fetch manifest string-width@^4.2.3
1416 silly packumentCache full:https://registry.npmjs.org/string-width cache-hit
1417 silly fetch manifest yargs-parser@^21.1.1
1418 silly packumentCache full:https://registry.npmjs.org/yargs-parser cache-miss
1419 http fetch GET 200 https://registry.npmjs.org/path-is-absolute 61ms (cache revalidated)
1420 silly packumentCache full:https://registry.npmjs.org/path-is-absolute set size:8253 disposed:false
1421 silly fetch manifest get-caller-file@^2.0.5
1422 silly packumentCache full:https://registry.npmjs.org/get-caller-file cache-miss
1423 http fetch GET 200 https://registry.npmjs.org/inflight 64ms (cache revalidated)
1424 silly packumentCache full:https://registry.npmjs.org/inflight set size:13140 disposed:false
1425 silly fetch manifest require-directory@^2.1.1
1426 silly packumentCache full:https://registry.npmjs.org/require-directory cache-miss
1427 http fetch GET 200 https://registry.npmjs.org/fs.realpath 66ms (cache revalidated)
1428 silly packumentCache full:https://registry.npmjs.org/fs.realpath set size:4806 disposed:false
1429 http fetch GET 200 https://registry.npmjs.org/cliui 65ms (cache revalidated)
1430 silly packumentCache full:https://registry.npmjs.org/cliui set size:69089 disposed:false
1431 http fetch GET 200 https://registry.npmjs.org/inherits 67ms (cache revalidated)
1432 silly packumentCache full:https://registry.npmjs.org/inherits set size:12925 disposed:false
1433 http fetch GET 200 https://registry.npmjs.org/yargs-parser 67ms (cache revalidated)
1434 silly packumentCache full:https://registry.npmjs.org/yargs-parser set size:238630 disposed:false
1435 http fetch GET 200 https://registry.npmjs.org/y18n 69ms (cache revalidated)
1436 silly packumentCache full:https://registry.npmjs.org/y18n set size:76155 disposed:false
1437 http fetch GET 200 https://registry.npmjs.org/get-caller-file 62ms (cache revalidated)
1438 silly packumentCache full:https://registry.npmjs.org/get-caller-file set size:26456 disposed:false
1439 http fetch GET 200 https://registry.npmjs.org/require-directory 65ms (cache revalidated)
1440 silly packumentCache full:https://registry.npmjs.org/require-directory set size:26866 disposed:false
1441 silly placeDep node_modules/better-opn open@8.4.2 OK for: better-opn@3.0.2 want: ^8.0.4
1442 silly fetch manifest is-docker@^2.1.1
1443 silly packumentCache full:https://registry.npmjs.org/is-docker cache-hit
1444 silly fetch manifest define-lazy-prop@^2.0.0
1445 silly packumentCache full:https://registry.npmjs.org/define-lazy-prop cache-miss
1446 http fetch GET 200 https://registry.npmjs.org/define-lazy-prop 58ms (cache revalidated)
1447 silly packumentCache full:https://registry.npmjs.org/define-lazy-prop set size:9337 disposed:false
1448 silly placeDep ROOT stream-buffers@2.2.0 OK for: bplist-creator@0.1.0 want: 2.2.x
1449 silly placeDep ROOT big-integer@1.6.52 OK for: bplist-parser@0.3.2 want: 1.6.x
1450 silly placeDep ROOT is-wsl@2.2.0 OK for: chrome-launcher@0.15.2 want: ^2.2.0
1451 silly placeDep ROOT lighthouse-logger@1.4.2 OK for: chrome-launcher@0.15.2 want: ^1.0.0
1452 silly fetch manifest debug@^2.6.9
1453 silly packumentCache full:https://registry.npmjs.org/debug cache-hit
1454 silly fetch manifest marky@^1.2.2
1455 silly packumentCache full:https://registry.npmjs.org/marky cache-miss
1456 http fetch GET 200 https://registry.npmjs.org/marky 63ms (cache revalidated)
1457 silly packumentCache full:https://registry.npmjs.org/marky set size:45300 disposed:false
1458 silly placeDep ROOT mkdirp@1.0.4 OK for: chromium-edge-launcher@0.2.0 want: ^1.0.4
1459 silly placeDep ROOT rimraf@3.0.2 OK for: chromium-edge-launcher@0.2.0 want: ^3.0.2
1460 silly fetch manifest glob@^7.1.3
1461 silly packumentCache full:https://registry.npmjs.org/glob cache-hit
1462 silly placeDep ROOT bytes@3.1.2 OK for: compression@1.8.1 want: 3.1.2
1463 silly placeDep ROOT compressible@2.0.18 OK for: compression@1.8.1 want: ~2.0.18
1464 silly placeDep node_modules/compression debug@2.6.9 OK for: compression@1.8.1 want: 2.6.9
1465 silly placeDep node_modules/compression negotiator@0.6.4 OK for: compression@1.8.1 want: ~0.6.4
1466 silly placeDep ROOT on-headers@1.1.0 OK for: compression@1.8.1 want: ~1.1.0
1467 silly placeDep ROOT safe-buffer@5.2.1 OK for: compression@1.8.1 want: 5.2.1
1468 silly placeDep ROOT vary@1.1.2 OK for: compression@1.8.1 want: ~1.1.2
1469 silly fetch manifest ms@2.0.0
1470 silly packumentCache full:https://registry.npmjs.org/ms cache-miss
1471 http fetch GET 200 https://registry.npmjs.org/ms 132ms (cache revalidated)
1472 silly packumentCache full:https://registry.npmjs.org/ms set size:92208 disposed:false
1473 silly placeDep node_modules/connect debug@2.6.9 OK for: connect@3.7.0 want: 2.6.9
1474 silly placeDep ROOT finalhandler@1.1.2 OK for: connect@3.7.0 want: 1.1.2
1475 silly placeDep ROOT parseurl@1.3.3 OK for: connect@3.7.0 want: ~1.3.3
1476 silly placeDep ROOT utils-merge@1.0.1 OK for: connect@3.7.0 want: 1.0.1
1477 silly fetch manifest unpipe@~1.0.0
1478 silly packumentCache full:https://registry.npmjs.org/unpipe cache-miss
1479 silly fetch manifest statuses@~1.5.0
1480 silly packumentCache full:https://registry.npmjs.org/statuses cache-hit
1481 silly fetch manifest encodeurl@~1.0.2
1482 silly packumentCache full:https://registry.npmjs.org/encodeurl cache-hit
1483 silly fetch manifest on-finished@~2.3.0
1484 silly packumentCache full:https://registry.npmjs.org/on-finished cache-hit
1485 http fetch GET 200 https://registry.npmjs.org/unpipe 61ms (cache revalidated)
1486 silly packumentCache full:https://registry.npmjs.org/unpipe set size:3609 disposed:false
1487 silly placeDep ROOT path-key@3.1.1 OK for: cross-spawn@7.0.6 want: ^3.1.0
1488 silly placeDep ROOT shebang-command@2.0.0 OK for: cross-spawn@7.0.6 want: ^2.0.0
1489 silly placeDep ROOT which@2.0.2 OK for: cross-spawn@7.0.6 want: ^2.0.1
1490 silly fetch manifest shebang-regex@^3.0.0
1491 silly packumentCache full:https://registry.npmjs.org/shebang-regex cache-miss
1492 silly fetch manifest isexe@^2.0.0
1493 silly packumentCache full:https://registry.npmjs.org/isexe cache-miss
1494 http fetch GET 200 https://registry.npmjs.org/isexe 64ms (cache revalidated)
1495 silly packumentCache full:https://registry.npmjs.org/isexe set size:31756 disposed:false
1496 http fetch GET 200 https://registry.npmjs.org/shebang-regex 69ms (cache revalidated)
1497 silly packumentCache full:https://registry.npmjs.org/shebang-regex set size:9763 disposed:false
1498 silly placeDep ROOT fontfaceobserver@2.3.0 OK for: expo-font@14.0.12 want: ^2.1.0
1499 silly placeDep node_modules/expo-linking expo-constants@17.0.8 OK for: expo-linking@7.0.5 want: ~17.0.5
1500 silly fetch manifest @expo/env@~0.4.2
1501 silly packumentCache full:https://registry.npmjs.org/@expo%2fenv cache-hit
1502 silly fetch manifest @expo/config@~10.0.11
1503 silly packumentCache full:https://registry.npmjs.org/@expo%2fconfig cache-miss
1504 http cache https://registry.npmjs.org/@expo%2fconfig 6ms (cache hit)
1505 silly packumentCache full:https://registry.npmjs.org/@expo%2fconfig set size:1544333 disposed:false
1506 silly placeDep ROOT commander@7.2.0 OK for: expo-modules-autolinking@3.0.26 want: ^7.2.0
1507 silly placeDep ROOT react-native-edge-to-edge@1.6.0 OK for: expo-status-bar@2.2.3 want: 1.6.0
1508 silly placeDep ROOT react-native-is-edge-to-edge@1.3.1 OK for: expo-status-bar@2.2.3 want: ^1.1.6
1509 silly placeDep node_modules/finalhandler debug@2.6.9 OK for: finalhandler@1.1.2 want: 2.6.9
1510 silly placeDep ROOT encodeurl@1.0.2 OK for: finalhandler@1.1.2 want: ~1.0.2
1511 silly placeDep ROOT escape-html@1.0.3 OK for: finalhandler@1.1.2 want: ~1.0.3
1512 silly placeDep ROOT on-finished@2.3.0 OK for: finalhandler@1.1.2 want: ~2.3.0
1513 silly placeDep ROOT statuses@1.5.0 OK for: finalhandler@1.1.2 want: ~1.5.0
1514 silly placeDep ROOT unpipe@1.0.0 OK for: finalhandler@1.1.2 want: ~1.0.0
1515 silly fetch manifest ee-first@1.1.1
1516 silly packumentCache full:https://registry.npmjs.org/ee-first cache-miss
1517 http fetch GET 200 https://registry.npmjs.org/ee-first 57ms (cache revalidated)
1518 silly packumentCache full:https://registry.npmjs.org/ee-first set size:15327 disposed:false
1519 silly placeDep node_modules/glob minimatch@10.2.6 OK for: glob@13.0.6 want: ^10.2.2
1520 silly placeDep ROOT minipass@7.1.3 OK for: glob@13.0.6 want: ^7.1.3
1521 silly placeDep ROOT path-scurry@2.0.2 OK for: glob@13.0.6 want: ^2.0.2
1522 silly fetch manifest lru-cache@^11.0.0
1523 silly packumentCache full:https://registry.npmjs.org/lru-cache cache-miss
1524 http fetch GET 200 https://registry.npmjs.org/lru-cache 58ms (cache revalidated)
1525 silly packumentCache full:https://registry.npmjs.org/lru-cache set size:460407 disposed:false
1526 silly placeDep ROOT hermes-estree@0.29.1 OK for: hermes-parser@0.29.1 want: 0.29.1
1527 silly placeDep ROOT is-docker@2.2.1 OK for: is-wsl@2.2.0 want: ^2.0.0
1528 silly placeDep ROOT argparse@2.0.1 OK for: js-yaml@4.3.1 want: ^2.0.1
1529 silly placeDep node_modules/lighthouse-logger debug@2.6.9 OK for: lighthouse-logger@1.4.2 want: ^2.6.9
1530 silly placeDep ROOT marky@1.3.0 OK for: lighthouse-logger@1.4.2 want: ^1.2.2
1531 silly placeDep ROOT detect-libc@2.1.2 OK for: lightningcss@1.33.0 want: ^2.0.3
1532 silly placeDep ROOT lightningcss-android-arm64@1.33.0 OK for: lightningcss@1.33.0 want: 1.33.0
1533 silly placeDep ROOT lightningcss-darwin-arm64@1.33.0 OK for: lightningcss@1.33.0 want: 1.33.0
1534 silly placeDep ROOT lightningcss-darwin-x64@1.33.0 OK for: lightningcss@1.33.0 want: 1.33.0
1535 silly placeDep ROOT lightningcss-freebsd-x64@1.33.0 OK for: lightningcss@1.33.0 want: 1.33.0
1536 silly placeDep ROOT lightningcss-linux-arm-gnueabihf@1.33.0 OK for: lightningcss@1.33.0 want: 1.33.0
1537 silly placeDep ROOT lightningcss-linux-arm64-gnu@1.33.0 OK for: lightningcss@1.33.0 want: 1.33.0
1538 silly placeDep ROOT lightningcss-linux-arm64-musl@1.33.0 OK for: lightningcss@1.33.0 want: 1.33.0
1539 silly placeDep ROOT lightningcss-linux-x64-gnu@1.33.0 OK for: lightningcss@1.33.0 want: 1.33.0
1540 silly placeDep ROOT lightningcss-linux-x64-musl@1.33.0 OK for: lightningcss@1.33.0 want: 1.33.0
1541 silly placeDep ROOT lightningcss-win32-arm64-msvc@1.33.0 OK for: lightningcss@1.33.0 want: 1.33.0
1542 silly placeDep ROOT lightningcss-win32-x64-msvc@1.33.0 OK for: lightningcss@1.33.0 want: 1.33.0
1543 silly placeDep node_modules/metro ci-info@2.0.0 OK for: metro@0.83.3 want: ^2.0.0
1544 silly placeDep ROOT error-stack-parser@2.1.4 OK for: metro@0.83.3 want: ^2.0.6
1545 silly placeDep ROOT flow-enums-runtime@0.0.6 OK for: metro@0.83.3 want: ^0.0.6
1546 silly placeDep node_modules/metro hermes-parser@0.32.0 OK for: metro@0.83.3 want: 0.32.0
1547 silly placeDep ROOT image-size@1.2.1 OK for: metro@0.83.3 want: ^1.0.2
1548 silly placeDep ROOT jest-worker@29.7.0 OK for: metro@0.83.3 want: ^29.7.0
1549 silly placeDep ROOT lodash.throttle@4.1.1 OK for: metro@0.83.3 want: ^4.1.1
1550 silly placeDep ROOT serialize-error@2.1.0 OK for: metro@0.83.3 want: ^2.1.0
1551 silly placeDep ROOT source-map@0.5.7 OK for: metro@0.83.3 want: ^0.5.6
1552 silly placeDep ROOT throat@5.0.0 OK for: metro@0.83.3 want: ^5.0.0
1553 silly placeDep node_modules/metro ws@7.5.13 OK for: metro@0.83.3 want: ^7.5.10
1554 silly fetch manifest stackframe@^1.3.4
1555 silly packumentCache full:https://registry.npmjs.org/stackframe cache-miss
1556 silly fetch manifest hermes-estree@0.32.0
1557 silly packumentCache full:https://registry.npmjs.org/hermes-estree cache-hit
1558 silly fetch manifest queue@6.0.2
1559 silly packumentCache full:https://registry.npmjs.org/queue cache-miss
1560 silly fetch manifest merge-stream@^2.0.0
1561 silly packumentCache full:https://registry.npmjs.org/merge-stream cache-miss
1562 silly fetch manifest supports-color@^8.0.0
1563 silly packumentCache full:https://registry.npmjs.org/supports-color cache-miss
1564 http fetch GET 200 https://registry.npmjs.org/supports-color 68ms (cache revalidated)
1565 silly packumentCache full:https://registry.npmjs.org/supports-color set size:124169 disposed:false
1566 http fetch GET 200 https://registry.npmjs.org/stackframe 70ms (cache revalidated)
1567 silly packumentCache full:https://registry.npmjs.org/stackframe set size:54134 disposed:false
1568 http fetch GET 200 https://registry.npmjs.org/queue 71ms (cache revalidated)
1569 silly packumentCache full:https://registry.npmjs.org/queue set size:76287 disposed:false
1570 http fetch GET 200 https://registry.npmjs.org/merge-stream 72ms (cache revalidated)
1571 silly packumentCache full:https://registry.npmjs.org/merge-stream set size:22168 disposed:false
1572 silly placeDep ROOT stackframe@1.3.4 OK for: error-stack-parser@2.1.4 want: ^1.3.4
1573 silly placeDep ROOT queue@6.0.2 OK for: image-size@1.2.1 want: 6.0.2
1574 silly fetch manifest inherits@~2.0.3
1575 silly packumentCache full:https://registry.npmjs.org/inherits cache-hit
1576 silly placeDep ROOT merge-stream@2.0.0 OK for: jest-worker@29.7.0 want: ^2.0.0
1577 silly placeDep node_modules/jest-worker supports-color@8.1.1 OK for: jest-worker@29.7.0 want: ^8.0.0
1578 silly placeDep node_modules/metro-babel-transformer hermes-parser@0.32.0 OK for: metro-babel-transformer@0.83.3 want: 0.32.0
1579 silly placeDep ROOT exponential-backoff@3.1.3 OK for: metro-cache@0.83.3 want: ^3.1.1
1580 silly placeDep node_modules/metro-cache https-proxy-agent@7.0.6 OK for: metro-cache@0.83.3 want: ^7.0.5
1581 silly fetch manifest agent-base@^7.1.2
1582 silly packumentCache full:https://registry.npmjs.org/agent-base cache-miss
1583 http fetch GET 200 https://registry.npmjs.org/agent-base 137ms (cache revalidated)
1584 silly packumentCache full:https://registry.npmjs.org/agent-base set size:72085 disposed:false
1585 silly placeDep ROOT jest-validate@29.7.0 OK for: metro-config@0.83.3 want: ^29.7.0
1586 silly placeDep ROOT yaml@2.9.0 OK for: metro-config@0.83.3 want: ^2.6.1
1587 silly fetch manifest leven@^3.1.0
1588 silly packumentCache full:https://registry.npmjs.org/leven cache-miss
1589 silly fetch manifest camelcase@^6.2.0
1590 silly packumentCache full:https://registry.npmjs.org/camelcase cache-miss
1591 silly fetch manifest @jest/types@^29.6.3
1592 silly packumentCache full:https://registry.npmjs.org/@jest%2ftypes cache-miss
1593 silly fetch manifest jest-get-type@^29.6.3
1594 silly packumentCache full:https://registry.npmjs.org/jest-get-type cache-miss
1595 http fetch GET 200 https://registry.npmjs.org/camelcase 64ms (cache revalidated)
1596 silly packumentCache full:https://registry.npmjs.org/camelcase set size:60255 disposed:false
1597 http fetch GET 200 https://registry.npmjs.org/leven 67ms (cache revalidated)
1598 silly packumentCache full:https://registry.npmjs.org/leven set size:23210 disposed:false
1599 http fetch GET 200 https://registry.npmjs.org/jest-get-type 67ms (cache revalidated)
1600 silly packumentCache full:https://registry.npmjs.org/jest-get-type set size:201170 disposed:false
1601 http fetch GET 200 https://registry.npmjs.org/@jest%2ftypes 518ms (cache revalidated)
1602 silly packumentCache full:https://registry.npmjs.org/@jest%2ftypes set size:292365 disposed:false
1603 silly placeDep ROOT @jest/types@29.6.3 OK for: jest-validate@29.7.0 want: ^29.6.3
1604 silly placeDep ROOT camelcase@6.3.0 OK for: jest-validate@29.7.0 want: ^6.2.0
1605 silly placeDep ROOT jest-get-type@29.6.3 OK for: jest-validate@29.7.0 want: ^29.6.3
1606 silly placeDep ROOT leven@3.1.0 OK for: jest-validate@29.7.0 want: ^3.1.0
1607 silly fetch manifest @types/yargs@^17.0.8
1608 silly packumentCache full:https://registry.npmjs.org/@types%2fyargs cache-miss
1609 silly fetch manifest @types/istanbul-reports@^3.0.0
1610 silly packumentCache full:https://registry.npmjs.org/@types%2fistanbul-reports cache-miss
1611 http fetch GET 200 https://registry.npmjs.org/@types%2fistanbul-reports 65ms (cache revalidated)
1612 silly packumentCache full:https://registry.npmjs.org/@types%2fistanbul-reports set size:17607 disposed:false
1613 http fetch GET 200 https://registry.npmjs.org/@types%2fyargs 68ms (cache revalidated)
1614 silly packumentCache full:https://registry.npmjs.org/@types%2fyargs set size:390540 disposed:false
1615 silly placeDep ROOT @types/istanbul-reports@3.0.4 OK for: @jest/types@29.6.3 want: ^3.0.0
1616 silly placeDep ROOT @types/yargs@17.0.35 OK for: @jest/types@29.6.3 want: ^17.0.8
1617 silly fetch manifest @types/istanbul-lib-report@*
1618 silly packumentCache full:https://registry.npmjs.org/@types%2fistanbul-lib-report cache-miss
1619 silly fetch manifest @types/yargs-parser@*
1620 silly packumentCache full:https://registry.npmjs.org/@types%2fyargs-parser cache-miss
1621 http fetch GET 200 https://registry.npmjs.org/@types%2fistanbul-lib-report 67ms (cache revalidated)
1622 silly packumentCache full:https://registry.npmjs.org/@types%2fistanbul-lib-report set size:12674 disposed:false
1623 http fetch GET 200 https://registry.npmjs.org/@types%2fyargs-parser 68ms (cache revalidated)
1624 silly packumentCache full:https://registry.npmjs.org/@types%2fyargs-parser set size:42751 disposed:false
1625 silly placeDep ROOT @types/istanbul-lib-report@3.0.3 OK for: @types/istanbul-reports@3.0.4 want: *
1626 silly placeDep ROOT @types/yargs-parser@21.0.3 OK for: @types/yargs@17.0.35 want: *
1627 silly placeDep ROOT fb-watchman@2.0.2 OK for: metro-file-map@0.83.3 want: ^2.0.0
1628 silly placeDep ROOT walker@1.0.8 OK for: metro-file-map@0.83.3 want: ^1.0.7
1629 silly fetch manifest bser@2.1.1
1630 silly packumentCache full:https://registry.npmjs.org/bser cache-miss
1631 silly fetch manifest makeerror@1.0.12
1632 silly packumentCache full:https://registry.npmjs.org/makeerror cache-miss
1633 http fetch GET 200 https://registry.npmjs.org/bser 60ms (cache revalidated)
1634 silly packumentCache full:https://registry.npmjs.org/bser set size:14158 disposed:false
1635 http fetch GET 200 https://registry.npmjs.org/makeerror 60ms (cache revalidated)
1636 silly packumentCache full:https://registry.npmjs.org/makeerror set size:16681 disposed:false
1637 silly placeDep ROOT bser@2.1.1 OK for: fb-watchman@2.0.2 want: 2.1.1
1638 silly fetch manifest node-int64@^0.4.0
1639 silly packumentCache full:https://registry.npmjs.org/node-int64 cache-miss
1640 http fetch GET 200 https://registry.npmjs.org/node-int64 59ms (cache revalidated)
1641 silly packumentCache full:https://registry.npmjs.org/node-int64 set size:11660 disposed:false
1642 silly placeDep ROOT node-int64@0.4.0 OK for: bser@2.1.1 want: ^0.4.0
1643 silly placeDep ROOT terser@5.50.0 OK for: metro-minify-terser@0.83.3 want: ^5.15.0
1644 silly fetch manifest acorn@^8.15.0
1645 silly packumentCache full:https://registry.npmjs.org/acorn cache-miss
1646 silly fetch manifest commander@^2.20.0
1647 silly packumentCache full:https://registry.npmjs.org/commander cache-hit
1648 silly fetch manifest @jridgewell/source-map@^0.3.3
1649 silly packumentCache full:https://registry.npmjs.org/@jridgewell%2fsource-map cache-miss
1650 http fetch GET 200 https://registry.npmjs.org/acorn 63ms (cache revalidated)
1651 silly packumentCache full:https://registry.npmjs.org/acorn set size:383439 disposed:false
1652 http fetch GET 200 https://registry.npmjs.org/@jridgewell%2fsource-map 70ms (cache revalidated)
1653 silly packumentCache full:https://registry.npmjs.org/@jridgewell%2fsource-map set size:45204 disposed:false
1654 silly placeDep ROOT @babel/traverse--for-generate-function-map@7.29.8 OK for: metro-source-map@0.83.3 want: npm:@babel/traverse@^7.25.3
1655 silly placeDep ROOT ob1@0.83.3 OK for: metro-source-map@0.83.3 want: 0.83.3
1656 silly placeDep ROOT vlq@1.0.1 OK for: metro-source-map@0.83.3 want: ^1.0.0
1657 silly placeDep ROOT brace-expansion@2.1.4 OK for: minimatch@9.0.9 want: ^2.0.2
1658 silly fetch manifest balanced-match@^1.0.0
1659 silly packumentCache full:https://registry.npmjs.org/balanced-match cache-miss
1660 http fetch GET 200 https://registry.npmjs.org/balanced-match 61ms (cache revalidated)
1661 silly packumentCache full:https://registry.npmjs.org/balanced-match set size:39082 disposed:false
1662 silly placeDep ROOT balanced-match@1.0.2 OK for: brace-expansion@2.1.4 want: ^1.0.0
1663 silly placeDep ROOT hosted-git-info@7.0.2 OK for: npm-package-arg@11.0.3 want: ^7.0.0
1664 silly placeDep ROOT proc-log@4.2.0 OK for: npm-package-arg@11.0.3 want: ^4.0.0
1665 silly placeDep node_modules/npm-package-arg semver@7.8.5 OK for: npm-package-arg@11.0.3 want: ^7.3.5
1666 silly placeDep ROOT validate-npm-package-name@5.0.1 OK for: npm-package-arg@11.0.3 want: ^5.0.0
1667 silly fetch manifest lru-cache@^10.0.1
1668 silly packumentCache full:https://registry.npmjs.org/lru-cache cache-hit
1669 silly placeDep node_modules/hosted-git-info lru-cache@10.4.3 OK for: hosted-git-info@7.0.2 want: ^10.0.1
1670 silly placeDep ROOT ee-first@1.1.1 OK for: on-finished@2.3.0 want: 1.1.1
1671 silly placeDep node_modules/ora chalk@2.4.2 OK for: ora@3.4.0 want: ^2.4.2
1672 silly placeDep ROOT cli-cursor@2.1.0 OK for: ora@3.4.0 want: ^2.1.0
1673 silly placeDep ROOT cli-spinners@2.9.2 OK for: ora@3.4.0 want: ^2.0.0
1674 silly placeDep ROOT log-symbols@2.2.0 OK for: ora@3.4.0 want: ^2.2.0
1675 silly placeDep ROOT strip-ansi@5.2.0 OK for: ora@3.4.0 want: ^5.2.0
1676 silly placeDep ROOT wcwidth@1.0.1 OK for: ora@3.4.0 want: ^1.0.1
1677 silly fetch manifest ansi-styles@^3.2.1
1678 silly packumentCache full:https://registry.npmjs.org/ansi-styles cache-hit
1679 silly fetch manifest supports-color@^5.3.0
1680 silly packumentCache full:https://registry.npmjs.org/supports-color cache-hit
1681 silly fetch manifest escape-string-regexp@^1.0.5
1682 silly packumentCache full:https://registry.npmjs.org/escape-string-regexp cache-miss
1683 silly fetch manifest restore-cursor@^2.0.0
1684 silly packumentCache full:https://registry.npmjs.org/restore-cursor cache-miss
1685 silly fetch manifest chalk@^2.0.1
1686 silly packumentCache full:https://registry.npmjs.org/chalk cache-hit
1687 silly fetch manifest ansi-regex@^4.1.0
1688 silly packumentCache full:https://registry.npmjs.org/ansi-regex cache-hit
1689 silly fetch manifest defaults@^1.0.3
1690 silly packumentCache full:https://registry.npmjs.org/defaults cache-miss
1691 http fetch GET 200 https://registry.npmjs.org/escape-string-regexp 139ms (cache revalidated)
1692 silly packumentCache full:https://registry.npmjs.org/escape-string-regexp set size:22244 disposed:false
1693 http fetch GET 200 https://registry.npmjs.org/restore-cursor 140ms (cache revalidated)
1694 silly packumentCache full:https://registry.npmjs.org/restore-cursor set size:17895 disposed:false
1695 http fetch GET 200 https://registry.npmjs.org/defaults 140ms (cache revalidated)
1696 silly packumentCache full:https://registry.npmjs.org/defaults set size:18134 disposed:false
1697 silly placeDep ROOT restore-cursor@2.0.0 OK for: cli-cursor@2.1.0 want: ^2.0.0
1698 silly fetch manifest onetime@^2.0.0
1699 silly packumentCache full:https://registry.npmjs.org/onetime cache-miss
1700 silly fetch manifest signal-exit@^3.0.2
1701 silly packumentCache full:https://registry.npmjs.org/signal-exit cache-miss
1702 http fetch GET 200 https://registry.npmjs.org/onetime 62ms (cache revalidated)
1703 silly packumentCache full:https://registry.npmjs.org/onetime set size:32314 disposed:false
1704 http fetch GET 200 https://registry.npmjs.org/signal-exit 63ms (cache revalidated)
1705 silly packumentCache full:https://registry.npmjs.org/signal-exit set size:53489 disposed:false
1706 silly placeDep node_modules/log-symbols chalk@2.4.2 OK for: log-symbols@2.2.0 want: ^2.0.1
1707 silly placeDep ROOT yocto-queue@0.1.0 OK for: p-limit@3.1.0 want: ^0.1.0
1708 silly placeDep ROOT pngjs@3.4.0 OK for: parse-png@2.1.0 want: ^3.3.0
1709 silly placeDep node_modules/path-scurry lru-cache@11.5.2 OK for: path-scurry@2.0.2 want: ^11.0.0
1710 silly placeDep ROOT source-map-js@1.2.1 OK for: postcss@8.4.49 want: ^1.2.1
1711 silly placeDep node_modules/pretty-format ansi-styles@5.2.0 OK for: pretty-format@29.7.0 want: ^5.0.0
1712 silly placeDep node_modules/pretty-format react-is@18.3.1 OK for: pretty-format@29.7.0 want: ^18.0.0
1713 silly placeDep ROOT kleur@3.0.3 OK for: prompts@2.4.2 want: ^3.0.3
1714 silly placeDep ROOT sisteransi@1.0.5 OK for: prompts@2.4.2 want: ^1.0.5
1715 silly placeDep ROOT inherits@2.0.4 OK for: queue@6.0.2 want: ~2.0.3
1716 silly placeDep ROOT @react-native/assets-registry@0.79.2 OK for: react-native@0.79.2 want: 0.79.2
1717 silly placeDep node_modules/react-native @react-native/codegen@0.79.2 OK for: react-native@0.79.2 want: 0.79.2
1718 silly placeDep ROOT @react-native/community-cli-plugin@0.79.2 OK for: react-native@0.79.2 want: 0.79.2
1719 silly placeDep ROOT @react-native/gradle-plugin@0.79.2 OK for: react-native@0.79.2 want: 0.79.2
1720 silly placeDep ROOT @react-native/js-polyfills@0.79.2 OK for: react-native@0.79.2 want: 0.79.2
1721 silly placeDep node_modules/react-native @react-native/normalize-colors@0.79.2 OK for: react-native@0.79.2 want: 0.79.2
1722 silly placeDep ROOT @react-native/virtualized-lists@0.79.2 OK for: react-native@0.79.2 want: 0.79.2
1723 silly placeDep ROOT ansi-regex@5.0.1 OK for: react-native@0.79.2 want: ^5.0.0
1724 silly placeDep ROOT babel-jest@29.7.0 OK for: react-native@0.79.2 want: ^29.7.0
1725 silly placeDep node_modules/react-native babel-plugin-syntax-hermes-parser@0.25.1 OK for: react-native@0.79.2 want: 0.25.1
1726 silly placeDep node_modules/react-native commander@12.1.0 OK for: react-native@0.79.2 want: ^12.0.0
1727 silly placeDep node_modules/react-native glob@7.2.3 OK for: react-native@0.79.2 want: ^7.1.1
1728 silly placeDep node_modules/react-native metro-runtime@0.82.5 OK for: react-native@0.79.2 want: ^0.82.0
1729 silly placeDep node_modules/react-native metro-source-map@0.82.5 OK for: react-native@0.79.2 want: ^0.82.0
1730 silly placeDep ROOT react-devtools-core@6.1.5 OK for: react-native@0.79.2 want: ^6.1.1
1731 silly placeDep ROOT scheduler@0.25.0 OK for: react-native@0.79.2 want: 0.25.0
1732 silly placeDep node_modules/react-native semver@7.8.5 OK for: react-native@0.79.2 want: ^7.1.3
1733 silly fetch manifest hermes-parser@0.25.1
1734 silly packumentCache full:https://registry.npmjs.org/hermes-parser cache-hit
1735 silly fetch manifest debug@^2.2.0
1736 silly packumentCache full:https://registry.npmjs.org/debug cache-hit
1737 silly fetch manifest metro@^0.82.0
1738 silly packumentCache full:https://registry.npmjs.org/metro cache-hit
1739 silly fetch manifest metro-core@^0.82.0
1740 silly packumentCache full:https://registry.npmjs.org/metro-core cache-hit
1741 silly fetch manifest metro-config@^0.82.0
1742 silly packumentCache full:https://registry.npmjs.org/metro-config cache-hit
1743 silly fetch manifest @react-native/dev-middleware@0.79.2
1744 silly packumentCache full:https://registry.npmjs.org/@react-native%2fdev-middleware cache-miss
1745 silly fetch manifest @jest/transform@^29.7.0
1746 silly packumentCache full:https://registry.npmjs.org/@jest%2ftransform cache-miss
1747 silly fetch manifest babel-preset-jest@^29.6.3
1748 silly packumentCache full:https://registry.npmjs.org/babel-preset-jest cache-miss
1749 silly fetch manifest @types/babel__core@^7.1.14
1750 silly packumentCache full:https://registry.npmjs.org/@types%2fbabel__core cache-miss
1751 silly fetch manifest babel-plugin-istanbul@^6.1.1
1752 silly packumentCache full:https://registry.npmjs.org/babel-plugin-istanbul cache-miss
1753 silly fetch manifest ob1@0.82.5
1754 silly packumentCache full:https://registry.npmjs.org/ob1 cache-hit
1755 silly fetch manifest metro-symbolicate@0.82.5
1756 silly packumentCache full:https://registry.npmjs.org/metro-symbolicate cache-hit
1757 silly fetch manifest ws@^7
1758 silly packumentCache full:https://registry.npmjs.org/ws cache-hit
1759 silly fetch manifest shell-quote@^1.6.1
1760 silly packumentCache full:https://registry.npmjs.org/shell-quote cache-miss
1761 http cache https://registry.npmjs.org/@react-native%2fdev-middleware 7ms (cache hit)
1762 silly packumentCache full:https://registry.npmjs.org/@react-native%2fdev-middleware set size:2608281 disposed:false
1763 http fetch GET 200 https://registry.npmjs.org/shell-quote 64ms (cache revalidated)
1764 silly packumentCache full:https://registry.npmjs.org/shell-quote set size:72517 disposed:false
1765 http fetch GET 200 https://registry.npmjs.org/babel-plugin-istanbul 75ms (cache miss)
1766 silly packumentCache full:https://registry.npmjs.org/babel-plugin-istanbul set size:undefined disposed:false
1767 http fetch GET 200 https://registry.npmjs.org/@types%2fbabel__core 78ms (cache miss)
1768 silly packumentCache full:https://registry.npmjs.org/@types%2fbabel__core set size:undefined disposed:false
1769 http fetch GET 200 https://registry.npmjs.org/babel-preset-jest 291ms (cache miss)
1770 silly packumentCache full:https://registry.npmjs.org/babel-preset-jest set size:undefined disposed:false
1771 http fetch GET 200 https://registry.npmjs.org/@jest%2ftransform 383ms (cache miss)
1772 silly packumentCache full:https://registry.npmjs.org/@jest%2ftransform set size:undefined disposed:false
1773 silly placeDep node_modules/@react-native/community-cli-plugin @react-native/dev-middleware@0.79.2 OK for: @react-native/community-cli-plugin@0.79.2 want: 0.79.2
1774 silly placeDep node_modules/@react-native/community-cli-plugin debug@2.6.9 OK for: @react-native/community-cli-plugin@0.79.2 want: ^2.2.0
1775 silly placeDep node_modules/@react-native/community-cli-plugin metro@0.82.5 OK for: @react-native/community-cli-plugin@0.79.2 want: ^0.82.0
1776 silly placeDep node_modules/@react-native/community-cli-plugin metro-config@0.82.5 OK for: @react-native/community-cli-plugin@0.79.2 want: ^0.82.0
1777 silly placeDep node_modules/@react-native/community-cli-plugin metro-core@0.82.5 OK for: @react-native/community-cli-plugin@0.79.2 want: ^0.82.0
1778 silly placeDep node_modules/@react-native/community-cli-plugin semver@7.8.5 OK for: @react-native/community-cli-plugin@0.79.2 want: ^7.1.3
1779 silly fetch manifest @react-native/debugger-frontend@0.79.2
1780 silly packumentCache full:https://registry.npmjs.org/@react-native%2fdebugger-frontend cache-miss
1781 silly fetch manifest debug@^4.4.0
1782 silly packumentCache full:https://registry.npmjs.org/debug cache-hit
1783 silly fetch manifest metro-core@0.82.5
1784 silly packumentCache full:https://registry.npmjs.org/metro-core cache-hit
1785 silly fetch manifest metro-cache@0.82.5
1786 silly packumentCache full:https://registry.npmjs.org/metro-cache cache-hit
1787 silly fetch manifest metro-config@0.82.5
1788 silly packumentCache full:https://registry.npmjs.org/metro-config cache-hit
1789 silly fetch manifest metro-runtime@0.82.5
1790 silly packumentCache full:https://registry.npmjs.org/metro-runtime cache-hit
1791 silly fetch manifest metro-file-map@0.82.5
1792 silly packumentCache full:https://registry.npmjs.org/metro-file-map cache-hit
1793 silly fetch manifest metro-resolver@0.82.5
1794 silly packumentCache full:https://registry.npmjs.org/metro-resolver cache-hit
1795 silly fetch manifest metro-cache-key@0.82.5
1796 silly packumentCache full:https://registry.npmjs.org/metro-cache-key cache-hit
1797 silly fetch manifest metro-source-map@0.82.5
1798 silly packumentCache full:https://registry.npmjs.org/metro-source-map cache-hit
1799 silly fetch manifest metro-transform-worker@0.82.5
1800 silly packumentCache full:https://registry.npmjs.org/metro-transform-worker cache-hit
1801 silly fetch manifest metro-babel-transformer@0.82.5
1802 silly packumentCache full:https://registry.npmjs.org/metro-babel-transformer cache-hit
1803 silly fetch manifest metro-transform-plugins@0.82.5
1804 silly packumentCache full:https://registry.npmjs.org/metro-transform-plugins cache-hit
1805 silly fetch manifest cosmiconfig@^5.0.5
1806 silly packumentCache full:https://registry.npmjs.org/cosmiconfig cache-miss
1807 http cache https://registry.npmjs.org/@react-native%2fdebugger-frontend 9ms (cache hit)
1808 silly packumentCache full:https://registry.npmjs.org/@react-native%2fdebugger-frontend set size:2073304 disposed:false
1809 http fetch GET 200 https://registry.npmjs.org/cosmiconfig 61ms (cache revalidated)
1810 silly packumentCache full:https://registry.npmjs.org/cosmiconfig set size:232521 disposed:false
1811 silly placeDep ROOT @jest/transform@29.7.0 OK for: babel-jest@29.7.0 want: ^29.7.0
1812 silly placeDep ROOT @types/babel__core@7.20.5 OK for: babel-jest@29.7.0 want: ^7.1.14
1813 silly placeDep ROOT babel-plugin-istanbul@6.1.1 OK for: babel-jest@29.7.0 want: ^6.1.1
1814 silly placeDep ROOT babel-preset-jest@29.6.3 OK for: babel-jest@29.7.0 want: ^29.6.3
1815 silly fetch manifest pirates@^4.0.4
1816 silly packumentCache full:https://registry.npmjs.org/pirates cache-hit
1817 silly fetch manifest jest-haste-map@^29.7.0
1818 silly packumentCache full:https://registry.npmjs.org/jest-haste-map cache-miss
1819 silly fetch manifest jest-regex-util@^29.6.3
1820 silly packumentCache full:https://registry.npmjs.org/jest-regex-util cache-miss
1821 silly fetch manifest write-file-atomic@^4.0.2
1822 silly packumentCache full:https://registry.npmjs.org/write-file-atomic cache-miss
1823 silly fetch manifest fast-json-stable-stringify@^2.1.0
1824 silly packumentCache full:https://registry.npmjs.org/fast-json-stable-stringify cache-miss
1825 silly fetch manifest @types/babel__template@*
1826 silly packumentCache full:https://registry.npmjs.org/@types%2fbabel__template cache-miss
1827 silly fetch manifest @types/babel__traverse@*
1828 silly packumentCache full:https://registry.npmjs.org/@types%2fbabel__traverse cache-miss
1829 silly fetch manifest @types/babel__generator@*
1830 silly packumentCache full:https://registry.npmjs.org/@types%2fbabel__generator cache-miss
1831 http fetch GET 200 https://registry.npmjs.org/fast-json-stable-stringify 69ms (cache miss)
1832 silly packumentCache full:https://registry.npmjs.org/fast-json-stable-stringify set size:undefined disposed:false
1833 silly fetch manifest test-exclude@^6.0.0
1834 silly packumentCache full:https://registry.npmjs.org/test-exclude cache-miss
1835 http fetch GET 200 https://registry.npmjs.org/write-file-atomic 78ms (cache revalidated)
1836 silly packumentCache full:https://registry.npmjs.org/write-file-atomic set size:82722 disposed:false
1837 silly fetch manifest @istanbuljs/schema@^0.1.2
1838 silly packumentCache full:https://registry.npmjs.org/@istanbuljs%2fschema cache-miss
1839 http fetch GET 200 https://registry.npmjs.org/jest-regex-util 81ms (cache miss)
1840 silly packumentCache full:https://registry.npmjs.org/jest-regex-util set size:undefined disposed:false
1841 silly fetch manifest istanbul-lib-instrument@^5.0.4
1842 silly packumentCache full:https://registry.npmjs.org/istanbul-lib-instrument cache-miss
1843 http fetch GET 200 https://registry.npmjs.org/@types%2fbabel__template 86ms (cache miss)
1844 silly packumentCache full:https://registry.npmjs.org/@types%2fbabel__template set size:undefined disposed:false
1845 silly fetch manifest @istanbuljs/load-nyc-config@^1.0.0
1846 silly packumentCache full:https://registry.npmjs.org/@istanbuljs%2fload-nyc-config cache-miss
1847 http fetch GET 200 https://registry.npmjs.org/@types%2fbabel__generator 88ms (cache miss)
1848 silly packumentCache full:https://registry.npmjs.org/@types%2fbabel__generator set size:undefined disposed:false
1849 silly fetch manifest babel-plugin-jest-hoist@^29.6.3
1850 silly packumentCache full:https://registry.npmjs.org/babel-plugin-jest-hoist cache-miss
1851 http fetch GET 200 https://registry.npmjs.org/@types%2fbabel__traverse 89ms (cache miss)
1852 silly packumentCache full:https://registry.npmjs.org/@types%2fbabel__traverse set size:undefined disposed:false
1853 silly fetch manifest babel-preset-current-node-syntax@^1.0.0
1854 silly packumentCache full:https://registry.npmjs.org/babel-preset-current-node-syntax cache-miss
1855 http fetch GET 200 https://registry.npmjs.org/jest-haste-map 101ms (cache miss)
1856 silly packumentCache full:https://registry.npmjs.org/jest-haste-map set size:undefined disposed:false
1857 http fetch GET 200 https://registry.npmjs.org/test-exclude 63ms (cache miss)
1858 silly packumentCache full:https://registry.npmjs.org/test-exclude set size:undefined disposed:false
1859 http fetch GET 200 https://registry.npmjs.org/istanbul-lib-instrument 70ms (cache miss)
1860 silly packumentCache full:https://registry.npmjs.org/istanbul-lib-instrument set size:undefined disposed:false
1861 http fetch GET 200 https://registry.npmjs.org/@istanbuljs%2fschema 75ms (cache miss)
1862 silly packumentCache full:https://registry.npmjs.org/@istanbuljs%2fschema set size:undefined disposed:false
1863 http fetch GET 200 https://registry.npmjs.org/babel-preset-current-node-syntax 67ms (cache miss)
1864 silly packumentCache full:https://registry.npmjs.org/babel-preset-current-node-syntax set size:undefined disposed:false
1865 http fetch GET 200 https://registry.npmjs.org/@istanbuljs%2fload-nyc-config 71ms (cache miss)
1866 silly packumentCache full:https://registry.npmjs.org/@istanbuljs%2fload-nyc-config set size:undefined disposed:false
1867 http fetch GET 200 https://registry.npmjs.org/babel-plugin-jest-hoist 84ms (cache miss)
1868 silly packumentCache full:https://registry.npmjs.org/babel-plugin-jest-hoist set size:undefined disposed:false
1869 silly placeDep ROOT fast-json-stable-stringify@2.1.0 OK for: @jest/transform@29.7.0 want: ^2.1.0
1870 silly placeDep ROOT jest-haste-map@29.7.0 OK for: @jest/transform@29.7.0 want: ^29.7.0
1871 silly placeDep ROOT jest-regex-util@29.6.3 OK for: @jest/transform@29.7.0 want: ^29.6.3
1872 silly placeDep ROOT pirates@4.0.7 OK for: @jest/transform@29.7.0 want: ^4.0.4
1873 silly placeDep ROOT write-file-atomic@4.0.2 OK for: @jest/transform@29.7.0 want: ^4.0.2
1874 silly fetch manifest anymatch@^3.0.3
1875 silly packumentCache full:https://registry.npmjs.org/anymatch cache-miss
1876 silly fetch manifest @types/graceful-fs@^4.1.3
1877 silly packumentCache full:https://registry.npmjs.org/@types%2fgraceful-fs cache-miss
1878 silly fetch manifest fsevents@^2.3.2
1879 silly packumentCache full:https://registry.npmjs.org/fsevents cache-miss
1880 silly fetch manifest imurmurhash@^0.1.4
1881 silly packumentCache full:https://registry.npmjs.org/imurmurhash cache-miss
1882 silly fetch manifest signal-exit@^3.0.7
1883 silly packumentCache full:https://registry.npmjs.org/signal-exit cache-hit
1884 http fetch GET 200 https://registry.npmjs.org/anymatch 62ms (cache revalidated)
1885 silly packumentCache full:https://registry.npmjs.org/anymatch set size:42974 disposed:false
1886 http fetch GET 200 https://registry.npmjs.org/fsevents 63ms (cache revalidated)
1887 silly packumentCache full:https://registry.npmjs.org/fsevents set size:182472 disposed:false
1888 http fetch GET 200 https://registry.npmjs.org/imurmurhash 65ms (cache revalidated)
1889 silly packumentCache full:https://registry.npmjs.org/imurmurhash set size:35819 disposed:false
1890 http fetch GET 200 https://registry.npmjs.org/@types%2fgraceful-fs 67ms (cache miss)
1891 silly packumentCache full:https://registry.npmjs.org/@types%2fgraceful-fs set size:undefined disposed:false
1892 silly placeDep ROOT @types/babel__generator@7.27.0 OK for: @types/babel__core@7.20.5 want: *
1893 silly placeDep ROOT @types/babel__template@7.4.4 OK for: @types/babel__core@7.20.5 want: *
1894 silly placeDep ROOT @types/babel__traverse@7.28.0 OK for: @types/babel__core@7.20.5 want: *
1895 silly placeDep ROOT @istanbuljs/load-nyc-config@1.1.0 OK for: babel-plugin-istanbul@6.1.1 want: ^1.0.0
1896 silly placeDep ROOT @istanbuljs/schema@0.1.6 OK for: babel-plugin-istanbul@6.1.1 want: ^0.1.2
1897 silly placeDep ROOT istanbul-lib-instrument@5.2.1 OK for: babel-plugin-istanbul@6.1.1 want: ^5.0.4
1898 silly placeDep ROOT test-exclude@6.0.0 OK for: babel-plugin-istanbul@6.1.1 want: ^6.0.0
1899 silly fetch manifest camelcase@^5.3.1
1900 silly packumentCache full:https://registry.npmjs.org/camelcase cache-hit
1901 silly fetch manifest find-up@^4.1.0
1902 silly packumentCache full:https://registry.npmjs.org/find-up cache-miss
1903 silly fetch manifest get-package-type@^0.1.0
1904 silly packumentCache full:https://registry.npmjs.org/get-package-type cache-miss
1905 silly fetch manifest js-yaml@^3.13.1
1906 silly packumentCache full:https://registry.npmjs.org/js-yaml cache-hit
1907 silly fetch manifest istanbul-lib-coverage@^3.2.0
1908 silly packumentCache full:https://registry.npmjs.org/istanbul-lib-coverage cache-miss
1909 silly fetch manifest glob@^7.1.4
1910 silly packumentCache full:https://registry.npmjs.org/glob cache-hit
1911 silly fetch manifest minimatch@^3.0.4
1912 silly packumentCache full:https://registry.npmjs.org/minimatch cache-hit
1913 http fetch GET 200 https://registry.npmjs.org/get-package-type 60ms (cache miss)
1914 silly packumentCache full:https://registry.npmjs.org/get-package-type set size:undefined disposed:false
1915 http fetch GET 200 https://registry.npmjs.org/find-up 64ms (cache revalidated)
1916 silly packumentCache full:https://registry.npmjs.org/find-up set size:42620 disposed:false
1917 http fetch GET 200 https://registry.npmjs.org/istanbul-lib-coverage 65ms (cache miss)
1918 silly packumentCache full:https://registry.npmjs.org/istanbul-lib-coverage set size:undefined disposed:false
1919 silly placeDep node_modules/@istanbuljs/load-nyc-config camelcase@5.3.1 OK for: @istanbuljs/load-nyc-config@1.1.0 want: ^5.3.1
1920 silly placeDep ROOT find-up@4.1.0 OK for: @istanbuljs/load-nyc-config@1.1.0 want: ^4.1.0
1921 silly placeDep ROOT get-package-type@0.1.0 OK for: @istanbuljs/load-nyc-config@1.1.0 want: ^0.1.0
1922 silly placeDep node_modules/@istanbuljs/load-nyc-config js-yaml@3.15.1 OK for: @istanbuljs/load-nyc-config@1.1.0 want: ^3.13.1
1923 silly fetch manifest locate-path@^5.0.0
1924 silly packumentCache full:https://registry.npmjs.org/locate-path cache-miss
1925 silly fetch manifest path-exists@^4.0.0
1926 silly packumentCache full:https://registry.npmjs.org/path-exists cache-miss
1927 silly fetch manifest esprima@^4.0.0
1928 silly packumentCache full:https://registry.npmjs.org/esprima cache-miss
1929 silly fetch manifest argparse@^1.0.7
1930 silly packumentCache full:https://registry.npmjs.org/argparse cache-hit
1931 http fetch GET 200 https://registry.npmjs.org/path-exists 110ms (cache revalidated)
1932 silly packumentCache full:https://registry.npmjs.org/path-exists set size:13704 disposed:false
1933 http fetch GET 200 https://registry.npmjs.org/locate-path 113ms (cache revalidated)
1934 silly packumentCache full:https://registry.npmjs.org/locate-path set size:31329 disposed:false
1935 http fetch GET 200 https://registry.npmjs.org/esprima 113ms (cache revalidated)
1936 silly packumentCache full:https://registry.npmjs.org/esprima set size:118410 disposed:false
1937 silly placeDep ROOT babel-plugin-jest-hoist@29.6.3 OK for: babel-preset-jest@29.6.3 want: ^29.6.3
1938 silly placeDep ROOT babel-preset-current-node-syntax@1.2.0 OK for: babel-preset-jest@29.6.3 want: ^1.0.0
1939 silly fetch manifest @babel/plugin-syntax-async-generators@^7.8.4
1940 silly packumentCache full:https://registry.npmjs.org/@babel%2fplugin-syntax-async-generators cache-miss
1941 silly fetch manifest @babel/plugin-syntax-bigint@^7.8.3
1942 silly packumentCache full:https://registry.npmjs.org/@babel%2fplugin-syntax-bigint cache-miss
1943 silly fetch manifest @babel/plugin-syntax-class-properties@^7.12.13
1944 silly packumentCache full:https://registry.npmjs.org/@babel%2fplugin-syntax-class-properties cache-miss
1945 silly fetch manifest @babel/plugin-syntax-class-static-block@^7.14.5
1946 silly packumentCache full:https://registry.npmjs.org/@babel%2fplugin-syntax-class-static-block cache-miss
1947 silly fetch manifest @babel/plugin-syntax-import-meta@^7.10.4
1948 silly packumentCache full:https://registry.npmjs.org/@babel%2fplugin-syntax-import-meta cache-miss
1949 silly fetch manifest @babel/plugin-syntax-json-strings@^7.8.3
1950 silly packumentCache full:https://registry.npmjs.org/@babel%2fplugin-syntax-json-strings cache-miss
1951 silly fetch manifest @babel/plugin-syntax-logical-assignment-operators@^7.10.4
1952 silly packumentCache full:https://registry.npmjs.org/@babel%2fplugin-syntax-logical-assignment-operators cache-miss
1953 http fetch GET 200 https://registry.npmjs.org/@babel%2fplugin-syntax-async-generators 78ms (cache revalidated)
1954 silly packumentCache full:https://registry.npmjs.org/@babel%2fplugin-syntax-async-generators set size:82646 disposed:false
1955 silly fetch manifest @babel/plugin-syntax-numeric-separator@^7.10.4
1956 silly packumentCache full:https://registry.npmjs.org/@babel%2fplugin-syntax-numeric-separator cache-miss
1957 http fetch GET 200 https://registry.npmjs.org/@babel%2fplugin-syntax-logical-assignment-operators 79ms (cache revalidated)
1958 silly packumentCache full:https://registry.npmjs.org/@babel%2fplugin-syntax-logical-assignment-operators set size:72392 disposed:false
1959 silly fetch manifest @babel/plugin-syntax-object-rest-spread@^7.8.3
1960 silly packumentCache full:https://registry.npmjs.org/@babel%2fplugin-syntax-object-rest-spread cache-miss
1961 http fetch GET 200 https://registry.npmjs.org/@babel%2fplugin-syntax-class-static-block 81ms (cache miss)
1962 silly packumentCache full:https://registry.npmjs.org/@babel%2fplugin-syntax-class-static-block set size:undefined disposed:false
1963 silly fetch manifest @babel/plugin-syntax-optional-catch-binding@^7.8.3
1964 silly packumentCache full:https://registry.npmjs.org/@babel%2fplugin-syntax-optional-catch-binding cache-miss
1965 http fetch GET 200 https://registry.npmjs.org/@babel%2fplugin-syntax-bigint 82ms (cache miss)
1966 silly packumentCache full:https://registry.npmjs.org/@babel%2fplugin-syntax-bigint set size:undefined disposed:false
1967 silly fetch manifest @babel/plugin-syntax-private-property-in-object@^7.14.5
1968 silly packumentCache full:https://registry.npmjs.org/@babel%2fplugin-syntax-private-property-in-object cache-miss
1969 http fetch GET 200 https://registry.npmjs.org/@babel%2fplugin-syntax-import-meta 83ms (cache miss)
1970 silly packumentCache full:https://registry.npmjs.org/@babel%2fplugin-syntax-import-meta set size:undefined disposed:false
1971 silly fetch manifest @babel/plugin-syntax-top-level-await@^7.14.5
1972 silly packumentCache full:https://registry.npmjs.org/@babel%2fplugin-syntax-top-level-await cache-miss
1973 http fetch GET 200 https://registry.npmjs.org/@babel%2fplugin-syntax-json-strings 84ms (cache miss)
1974 silly packumentCache full:https://registry.npmjs.org/@babel%2fplugin-syntax-json-strings set size:undefined disposed:false
1975 http fetch GET 200 https://registry.npmjs.org/@babel%2fplugin-syntax-class-properties 85ms (cache miss)
1976 silly packumentCache full:https://registry.npmjs.org/@babel%2fplugin-syntax-class-properties set size:undefined disposed:false
1977 http fetch GET 200 https://registry.npmjs.org/@babel%2fplugin-syntax-optional-catch-binding 80ms (cache revalidated)
1978 silly packumentCache full:https://registry.npmjs.org/@babel%2fplugin-syntax-optional-catch-binding set size:83975 disposed:false
1979 http fetch GET 200 https://registry.npmjs.org/@babel%2fplugin-syntax-object-rest-spread 81ms (cache revalidated)
1980 silly packumentCache full:https://registry.npmjs.org/@babel%2fplugin-syntax-object-rest-spread set size:82808 disposed:false
1981 http fetch GET 200 https://registry.npmjs.org/@babel%2fplugin-syntax-numeric-separator 84ms (cache revalidated)
1982 silly packumentCache full:https://registry.npmjs.org/@babel%2fplugin-syntax-numeric-separator set size:91054 disposed:false
1983 http fetch GET 200 https://registry.npmjs.org/@babel%2fplugin-syntax-top-level-await 80ms (cache miss)
1984 silly packumentCache full:https://registry.npmjs.org/@babel%2fplugin-syntax-top-level-await set size:undefined disposed:false
1985 http fetch GET 200 https://registry.npmjs.org/@babel%2fplugin-syntax-private-property-in-object 81ms (cache miss)
1986 silly packumentCache full:https://registry.npmjs.org/@babel%2fplugin-syntax-private-property-in-object set size:undefined disposed:false
1987 silly placeDep ROOT @babel/plugin-syntax-async-generators@7.8.4 OK for: babel-preset-current-node-syntax@1.2.0 want: ^7.8.4
1988 silly placeDep ROOT @babel/plugin-syntax-bigint@7.8.3 OK for: babel-preset-current-node-syntax@1.2.0 want: ^7.8.3
1989 silly placeDep ROOT @babel/plugin-syntax-class-properties@7.12.13 OK for: babel-preset-current-node-syntax@1.2.0 want: ^7.12.13
1990 silly placeDep ROOT @babel/plugin-syntax-class-static-block@7.14.5 OK for: babel-preset-current-node-syntax@1.2.0 want: ^7.14.5
1991 silly placeDep ROOT @babel/plugin-syntax-import-meta@7.10.4 OK for: babel-preset-current-node-syntax@1.2.0 want: ^7.10.4
1992 silly placeDep ROOT @babel/plugin-syntax-json-strings@7.8.3 OK for: babel-preset-current-node-syntax@1.2.0 want: ^7.8.3
1993 silly placeDep ROOT @babel/plugin-syntax-logical-assignment-operators@7.10.4 OK for: babel-preset-current-node-syntax@1.2.0 want: ^7.10.4
1994 silly placeDep ROOT @babel/plugin-syntax-numeric-separator@7.10.4 OK for: babel-preset-current-node-syntax@1.2.0 want: ^7.10.4
1995 silly placeDep ROOT @babel/plugin-syntax-object-rest-spread@7.8.3 OK for: babel-preset-current-node-syntax@1.2.0 want: ^7.8.3
1996 silly placeDep ROOT @babel/plugin-syntax-optional-catch-binding@7.8.3 OK for: babel-preset-current-node-syntax@1.2.0 want: ^7.8.3
1997 silly placeDep ROOT @babel/plugin-syntax-private-property-in-object@7.14.5 OK for: babel-preset-current-node-syntax@1.2.0 want: ^7.14.5
1998 silly placeDep ROOT @babel/plugin-syntax-top-level-await@7.14.5 OK for: babel-preset-current-node-syntax@1.2.0 want: ^7.14.5
1999 silly placeDep ROOT locate-path@5.0.0 OK for: find-up@4.1.0 want: ^5.0.0
2000 silly placeDep ROOT path-exists@4.0.0 OK for: find-up@4.1.0 want: ^4.0.0
2001 silly fetch manifest p-locate@^4.1.0
2002 silly packumentCache full:https://registry.npmjs.org/p-locate cache-miss
2003 http fetch GET 200 https://registry.npmjs.org/p-locate 165ms (cache revalidated)
2004 silly packumentCache full:https://registry.npmjs.org/p-locate set size:22488 disposed:false
2005 silly placeDep ROOT istanbul-lib-coverage@3.2.2 OK for: istanbul-lib-instrument@5.2.1 want: ^3.2.0
2006 silly placeDep ROOT @types/graceful-fs@4.1.9 OK for: jest-haste-map@29.7.0 want: ^4.1.3
2007 silly placeDep ROOT anymatch@3.1.3 OK for: jest-haste-map@29.7.0 want: ^3.0.3
2008 silly placeDep ROOT fsevents@2.3.3 OK for: jest-haste-map@29.7.0 want: ^2.3.2
2009 silly fetch manifest picomatch@^2.0.4
2010 silly packumentCache full:https://registry.npmjs.org/picomatch cache-hit
2011 silly fetch manifest normalize-path@^3.0.0
2012 silly packumentCache full:https://registry.npmjs.org/normalize-path cache-miss
2013 http fetch GET 200 https://registry.npmjs.org/normalize-path 232ms (cache revalidated)
2014 silly packumentCache full:https://registry.npmjs.org/normalize-path set size:28713 disposed:false
2015 silly placeDep ROOT normalize-path@3.0.0 OK for: anymatch@3.1.3 want: ^3.0.0
2016 silly placeDep node_modules/anymatch picomatch@2.3.2 OK for: anymatch@3.1.3 want: ^2.0.4
2017 silly placeDep ROOT p-locate@4.1.0 OK for: locate-path@5.0.0 want: ^4.1.0
2018 silly fetch manifest p-limit@^2.2.0
2019 silly packumentCache full:https://registry.npmjs.org/p-limit cache-hit
2020 silly placeDep node_modules/p-locate p-limit@2.3.0 OK for: p-locate@4.1.0 want: ^2.2.0
2021 silly fetch manifest p-try@^2.0.0
2022 silly packumentCache full:https://registry.npmjs.org/p-try cache-miss
2023 http fetch GET 200 https://registry.npmjs.org/p-try 56ms (cache revalidated)
2024 silly packumentCache full:https://registry.npmjs.org/p-try set size:13014 disposed:false
2025 silly placeDep ROOT shell-quote@1.10.0 OK for: react-devtools-core@6.1.5 want: ^1.6.1
2026 silly placeDep node_modules/react-devtools-core ws@7.5.13 OK for: react-devtools-core@6.1.5 want: ^7
2027 silly placeDep ROOT nested-error-stacks@2.0.1 OK for: requireg@0.2.2 want: ~2.0.1
2028 silly placeDep ROOT rc@1.2.8 OK for: requireg@0.2.2 want: ~1.2.7
2029 silly placeDep node_modules/requireg resolve@1.7.1 OK for: requireg@0.2.2 want: ~1.7.1
2030 silly fetch manifest ini@~1.3.0
2031 silly packumentCache full:https://registry.npmjs.org/ini cache-miss
2032 silly fetch manifest minimist@^1.2.0
2033 silly packumentCache full:https://registry.npmjs.org/minimist cache-miss
2034 silly fetch manifest deep-extend@^0.6.0
2035 silly packumentCache full:https://registry.npmjs.org/deep-extend cache-miss
2036 silly fetch manifest strip-json-comments@~2.0.1
2037 silly packumentCache full:https://registry.npmjs.org/strip-json-comments cache-miss
2038 http fetch GET 200 https://registry.npmjs.org/ini 57ms (cache revalidated)
2039 silly packumentCache full:https://registry.npmjs.org/ini set size:59124 disposed:false
2040 http fetch GET 200 https://registry.npmjs.org/minimist 59ms (cache revalidated)
2041 silly packumentCache full:https://registry.npmjs.org/minimist set size:77063 disposed:false
2042 http fetch GET 200 https://registry.npmjs.org/deep-extend 60ms (cache revalidated)
2043 silly packumentCache full:https://registry.npmjs.org/deep-extend set size:34472 disposed:false
2044 http fetch GET 200 https://registry.npmjs.org/strip-json-comments 61ms (cache revalidated)
2045 silly packumentCache full:https://registry.npmjs.org/strip-json-comments set size:43569 disposed:false
2046 silly placeDep ROOT deep-extend@0.6.0 OK for: rc@1.2.8 want: ^0.6.0
2047 silly placeDep ROOT ini@1.3.8 OK for: rc@1.2.8 want: ~1.3.0
2048 silly placeDep ROOT minimist@1.2.8 OK for: rc@1.2.8 want: ^1.2.0
2049 silly placeDep ROOT strip-json-comments@2.0.1 OK for: rc@1.2.8 want: ~2.0.1
2050 silly placeDep ROOT onetime@2.0.1 OK for: restore-cursor@2.0.0 want: ^2.0.0
2051 silly placeDep ROOT signal-exit@3.0.7 OK for: restore-cursor@2.0.0 want: ^3.0.2
2052 silly fetch manifest mimic-fn@^1.0.0
2053 silly packumentCache full:https://registry.npmjs.org/mimic-fn cache-miss
2054 http fetch GET 200 https://registry.npmjs.org/mimic-fn 57ms (cache revalidated)
2055 silly packumentCache full:https://registry.npmjs.org/mimic-fn set size:22257 disposed:false
2056 silly placeDep ROOT mimic-fn@1.2.0 OK for: onetime@2.0.1 want: ^1.0.0
2057 silly placeDep node_modules/rimraf glob@7.2.3 OK for: rimraf@3.0.2 want: ^7.1.3
2058 silly placeDep node_modules/send debug@2.6.9 OK for: send@0.19.2 want: 2.6.9
2059 silly placeDep ROOT depd@2.0.0 OK for: send@0.19.2 want: 2.0.0
2060 silly placeDep ROOT destroy@1.2.0 OK for: send@0.19.2 want: 1.2.0
2061 silly placeDep node_modules/send encodeurl@2.0.0 OK for: send@0.19.2 want: ~2.0.0
2062 silly placeDep ROOT etag@1.8.1 OK for: send@0.19.2 want: ~1.8.1
2063 silly placeDep ROOT fresh@0.5.2 OK for: send@0.19.2 want: ~0.5.2
2064 silly placeDep ROOT http-errors@2.0.1 OK for: send@0.19.2 want: ~2.0.1
2065 silly placeDep ROOT mime@1.6.0 OK for: send@0.19.2 want: 1.6.0
2066 silly placeDep node_modules/send on-finished@2.4.1 OK for: send@0.19.2 want: ~2.4.1
2067 silly placeDep ROOT range-parser@1.2.1 OK for: send@0.19.2 want: ~1.2.1
2068 silly placeDep node_modules/send statuses@2.0.2 OK for: send@0.19.2 want: ~2.0.2
2069 silly fetch manifest setprototypeof@~1.2.0
2070 silly packumentCache full:https://registry.npmjs.org/setprototypeof cache-miss
2071 silly fetch manifest toidentifier@~1.0.1
2072 silly packumentCache full:https://registry.npmjs.org/toidentifier cache-miss
2073 http fetch GET 200 https://registry.npmjs.org/setprototypeof 60ms (cache revalidated)
2074 silly packumentCache full:https://registry.npmjs.org/setprototypeof set size:14532 disposed:false
2075 http fetch GET 200 https://registry.npmjs.org/toidentifier 61ms (cache revalidated)
2076 silly packumentCache full:https://registry.npmjs.org/toidentifier set size:12006 disposed:false
2077 silly placeDep ROOT setprototypeof@1.2.0 OK for: http-errors@2.0.1 want: ~1.2.0
2078 silly placeDep node_modules/http-errors statuses@2.0.2 OK for: http-errors@2.0.1 want: ~2.0.2
2079 silly placeDep ROOT toidentifier@1.0.1 OK for: http-errors@2.0.1 want: ~1.0.1
2080 silly placeDep node_modules/serve-static encodeurl@2.0.0 OK for: serve-static@1.16.3 want: ~2.0.0
2081 silly placeDep ROOT shebang-regex@3.0.0 OK for: shebang-command@2.0.0 want: ^3.0.0
2082 silly placeDep ROOT buffer-from@1.1.2 OK for: source-map-support@0.5.21 want: ^1.0.0
2083 silly placeDep node_modules/source-map-support source-map@0.6.1 OK for: source-map-support@0.5.21 want: ^0.6.0
2084 silly placeDep node_modules/strip-ansi ansi-regex@4.1.1 OK for: strip-ansi@5.2.0 want: ^4.1.0
2085 silly placeDep node_modules/sucrase commander@4.1.1 OK for: sucrase@3.35.1 want: ^4.0.0
2086 silly placeDep ROOT lines-and-columns@1.2.4 OK for: sucrase@3.35.1 want: ^1.1.6
2087 silly placeDep ROOT mz@2.7.0 OK for: sucrase@3.35.1 want: ^2.7.0
2088 silly placeDep ROOT tinyglobby@0.2.17 OK for: sucrase@3.35.1 want: ^0.2.11
2089 silly placeDep ROOT ts-interface-checker@0.1.13 OK for: sucrase@3.35.1 want: ^0.1.9
2090 silly fetch manifest any-promise@^1.0.0
2091 silly packumentCache full:https://registry.npmjs.org/any-promise cache-miss
2092 silly fetch manifest object-assign@^4.0.1
2093 silly packumentCache full:https://registry.npmjs.org/object-assign cache-miss
2094 silly fetch manifest thenify-all@^1.0.0
2095 silly packumentCache full:https://registry.npmjs.org/thenify-all cache-miss
2096 silly fetch manifest fdir@^6.5.0
2097 silly packumentCache full:https://registry.npmjs.org/fdir cache-miss
2098 http fetch GET 200 https://registry.npmjs.org/object-assign 62ms (cache revalidated)
2099 silly packumentCache full:https://registry.npmjs.org/object-assign set size:28988 disposed:false
2100 http fetch GET 200 https://registry.npmjs.org/any-promise 63ms (cache revalidated)
2101 silly packumentCache full:https://registry.npmjs.org/any-promise set size:20233 disposed:false
2102 http fetch GET 200 https://registry.npmjs.org/thenify-all 63ms (cache revalidated)
2103 silly packumentCache full:https://registry.npmjs.org/thenify-all set size:18488 disposed:false
2104 http fetch GET 200 https://registry.npmjs.org/fdir 66ms (cache miss)
2105 silly packumentCache full:https://registry.npmjs.org/fdir set size:undefined disposed:false
2106 silly placeDep ROOT any-promise@1.3.0 OK for: mz@2.7.0 want: ^1.0.0
2107 silly placeDep ROOT object-assign@4.1.1 OK for: mz@2.7.0 want: ^4.0.1
2108 silly placeDep ROOT thenify-all@1.6.0 OK for: mz@2.7.0 want: ^1.0.0
2109 silly fetch manifest thenify@>= 3.1.0 < 4
2110 silly packumentCache full:https://registry.npmjs.org/thenify cache-miss
2111 http fetch GET 200 https://registry.npmjs.org/thenify 125ms (cache revalidated)
2112 silly packumentCache full:https://registry.npmjs.org/thenify set size:21379 disposed:false
2113 silly placeDep ROOT @isaacs/fs-minipass@4.0.1 OK for: tar@7.5.22 want: ^4.0.0
2114 silly placeDep ROOT chownr@3.0.0 OK for: tar@7.5.22 want: ^3.0.0
2115 silly placeDep ROOT minizlib@3.1.0 OK for: tar@7.5.22 want: ^3.1.0
2116 silly placeDep node_modules/tar yallist@5.0.0 OK for: tar@7.5.22 want: ^5.0.0
2117 silly placeDep ROOT ansi-escapes@4.3.2 OK for: terminal-link@2.1.1 want: ^4.2.1
2118 silly placeDep ROOT supports-hyperlinks@2.3.0 OK for: terminal-link@2.1.1 want: ^2.0.0
2119 silly fetch manifest type-fest@^0.21.3
2120 silly packumentCache full:https://registry.npmjs.org/type-fest cache-miss
2121 http fetch GET 200 https://registry.npmjs.org/type-fest 63ms (cache revalidated)
2122 silly packumentCache full:https://registry.npmjs.org/type-fest set size:566201 disposed:false
2123 silly placeDep node_modules/ansi-escapes type-fest@0.21.3 OK for: ansi-escapes@4.3.2 want: ^0.21.3
2124 silly placeDep ROOT @jridgewell/source-map@0.3.11 OK for: terser@5.50.0 want: ^0.3.3
2125 silly placeDep ROOT acorn@8.18.0 OK for: terser@5.50.0 want: ^8.15.0
2126 silly placeDep node_modules/terser commander@2.20.3 OK for: terser@5.50.0 want: ^2.20.0
2127 silly placeDep node_modules/test-exclude glob@7.2.3 OK for: test-exclude@6.0.0 want: ^7.1.4
2128 silly placeDep node_modules/test-exclude minimatch@3.1.5 OK for: test-exclude@6.0.0 want: ^3.0.4
2129 silly fetch manifest brace-expansion@^1.1.7
2130 silly packumentCache full:https://registry.npmjs.org/brace-expansion cache-hit
2131 silly placeDep ROOT thenify@3.3.1 OK for: thenify-all@1.6.0 want: >= 3.1.0 < 4
2132 silly placeDep ROOT fdir@6.5.0 OK for: tinyglobby@0.2.17 want: ^6.5.0
2133 silly placeDep ROOT makeerror@1.0.12 OK for: walker@1.0.8 want: 1.0.12
2134 silly fetch manifest tmpl@1.0.5
2135 silly packumentCache full:https://registry.npmjs.org/tmpl cache-miss
2136 http fetch GET 200 https://registry.npmjs.org/tmpl 58ms (cache revalidated)
2137 silly packumentCache full:https://registry.npmjs.org/tmpl set size:7979 disposed:false
2138 silly placeDep ROOT tmpl@1.0.5 OK for: makeerror@1.0.12 want: 1.0.5
2139 silly placeDep ROOT defaults@1.0.4 OK for: wcwidth@1.0.1 want: ^1.0.3
2140 silly fetch manifest clone@^1.0.2
2141 silly packumentCache full:https://registry.npmjs.org/clone cache-miss
2142 http fetch GET 200 https://registry.npmjs.org/clone 59ms (cache revalidated)
2143 silly packumentCache full:https://registry.npmjs.org/clone set size:82973 disposed:false
2144 silly placeDep ROOT clone@1.0.4 OK for: defaults@1.0.4 want: ^1.0.2
2145 silly placeDep ROOT isexe@2.0.0 OK for: which@2.0.2 want: ^2.0.0
2146 silly placeDep ROOT string-width@4.2.3 OK for: wrap-ansi@7.0.0 want: ^4.1.0
2147 silly placeDep node_modules/wrap-ansi strip-ansi@6.0.1 OK for: wrap-ansi@7.0.0 want: ^6.0.0
2148 silly fetch manifest strip-ansi@^6.0.1
2149 silly packumentCache full:https://registry.npmjs.org/strip-ansi cache-hit
2150 silly fetch manifest emoji-regex@^8.0.0
2151 silly packumentCache full:https://registry.npmjs.org/emoji-regex cache-miss
2152 silly fetch manifest is-fullwidth-code-point@^3.0.0
2153 silly packumentCache full:https://registry.npmjs.org/is-fullwidth-code-point cache-miss
2154 http fetch GET 200 https://registry.npmjs.org/is-fullwidth-code-point 63ms (cache revalidated)
2155 silly packumentCache full:https://registry.npmjs.org/is-fullwidth-code-point set size:14578 disposed:false
2156 http fetch GET 200 https://registry.npmjs.org/emoji-regex 64ms (cache revalidated)
2157 silly packumentCache full:https://registry.npmjs.org/emoji-regex set size:89064 disposed:false
2158 silly placeDep ROOT emoji-regex@8.0.0 OK for: string-width@4.2.3 want: ^8.0.0
2159 silly placeDep ROOT is-fullwidth-code-point@3.0.0 OK for: string-width@4.2.3 want: ^3.0.0
2160 silly placeDep node_modules/string-width strip-ansi@6.0.1 OK for: string-width@4.2.3 want: ^6.0.1
2161 silly placeDep ROOT imurmurhash@0.1.4 OK for: write-file-atomic@4.0.2 want: ^0.1.4
2162 silly placeDep ROOT simple-plist@1.3.1 OK for: xcode@3.0.1 want: ^1.1.0
2163 silly placeDep ROOT uuid@7.0.3 OK for: xcode@3.0.1 want: ^7.0.3
2164 silly fetch manifest bplist-parser@0.3.1
2165 silly packumentCache full:https://registry.npmjs.org/bplist-parser cache-hit
2166 silly fetch manifest plist@^3.0.5
2167 silly packumentCache full:https://registry.npmjs.org/plist cache-miss
2168 http fetch GET 200 https://registry.npmjs.org/plist 236ms (cache revalidated)
2169 silly packumentCache full:https://registry.npmjs.org/plist set size:60755 disposed:false
2170 silly placeDep node_modules/simple-plist bplist-parser@0.3.1 OK for: simple-plist@1.3.1 want: 0.3.1
2171 silly placeDep ROOT plist@3.1.1 OK for: simple-plist@1.3.1 want: ^3.0.5
2172 silly fetch manifest @xmldom/xmldom@^0.9.10
2173 silly packumentCache full:https://registry.npmjs.org/@xmldom%2fxmldom cache-hit
2174 silly placeDep node_modules/plist @xmldom/xmldom@0.9.11 OK for: plist@3.1.1 want: ^0.9.10
2175 silly placeDep ROOT sax@1.6.1 OK for: xml2js@0.6.0 want: >=0.6.0
2176 silly placeDep node_modules/xml2js xmlbuilder@11.0.1 OK for: xml2js@0.6.0 want: ~11.0.0
2177 silly placeDep ROOT cliui@8.0.1 OK for: yargs@17.7.3 want: ^8.0.1
2178 silly placeDep ROOT get-caller-file@2.0.5 OK for: yargs@17.7.3 want: ^2.0.5
2179 silly placeDep ROOT require-directory@2.1.1 OK for: yargs@17.7.3 want: ^2.1.1
2180 silly placeDep ROOT y18n@5.0.8 OK for: yargs@17.7.3 want: ^5.0.5
2181 silly placeDep ROOT yargs-parser@21.1.1 OK for: yargs@17.7.3 want: ^21.1.1
2182 silly placeDep node_modules/cliui strip-ansi@6.0.1 OK for: cliui@8.0.1 want: ^6.0.1
2183 silly placeDep node_modules/@expo/config-plugins @babel/code-frame@7.10.4 OK for: @expo/json-file@10.0.16 want: ~7.10.4
2184 silly placeDep ROOT @babel/highlight@7.25.9 OK for: @babel/code-frame@7.10.4 want: ^7.10.4
2185 silly placeDep node_modules/@babel/highlight chalk@2.4.2 OK for: @babel/highlight@7.25.9 want: ^2.4.2
2186 silly placeDep node_modules/@babel/highlight ansi-styles@3.2.1 OK for: chalk@2.4.2 want: ^3.2.1
2187 silly placeDep node_modules/@babel/highlight escape-string-regexp@1.0.5 OK for: chalk@2.4.2 want: ^1.0.5
2188 silly placeDep node_modules/@babel/highlight supports-color@5.5.0 OK for: chalk@2.4.2 want: ^5.3.0
2189 silly fetch manifest color-convert@^1.9.0
2190 silly packumentCache full:https://registry.npmjs.org/color-convert cache-miss
2191 silly fetch manifest has-flag@^3.0.0
2192 silly packumentCache full:https://registry.npmjs.org/has-flag cache-miss
2193 http fetch GET 200 https://registry.npmjs.org/has-flag 59ms (cache revalidated)
2194 silly packumentCache full:https://registry.npmjs.org/has-flag set size:15180 disposed:false
2195 http fetch GET 200 https://registry.npmjs.org/color-convert 62ms (cache revalidated)
2196 silly packumentCache full:https://registry.npmjs.org/color-convert set size:72663 disposed:false
2197 silly placeDep node_modules/@babel/highlight color-convert@1.9.3 OK for: ansi-styles@3.2.1 want: ^1.9.0
2198 silly fetch manifest color-name@1.1.3
2199 silly packumentCache full:https://registry.npmjs.org/color-name cache-miss
2200 http fetch GET 200 https://registry.npmjs.org/color-name 59ms (cache revalidated)
2201 silly packumentCache full:https://registry.npmjs.org/color-name set size:20968 disposed:false
2202 silly placeDep node_modules/@babel/highlight color-name@1.1.3 OK for: color-convert@1.9.3 want: 1.1.3
2203 silly placeDep node_modules/@babel/highlight has-flag@3.0.0 OK for: supports-color@5.5.0 want: ^3.0.0
2204 silly placeDep node_modules/@expo/fingerprint brace-expansion@5.0.9 OK for: minimatch@10.2.6 want: ^5.0.8
2205 silly fetch manifest balanced-match@^4.0.2
2206 silly packumentCache full:https://registry.npmjs.org/balanced-match cache-hit
2207 silly placeDep node_modules/@expo/fingerprint balanced-match@4.0.4 OK for: brace-expansion@5.0.9 want: ^4.0.2
2208 silly placeDep node_modules/@expo/metro-config/node_modules/@expo/json-file @babel/code-frame@7.10.4 OK for: @expo/json-file@10.0.16 want: ~7.10.4
2209 silly placeDep node_modules/@istanbuljs/load-nyc-config argparse@1.0.10 OK for: js-yaml@3.15.1 want: ^1.0.7
2210 silly placeDep ROOT esprima@4.0.1 OK for: js-yaml@3.15.1 want: ^4.0.0
2211 silly fetch manifest sprintf-js@~1.0.2
2212 silly packumentCache full:https://registry.npmjs.org/sprintf-js cache-miss
2213 http fetch GET 200 https://registry.npmjs.org/sprintf-js 60ms (cache revalidated)
2214 silly packumentCache full:https://registry.npmjs.org/sprintf-js set size:20495 disposed:false
2215 silly placeDep ROOT sprintf-js@1.0.3 OK for: argparse@1.0.10 want: ~1.0.2
2216 silly placeDep ROOT fs.realpath@1.0.0 OK for: glob@7.2.3 want: ^1.0.0
2217 silly placeDep ROOT inflight@1.0.6 OK for: glob@7.2.3 want: ^1.0.4
2218 silly placeDep node_modules/@react-native/codegen minimatch@3.1.5 OK for: glob@7.2.3 want: ^3.1.1
2219 silly placeDep ROOT path-is-absolute@1.0.1 OK for: glob@7.2.3 want: ^1.0.0
2220 silly placeDep node_modules/@react-native/codegen brace-expansion@1.1.18 OK for: minimatch@3.1.5 want: ^1.1.7
2221 silly fetch manifest concat-map@0.0.1
2222 silly packumentCache full:https://registry.npmjs.org/concat-map cache-miss
2223 http fetch GET 200 https://registry.npmjs.org/concat-map 59ms (cache revalidated)
2224 silly packumentCache full:https://registry.npmjs.org/concat-map set size:9290 disposed:false
2225 silly placeDep ROOT concat-map@0.0.1 OK for: brace-expansion@1.1.18 want: 0.0.1
2226 silly placeDep node_modules/@react-native/community-cli-plugin @react-native/debugger-frontend@0.79.2 OK for: @react-native/dev-middleware@0.79.2 want: 0.79.2
2227 silly placeDep node_modules/@react-native/community-cli-plugin ws@6.2.6 OK for: @react-native/dev-middleware@0.79.2 want: ^6.2.3
2228 silly placeDep node_modules/@react-native/community-cli-plugin ms@2.0.0 OK for: debug@2.6.9 want: 2.0.0
2229 silly placeDep node_modules/@react-native/community-cli-plugin ci-info@2.0.0 OK for: metro@0.82.5 want: ^2.0.0
2230 silly placeDep node_modules/@react-native/community-cli-plugin/node_modules/metro debug@4.4.3 OK for: metro@0.82.5 want: ^4.4.0
2231 silly placeDep node_modules/@react-native/community-cli-plugin metro-babel-transformer@0.82.5 OK for: metro@0.82.5 want: 0.82.5
2232 silly placeDep node_modules/@react-native/community-cli-plugin metro-cache@0.82.5 OK for: metro@0.82.5 want: 0.82.5
2233 silly placeDep node_modules/@react-native/community-cli-plugin metro-cache-key@0.82.5 OK for: metro@0.82.5 want: 0.82.5
2234 silly placeDep node_modules/@react-native/community-cli-plugin metro-file-map@0.82.5 OK for: metro@0.82.5 want: 0.82.5
2235 silly placeDep node_modules/@react-native/community-cli-plugin metro-resolver@0.82.5 OK for: metro@0.82.5 want: 0.82.5
2236 silly placeDep node_modules/@react-native/community-cli-plugin metro-runtime@0.82.5 OK for: metro@0.82.5 want: 0.82.5
2237 silly placeDep node_modules/@react-native/community-cli-plugin metro-source-map@0.82.5 OK for: metro@0.82.5 want: 0.82.5
2238 silly placeDep node_modules/@react-native/community-cli-plugin metro-symbolicate@0.82.5 OK for: metro@0.82.5 want: 0.82.5
2239 silly placeDep node_modules/@react-native/community-cli-plugin metro-transform-plugins@0.82.5 OK for: metro@0.82.5 want: 0.82.5
2240 silly placeDep node_modules/@react-native/community-cli-plugin metro-transform-worker@0.82.5 OK for: metro@0.82.5 want: 0.82.5
2241 silly placeDep node_modules/@react-native/community-cli-plugin/node_modules/metro ws@7.5.13 OK for: metro@0.82.5 want: ^7.5.10
2242 silly fetch manifest ms@^2.1.3
2243 silly packumentCache full:https://registry.npmjs.org/ms cache-hit
2244 silly fetch manifest metro-minify-terser@0.82.5
2245 silly packumentCache full:https://registry.npmjs.org/metro-minify-terser cache-hit
2246 silly placeDep node_modules/@react-native/community-cli-plugin https-proxy-agent@7.0.6 OK for: metro-cache@0.82.5 want: ^7.0.5
2247 silly fetch manifest debug@4
2248 silly packumentCache full:https://registry.npmjs.org/debug cache-hit
2249 silly placeDep node_modules/@react-native/community-cli-plugin agent-base@7.1.4 OK for: https-proxy-agent@7.0.6 want: ^7.1.2
2250 silly placeDep node_modules/@react-native/community-cli-plugin/node_modules/https-proxy-agent debug@4.4.3 OK for: https-proxy-agent@7.0.6 want: 4
2251 silly placeDep ROOT cosmiconfig@5.2.1 OK for: metro-config@0.82.5 want: ^5.0.5
2252 silly fetch manifest parse-json@^4.0.0
2253 silly packumentCache full:https://registry.npmjs.org/parse-json cache-miss
2254 silly fetch manifest import-fresh@^2.0.0
2255 silly packumentCache full:https://registry.npmjs.org/import-fresh cache-miss
2256 silly fetch manifest is-directory@^0.3.1
2257 silly packumentCache full:https://registry.npmjs.org/is-directory cache-miss
2258 http fetch GET 200 https://registry.npmjs.org/import-fresh 63ms (cache revalidated)
2259 silly packumentCache full:https://registry.npmjs.org/import-fresh set size:24604 disposed:false
2260 http fetch GET 200 https://registry.npmjs.org/parse-json 64ms (cache revalidated)
2261 silly packumentCache full:https://registry.npmjs.org/parse-json set size:48198 disposed:false
2262 http fetch GET 200 https://registry.npmjs.org/is-directory 66ms (cache revalidated)
2263 silly packumentCache full:https://registry.npmjs.org/is-directory set size:15926 disposed:false
2264 silly placeDep ROOT import-fresh@2.0.0 OK for: cosmiconfig@5.2.1 want: ^2.0.0
2265 silly placeDep ROOT is-directory@0.3.1 OK for: cosmiconfig@5.2.1 want: ^0.3.1
2266 silly placeDep node_modules/cosmiconfig js-yaml@3.15.1 OK for: cosmiconfig@5.2.1 want: ^3.13.1
2267 silly placeDep ROOT parse-json@4.0.0 OK for: cosmiconfig@5.2.1 want: ^4.0.0
2268 silly fetch manifest caller-path@^2.0.0
2269 silly packumentCache full:https://registry.npmjs.org/caller-path cache-miss
2270 silly fetch manifest resolve-from@^3.0.0
2271 silly packumentCache full:https://registry.npmjs.org/resolve-from cache-hit
2272 silly fetch manifest error-ex@^1.3.1
2273 silly packumentCache full:https://registry.npmjs.org/error-ex cache-miss
2274 silly fetch manifest json-parse-better-errors@^1.0.1
2275 silly packumentCache full:https://registry.npmjs.org/json-parse-better-errors cache-miss
2276 http fetch GET 200 https://registry.npmjs.org/json-parse-better-errors 152ms (cache revalidated)
2277 silly packumentCache full:https://registry.npmjs.org/json-parse-better-errors set size:9157 disposed:false
2278 http fetch GET 200 https://registry.npmjs.org/error-ex 153ms (cache revalidated)
2279 silly packumentCache full:https://registry.npmjs.org/error-ex set size:31684 disposed:false
2280 http fetch GET 200 https://registry.npmjs.org/caller-path 256ms (cache revalidated)
2281 silly packumentCache full:https://registry.npmjs.org/caller-path set size:15125 disposed:false
2282 silly placeDep ROOT caller-path@2.0.0 OK for: import-fresh@2.0.0 want: ^2.0.0
2283 silly placeDep node_modules/import-fresh resolve-from@3.0.0 OK for: import-fresh@2.0.0 want: ^3.0.0
2284 silly fetch manifest caller-callsite@^2.0.0
2285 silly packumentCache full:https://registry.npmjs.org/caller-callsite cache-miss
2286 http fetch GET 200 https://registry.npmjs.org/caller-callsite 62ms (cache revalidated)
2287 silly packumentCache full:https://registry.npmjs.org/caller-callsite set size:19441 disposed:false
2288 silly placeDep ROOT caller-callsite@2.0.0 OK for: caller-path@2.0.0 want: ^2.0.0
2289 silly fetch manifest callsites@^2.0.0
2290 silly packumentCache full:https://registry.npmjs.org/callsites cache-miss
2291 http fetch GET 200 https://registry.npmjs.org/callsites 63ms (cache revalidated)
2292 silly packumentCache full:https://registry.npmjs.org/callsites set size:21349 disposed:false
2293 silly placeDep ROOT callsites@2.0.0 OK for: caller-callsite@2.0.0 want: ^2.0.0
2294 silly placeDep ROOT error-ex@1.3.4 OK for: parse-json@4.0.0 want: ^1.3.1
2295 silly placeDep ROOT json-parse-better-errors@1.0.2 OK for: parse-json@4.0.0 want: ^1.0.1
2296 silly fetch manifest is-arrayish@^0.2.1
2297 silly packumentCache full:https://registry.npmjs.org/is-arrayish cache-miss
2298 http fetch GET 200 https://registry.npmjs.org/is-arrayish 277ms (cache revalidated)
2299 silly packumentCache full:https://registry.npmjs.org/is-arrayish set size:15371 disposed:false
2300 silly placeDep ROOT is-arrayish@0.2.1 OK for: error-ex@1.3.4 want: ^0.2.1
2301 silly placeDep node_modules/@react-native/community-cli-plugin/node_modules/metro-file-map debug@4.4.3 OK for: metro-file-map@0.82.5 want: ^4.4.0
2302 silly placeDep node_modules/@react-native/community-cli-plugin ob1@0.82.5 OK for: metro-source-map@0.82.5 want: 0.82.5
2303 silly placeDep node_modules/@react-native/community-cli-plugin metro-minify-terser@0.82.5 OK for: metro-transform-worker@0.82.5 want: 0.82.5
2304 silly placeDep ROOT define-lazy-prop@2.0.0 OK for: open@8.4.2 want: ^2.0.0
2305 silly placeDep node_modules/compression ms@2.0.0 OK for: debug@2.6.9 want: 2.0.0
2306 silly placeDep node_modules/connect ms@2.0.0 OK for: debug@2.6.9 want: 2.0.0
2307 silly placeDep node_modules/cosmiconfig argparse@1.0.10 OK for: js-yaml@3.15.1 want: ^1.0.7
2308 silly placeDep node_modules/expo-linking @expo/config@10.0.11 OK for: expo-constants@17.0.8 want: ~10.0.11
2309 silly placeDep node_modules/expo-linking @expo/env@0.4.2 OK for: expo-constants@17.0.8 want: ~0.4.2
2310 silly fetch manifest glob@^10.4.2
2311 silly packumentCache full:https://registry.npmjs.org/glob cache-hit
2312 silly fetch manifest getenv@^1.0.0
2313 silly packumentCache full:https://registry.npmjs.org/getenv cache-hit
2314 silly fetch manifest sucrase@3.35.0
2315 silly packumentCache full:https://registry.npmjs.org/sucrase cache-hit
2316 silly fetch manifest @expo/json-file@^9.0.2
2317 silly packumentCache full:https://registry.npmjs.org/@expo%2fjson-file cache-hit
2318 silly fetch manifest @expo/config-types@^52.0.5
2319 silly packumentCache full:https://registry.npmjs.org/@expo%2fconfig-types cache-hit
2320 silly fetch manifest @expo/config-plugins@~9.0.17
2321 silly packumentCache full:https://registry.npmjs.org/@expo%2fconfig-plugins cache-miss
2322 silly fetch manifest getenv@^1.0.0
2323 silly packumentCache full:https://registry.npmjs.org/getenv cache-hit
2324 http cache https://registry.npmjs.org/@expo%2fconfig-plugins 5ms (cache hit)
2325 silly packumentCache full:https://registry.npmjs.org/@expo%2fconfig-plugins set size:1335803 disposed:false
2326 silly placeDep node_modules/expo-linking @babel/code-frame@7.10.4 OK for: @expo/config@10.0.11 want: ~7.10.4
2327 silly placeDep node_modules/expo-linking @expo/config-plugins@9.0.17 OK for: @expo/config@10.0.11 want: ~9.0.17
2328 silly placeDep node_modules/expo-linking @expo/config-types@52.0.5 OK for: @expo/config@10.0.11 want: ^52.0.5
2329 silly placeDep node_modules/expo-linking @expo/json-file@9.1.5 OK for: @expo/config@10.0.11 want: ^9.0.2
2330 silly placeDep node_modules/expo-linking getenv@1.0.0 OK for: @expo/config@10.0.11 want: ^1.0.0
2331 silly placeDep node_modules/expo-linking glob@10.5.0 OK for: @expo/config@10.0.11 want: ^10.4.2
2332 silly placeDep node_modules/expo-linking semver@7.8.5 OK for: @expo/config@10.0.11 want: ^7.6.0
2333 silly placeDep node_modules/expo-linking sucrase@3.35.0 OK for: @expo/config@10.0.11 want: 3.35.0
2334 silly fetch manifest @expo/plist@^0.2.2
2335 silly packumentCache full:https://registry.npmjs.org/@expo%2fplist cache-hit
2336 silly fetch manifest @expo/json-file@~9.0.2
2337 silly packumentCache full:https://registry.npmjs.org/@expo%2fjson-file cache-hit
2338 silly fetch manifest jackspeak@^3.1.2
2339 silly packumentCache full:https://registry.npmjs.org/jackspeak cache-miss
2340 silly fetch manifest path-scurry@^1.11.1
2341 silly packumentCache full:https://registry.npmjs.org/path-scurry cache-hit
2342 silly fetch manifest foreground-child@^3.1.0
2343 silly packumentCache full:https://registry.npmjs.org/foreground-child cache-miss
2344 silly fetch manifest package-json-from-dist@^1.0.0
2345 silly packumentCache full:https://registry.npmjs.org/package-json-from-dist cache-miss
2346 http fetch GET 200 https://registry.npmjs.org/foreground-child 58ms (cache revalidated)
2347 silly packumentCache full:https://registry.npmjs.org/foreground-child set size:71503 disposed:false
2348 http fetch GET 200 https://registry.npmjs.org/jackspeak 257ms (cache revalidated)
2349 silly packumentCache full:https://registry.npmjs.org/jackspeak set size:204267 disposed:false
2350 http fetch GET 200 https://registry.npmjs.org/package-json-from-dist 273ms (cache revalidated)
2351 silly packumentCache full:https://registry.npmjs.org/package-json-from-dist set size:8854 disposed:false
2352 silly placeDep node_modules/expo-linking/node_modules/@expo/config-plugins @expo/json-file@9.0.2 OK for: @expo/config-plugins@9.0.17 want: ~9.0.2
2353 silly placeDep node_modules/expo-linking @expo/plist@0.2.2 OK for: @expo/config-plugins@9.0.17 want: ^0.2.2
2354 silly fetch manifest write-file-atomic@^2.3.0
2355 silly packumentCache full:https://registry.npmjs.org/write-file-atomic cache-hit
2356 silly fetch manifest xmlbuilder@^14.0.0
2357 silly packumentCache full:https://registry.npmjs.org/xmlbuilder cache-hit
2358 silly fetch manifest @xmldom/xmldom@~0.7.7
2359 silly packumentCache full:https://registry.npmjs.org/@xmldom%2fxmldom cache-hit
2360 silly placeDep node_modules/expo-linking @xmldom/xmldom@0.7.13 OK for: @expo/plist@0.2.2 want: ~0.7.7
2361 silly placeDep node_modules/expo-linking xmlbuilder@14.0.0 OK for: @expo/plist@0.2.2 want: ^14.0.0
2362 silly placeDep ROOT foreground-child@3.3.1 OK for: glob@10.5.0 want: ^3.1.0
2363 silly placeDep ROOT jackspeak@3.4.3 OK for: glob@10.5.0 want: ^3.1.2
2364 silly placeDep ROOT package-json-from-dist@1.0.1 OK for: glob@10.5.0 want: ^1.0.0
2365 silly placeDep node_modules/expo-linking path-scurry@1.11.1 OK for: glob@10.5.0 want: ^1.11.1
2366 silly fetch manifest signal-exit@^4.0.1
2367 silly packumentCache full:https://registry.npmjs.org/signal-exit cache-hit
2368 silly fetch manifest @isaacs/cliui@^8.0.2
2369 silly packumentCache full:https://registry.npmjs.org/@isaacs%2fcliui cache-miss
2370 silly fetch manifest @pkgjs/parseargs@^0.11.0
2371 silly packumentCache full:https://registry.npmjs.org/@pkgjs%2fparseargs cache-miss
2372 silly fetch manifest lru-cache@^10.2.0
2373 silly packumentCache full:https://registry.npmjs.org/lru-cache cache-hit
2374 http fetch GET 200 https://registry.npmjs.org/@isaacs%2fcliui 75ms (cache revalidated)
2375 silly packumentCache full:https://registry.npmjs.org/@isaacs%2fcliui set size:12263 disposed:false
2376 http fetch GET 200 https://registry.npmjs.org/@pkgjs%2fparseargs 75ms (cache revalidated)
2377 silly packumentCache full:https://registry.npmjs.org/@pkgjs%2fparseargs set size:51085 disposed:false
2378 silly placeDep node_modules/foreground-child signal-exit@4.1.0 OK for: foreground-child@3.3.1 want: ^4.0.1
2379 silly placeDep ROOT @isaacs/cliui@8.0.2 OK for: jackspeak@3.4.3 want: ^8.0.2
2380 silly placeDep ROOT @pkgjs/parseargs@0.11.0 OK for: jackspeak@3.4.3 want: ^0.11.0
2381 silly fetch manifest wrap-ansi@^8.1.0
2382 silly packumentCache full:https://registry.npmjs.org/wrap-ansi cache-hit
2383 silly fetch manifest strip-ansi@^7.0.1
2384 silly packumentCache full:https://registry.npmjs.org/strip-ansi cache-hit
2385 silly fetch manifest string-width@^5.1.2
2386 silly packumentCache full:https://registry.npmjs.org/string-width cache-hit
2387 silly fetch manifest wrap-ansi-cjs@npm:wrap-ansi@^7.0.0
2388 silly packumentCache full:https://registry.npmjs.org/wrap-ansi cache-hit
2389 silly fetch manifest strip-ansi-cjs@npm:strip-ansi@^6.0.1
2390 silly packumentCache full:https://registry.npmjs.org/strip-ansi cache-hit
2391 silly fetch manifest string-width-cjs@npm:string-width@^4.2.0
2392 silly packumentCache full:https://registry.npmjs.org/string-width cache-hit
2393 silly placeDep node_modules/@isaacs/cliui string-width@5.1.2 OK for: @isaacs/cliui@8.0.2 want: ^5.1.2
2394 silly placeDep ROOT string-width-cjs@4.2.3 OK for: @isaacs/cliui@8.0.2 want: npm:string-width@^4.2.0
2395 silly placeDep node_modules/@isaacs/cliui strip-ansi@7.2.0 OK for: @isaacs/cliui@8.0.2 want: ^7.0.1
2396 silly placeDep ROOT strip-ansi-cjs@6.0.1 OK for: @isaacs/cliui@8.0.2 want: npm:strip-ansi@^6.0.1
2397 silly placeDep node_modules/@isaacs/cliui wrap-ansi@8.1.0 OK for: @isaacs/cliui@8.0.2 want: ^8.1.0
2398 silly placeDep ROOT wrap-ansi-cjs@7.0.0 OK for: @isaacs/cliui@8.0.2 want: npm:wrap-ansi@^7.0.0
2399 silly fetch manifest emoji-regex@^9.2.2
2400 silly packumentCache full:https://registry.npmjs.org/emoji-regex cache-hit
2401 silly fetch manifest eastasianwidth@^0.2.0
2402 silly packumentCache full:https://registry.npmjs.org/eastasianwidth cache-miss
2403 silly fetch manifest ansi-regex@^6.2.2
2404 silly packumentCache full:https://registry.npmjs.org/ansi-regex cache-hit
2405 silly fetch manifest ansi-styles@^6.1.0
2406 silly packumentCache full:https://registry.npmjs.org/ansi-styles cache-hit
2407 http fetch GET 200 https://registry.npmjs.org/eastasianwidth 101ms (cache revalidated)
2408 silly packumentCache full:https://registry.npmjs.org/eastasianwidth set size:7890 disposed:false
2409 silly placeDep node_modules/string-width-cjs strip-ansi@6.0.1 OK for: string-width@4.2.3 want: ^6.0.1
2410 silly placeDep node_modules/wrap-ansi-cjs strip-ansi@6.0.1 OK for: wrap-ansi@7.0.0 want: ^6.0.0
2411 silly placeDep ROOT eastasianwidth@0.2.0 OK for: string-width@5.1.2 want: ^0.2.0
2412 silly placeDep node_modules/@isaacs/cliui emoji-regex@9.2.2 OK for: string-width@5.1.2 want: ^9.2.2
2413 silly placeDep node_modules/@isaacs/cliui ansi-regex@6.3.0 OK for: strip-ansi@7.2.0 want: ^6.2.2
2414 silly placeDep node_modules/@isaacs/cliui ansi-styles@6.2.3 OK for: wrap-ansi@8.1.0 want: ^6.1.0
2415 silly placeDep node_modules/expo-linking lru-cache@10.4.3 OK for: path-scurry@1.11.1 want: ^10.2.0
2416 silly placeDep node_modules/expo-linking commander@4.1.1 OK for: sucrase@3.35.0 want: ^4.0.0
2417 silly placeDep node_modules/finalhandler ms@2.0.0 OK for: debug@2.6.9 want: 2.0.0
2418 silly placeDep node_modules/glob brace-expansion@5.0.9 OK for: minimatch@10.2.6 want: ^5.0.8
2419 silly placeDep node_modules/glob balanced-match@4.0.4 OK for: brace-expansion@5.0.9 want: ^4.0.2
2420 silly placeDep node_modules/lighthouse-logger ms@2.0.0 OK for: debug@2.6.9 want: 2.0.0
2421 silly placeDep node_modules/log-symbols ansi-styles@3.2.1 OK for: chalk@2.4.2 want: ^3.2.1
2422 silly placeDep node_modules/log-symbols escape-string-regexp@1.0.5 OK for: chalk@2.4.2 want: ^1.0.5
2423 silly placeDep node_modules/log-symbols supports-color@5.5.0 OK for: chalk@2.4.2 want: ^5.3.0
2424 silly placeDep node_modules/log-symbols color-convert@1.9.3 OK for: ansi-styles@3.2.1 want: ^1.9.0
2425 silly placeDep node_modules/log-symbols color-name@1.1.3 OK for: color-convert@1.9.3 want: 1.1.3
2426 silly placeDep node_modules/log-symbols has-flag@3.0.0 OK for: supports-color@5.5.0 want: ^3.0.0
2427 silly placeDep node_modules/metro-babel-transformer hermes-estree@0.32.0 OK for: hermes-parser@0.32.0 want: 0.32.0
2428 silly placeDep node_modules/metro-cache agent-base@7.1.4 OK for: https-proxy-agent@7.0.6 want: ^7.1.2
2429 silly placeDep node_modules/metro hermes-estree@0.32.0 OK for: hermes-parser@0.32.0 want: 0.32.0
2430 silly placeDep node_modules/ora ansi-styles@3.2.1 OK for: chalk@2.4.2 want: ^3.2.1
2431 silly placeDep node_modules/ora escape-string-regexp@1.0.5 OK for: chalk@2.4.2 want: ^1.0.5
2432 silly placeDep node_modules/ora supports-color@5.5.0 OK for: chalk@2.4.2 want: ^5.3.0
2433 silly placeDep node_modules/ora color-convert@1.9.3 OK for: ansi-styles@3.2.1 want: ^1.9.0
2434 silly placeDep node_modules/ora color-name@1.1.3 OK for: color-convert@1.9.3 want: 1.1.3
2435 silly placeDep node_modules/ora has-flag@3.0.0 OK for: supports-color@5.5.0 want: ^3.0.0
2436 silly placeDep ROOT p-try@2.2.0 OK for: p-limit@2.3.0 want: ^2.0.0
2437 silly placeDep node_modules/react-native hermes-parser@0.25.1 OK for: @react-native/codegen@0.79.2 want: 0.25.1
2438 silly fetch manifest hermes-estree@0.25.1
2439 silly packumentCache full:https://registry.npmjs.org/hermes-estree cache-hit
2440 silly placeDep node_modules/react-native minimatch@3.1.5 OK for: glob@7.2.3 want: ^3.1.1
2441 silly placeDep node_modules/react-native hermes-estree@0.25.1 OK for: hermes-parser@0.25.1 want: 0.25.1
2442 silly placeDep node_modules/react-native metro-symbolicate@0.82.5 OK for: metro-source-map@0.82.5 want: 0.82.5
2443 silly placeDep node_modules/react-native ob1@0.82.5 OK for: metro-source-map@0.82.5 want: 0.82.5
2444 silly placeDep node_modules/react-native brace-expansion@1.1.18 OK for: minimatch@3.1.5 want: ^1.1.7
2445 silly placeDep node_modules/rimraf minimatch@3.1.5 OK for: glob@7.2.3 want: ^3.1.1
2446 silly placeDep node_modules/rimraf brace-expansion@1.1.18 OK for: minimatch@3.1.5 want: ^1.1.7
2447 silly placeDep node_modules/send/node_modules/debug ms@2.0.0 OK for: debug@2.6.9 want: 2.0.0
2448 silly placeDep node_modules/test-exclude brace-expansion@1.1.18 OK for: minimatch@3.1.5 want: ^1.1.7
2449 silly placeDep node_modules/@react-native/community-cli-plugin/node_modules/https-proxy-agent ms@2.1.3 OK for: debug@4.4.3 want: ^2.1.3
2450 silly placeDep node_modules/@react-native/community-cli-plugin/node_modules/metro-file-map ms@2.1.3 OK for: debug@4.4.3 want: ^2.1.3
2451 silly placeDep node_modules/@react-native/community-cli-plugin/node_modules/metro ms@2.1.3 OK for: debug@4.4.3 want: ^2.1.3
2452 silly placeDep node_modules/expo-linking write-file-atomic@2.4.3 OK for: @expo/json-file@9.0.2 want: ^2.3.0
2453 silly reify mark retired [
2453 silly reify   '/Users/guilhermesilva/.gemini/antigravity/scratch/SgpTecnicoExpoApp/node_modules/@babel/helper-environment-visitor'
2453 silly reify ]
2454 silly reify mark retired [
2454 silly reify   '/Users/guilhermesilva/.gemini/antigravity/scratch/SgpTecnicoExpoApp/node_modules/@babel/plugin-bugfix-firefox-class-in-computed-class-key'
2454 silly reify ]
2455 silly reify mark retired [
2455 silly reify   '/Users/guilhermesilva/.gemini/antigravity/scratch/SgpTecnicoExpoApp/node_modules/@babel/plugin-bugfix-safari-class-field-initializer-scope'
2455 silly reify ]
2456 silly reify mark retired [
2456 silly reify   '/Users/guilhermesilva/.gemini/antigravity/scratch/SgpTecnicoExpoApp/node_modules/@babel/plugin-bugfix-safari-id-destructuring-collision-in-function-expression'
2456 silly reify ]
2457 silly reify mark retired [
2457 silly reify   '/Users/guilhermesilva/.gemini/antigravity/scratch/SgpTecnicoExpoApp/node_modules/@babel/plugin-bugfix-safari-rest-destructuring-rhs-array'
2457 silly reify ]
2458 silly reify mark retired [
2458 silly reify   '/Users/guilhermesilva/.gemini/antigravity/scratch/SgpTecnicoExpoApp/node_modules/@babel/plugin-bugfix-v8-spread-parameters-in-optional-chaining'
2458 silly reify ]
2459 silly reify mark retired [
2459 silly reify   '/Users/guilhermesilva/.gemini/antigravity/scratch/SgpTecnicoExpoApp/node_modules/@babel/plugin-bugfix-v8-static-class-fields-redefine-readonly'
2459 silly reify ]
2460 silly reify mark retired [
2460 silly reify   '/Users/guilhermesilva/.gemini/antigravity/scratch/SgpTecnicoExpoApp/node_modules/@babel/plugin-proposal-async-generator-functions'
2460 silly reify ]
2461 silly reify mark retired [
2461 silly reify   '/Users/guilhermesilva/.gemini/antigravity/scratch/SgpTecnicoExpoApp/node_modules/@babel/plugin-proposal-class-properties'
2461 silly reify ]
2462 silly reify mark retired [
2462 silly reify   '/Users/guilhermesilva/.gemini/antigravity/scratch/SgpTecnicoExpoApp/node_modules/@babel/plugin-proposal-logical-assignment-operators'
2462 silly reify ]
2463 silly reify mark retired [
2463 silly reify   '/Users/guilhermesilva/.gemini/antigravity/scratch/SgpTecnicoExpoApp/node_modules/@babel/plugin-proposal-nullish-coalescing-operator'
2463 silly reify ]
2464 silly reify mark retired [
2464 silly reify   '/Users/guilhermesilva/.gemini/antigravity/scratch/SgpTecnicoExpoApp/node_modules/@babel/plugin-proposal-numeric-separator'
2464 silly reify ]
2465 silly reify mark retired [
2465 silly reify   '/Users/guilhermesilva/.gemini/antigravity/scratch/SgpTecnicoExpoApp/node_modules/@babel/plugin-proposal-object-rest-spread'
2465 silly reify ]
2466 silly reify mark retired [
2466 silly reify   '/Users/guilhermesilva/.gemini/antigravity/scratch/SgpTecnicoExpoApp/node_modules/@babel/plugin-proposal-optional-catch-binding'
2466 silly reify ]
2467 silly reify mark retired [
2467 silly reify   '/Users/guilhermesilva/.gemini/antigravity/scratch/SgpTecnicoExpoApp/node_modules/@babel/plugin-proposal-optional-chaining'
2467 silly reify ]
2468 silly reify mark retired [
2468 silly reify   '/Users/guilhermesilva/.gemini/antigravity/scratch/SgpTecnicoExpoApp/node_modules/@babel/plugin-proposal-private-property-in-object'
2468 silly reify ]
2469 silly reify mark retired [
2469 silly reify   '/Users/guilhermesilva/.gemini/antigravity/scratch/SgpTecnicoExpoApp/node_modules/@babel/plugin-syntax-import-assertions'
2469 silly reify ]
2470 silly reify mark retired [
2470 silly reify   '/Users/guilhermesilva/.gemini/antigravity/scratch/SgpTecnicoExpoApp/node_modules/@babel/plugin-syntax-unicode-sets-regex'
2470 silly reify ]
2471 silly reify mark retired [
2471 silly reify   '/Users/guilhermesilva/.gemini/antigravity/scratch/SgpTecnicoExpoApp/node_modules/@babel/plugin-transform-block-scoped-functions'
2471 silly reify ]
2472 silly reify mark retired [
2472 silly reify   '/Users/guilhermesilva/.gemini/antigravity/scratch/SgpTecnicoExpoApp/node_modules/@babel/plugin-transform-dotall-regex'
2472 silly reify ]
2473 silly reify mark retired [
2473 silly reify   '/Users/guilhermesilva/.gemini/antigravity/scratch/SgpTecnicoExpoApp/node_modules/@babel/plugin-transform-duplicate-keys'
2473 silly reify ]
2474 silly reify mark retired [
2474 silly reify   '/Users/guilhermesilva/.gemini/antigravity/scratch/SgpTecnicoExpoApp/node_modules/@babel/plugin-transform-duplicate-named-capturing-groups-regex'
2474 silly reify ]
2475 silly reify mark retired [
2475 silly reify   '/Users/guilhermesilva/.gemini/antigravity/scratch/SgpTecnicoExpoApp/node_modules/@babel/plugin-transform-dynamic-import'
2475 silly reify ]
2476 silly reify mark retired [
2476 silly reify   '/Users/guilhermesilva/.gemini/antigravity/scratch/SgpTecnicoExpoApp/node_modules/@babel/plugin-transform-explicit-resource-management'
2476 silly reify ]
2477 silly reify mark retired [
2477 silly reify   '/Users/guilhermesilva/.gemini/antigravity/scratch/SgpTecnicoExpoApp/node_modules/@babel/plugin-transform-exponentiation-operator'
2477 silly reify ]
2478 silly reify mark retired [
2478 silly reify   '/Users/guilhermesilva/.gemini/antigravity/scratch/SgpTecnicoExpoApp/node_modules/@babel/plugin-transform-json-strings'
2478 silly reify ]
2479 silly reify mark retired [
2479 silly reify   '/Users/guilhermesilva/.gemini/antigravity/scratch/SgpTecnicoExpoApp/node_modules/@babel/plugin-transform-member-expression-literals'
2479 silly reify ]
2480 silly reify mark retired [
2480 silly reify   '/Users/guilhermesilva/.gemini/antigravity/scratch/SgpTecnicoExpoApp/node_modules/@babel/plugin-transform-modules-amd'
2480 silly reify ]
2481 silly reify mark retired [
2481 silly reify   '/Users/guilhermesilva/.gemini/antigravity/scratch/SgpTecnicoExpoApp/node_modules/@babel/plugin-transform-modules-systemjs'
2481 silly reify ]
2482 silly reify mark retired [
2482 silly reify   '/Users/guilhermesilva/.gemini/antigravity/scratch/SgpTecnicoExpoApp/node_modules/@babel/plugin-transform-modules-umd'
2482 silly reify ]
2483 silly reify mark retired [
2483 silly reify   '/Users/guilhermesilva/.gemini/antigravity/scratch/SgpTecnicoExpoApp/node_modules/@babel/plugin-transform-new-target'
2483 silly reify ]
2484 silly reify mark retired [
2484 silly reify   '/Users/guilhermesilva/.gemini/antigravity/scratch/SgpTecnicoExpoApp/node_modules/@babel/plugin-transform-object-super'
2484 silly reify ]
2485 silly reify mark retired [
2485 silly reify   '/Users/guilhermesilva/.gemini/antigravity/scratch/SgpTecnicoExpoApp/node_modules/@babel/plugin-transform-property-literals'
2485 silly reify ]
2486 silly reify mark retired [
2486 silly reify   '/Users/guilhermesilva/.gemini/antigravity/scratch/SgpTecnicoExpoApp/node_modules/@babel/plugin-transform-regexp-modifiers'
2486 silly reify ]
2487 silly reify mark retired [
2487 silly reify   '/Users/guilhermesilva/.gemini/antigravity/scratch/SgpTecnicoExpoApp/node_modules/@babel/plugin-transform-reserved-words'
2487 silly reify ]
2488 silly reify mark retired [
2488 silly reify   '/Users/guilhermesilva/.gemini/antigravity/scratch/SgpTecnicoExpoApp/node_modules/@babel/plugin-transform-template-literals'
2488 silly reify ]
2489 silly reify mark retired [
2489 silly reify   '/Users/guilhermesilva/.gemini/antigravity/scratch/SgpTecnicoExpoApp/node_modules/@babel/plugin-transform-typeof-symbol'
2489 silly reify ]
2490 silly reify mark retired [
2490 silly reify   '/Users/guilhermesilva/.gemini/antigravity/scratch/SgpTecnicoExpoApp/node_modules/@babel/plugin-transform-unicode-escapes'
2490 silly reify ]
2491 silly reify mark retired [
2491 silly reify   '/Users/guilhermesilva/.gemini/antigravity/scratch/SgpTecnicoExpoApp/node_modules/@babel/plugin-transform-unicode-property-regex'
2491 silly reify ]
2492 silly reify mark retired [
2492 silly reify   '/Users/guilhermesilva/.gemini/antigravity/scratch/SgpTecnicoExpoApp/node_modules/@babel/plugin-transform-unicode-sets-regex'
2492 silly reify ]
2493 silly reify mark retired [
2493 silly reify   '/Users/guilhermesilva/.gemini/antigravity/scratch/SgpTecnicoExpoApp/node_modules/@babel/preset-env'
2493 silly reify ]
2494 silly reify mark retired [
2494 silly reify   '/Users/guilhermesilva/.gemini/antigravity/scratch/SgpTecnicoExpoApp/node_modules/@babel/preset-flow'
2494 silly reify ]
2495 silly reify mark retired [
2495 silly reify   '/Users/guilhermesilva/.gemini/antigravity/scratch/SgpTecnicoExpoApp/node_modules/@babel/preset-modules'
2495 silly reify ]
2496 silly reify mark retired [
2496 silly reify   '/Users/guilhermesilva/.gemini/antigravity/scratch/SgpTecnicoExpoApp/node_modules/@babel/register'
2496 silly reify ]
2497 silly reify mark retired [
2497 silly reify   '/Users/guilhermesilva/.gemini/antigravity/scratch/SgpTecnicoExpoApp/node_modules/@expo/bunyan'
2497 silly reify ]
2498 silly reify mark retired [
2498 silly reify   '/Users/guilhermesilva/.gemini/antigravity/scratch/SgpTecnicoExpoApp/node_modules/@expo/cli',
2498 silly reify   '/Users/guilhermesilva/.gemini/antigravity/scratch/SgpTecnicoExpoApp/node_modules/.bin/expo-internal'
2498 silly reify ]
2499 silly reify mark retired [
2499 silly reify   '/Users/guilhermesilva/.gemini/antigravity/scratch/SgpTecnicoExpoApp/node_modules/@expo/code-signing-certificates'
2499 silly reify ]
2500 silly reify mark retired [
2500 silly reify   '/Users/guilhermesilva/.gemini/antigravity/scratch/SgpTecnicoExpoApp/node_modules/@expo/config'
2500 silly reify ]
2501 silly reify mark retired [
2501 silly reify   '/Users/guilhermesilva/.gemini/antigravity/scratch/SgpTecnicoExpoApp/node_modules/@expo/config-plugins'
2501 silly reify ]
2502 silly reify mark retired [
2502 silly reify   '/Users/guilhermesilva/.gemini/antigravity/scratch/SgpTecnicoExpoApp/node_modules/@expo/config-types'
2502 silly reify ]
2503 silly reify mark retired [
2503 silly reify   '/Users/guilhermesilva/.gemini/antigravity/scratch/SgpTecnicoExpoApp/node_modules/@expo/env'
2503 silly reify ]
2504 silly reify mark retired [
2504 silly reify   '/Users/guilhermesilva/.gemini/antigravity/scratch/SgpTecnicoExpoApp/node_modules/@expo/image-utils'
2504 silly reify ]
2505 silly reify mark retired [
2505 silly reify   '/Users/guilhermesilva/.gemini/antigravity/scratch/SgpTecnicoExpoApp/node_modules/@expo/json-file'
2505 silly reify ]
2506 silly reify mark retired [
2506 silly reify   '/Users/guilhermesilva/.gemini/antigravity/scratch/SgpTecnicoExpoApp/node_modules/@expo/metro-config'
2506 silly reify ]
2507 silly reify mark retired [
2507 silly reify   '/Users/guilhermesilva/.gemini/antigravity/scratch/SgpTecnicoExpoApp/node_modules/@expo/ngrok'
2507 silly reify ]
2508 silly reify mark retired [
2508 silly reify   '/Users/guilhermesilva/.gemini/antigravity/scratch/SgpTecnicoExpoApp/node_modules/@expo/ngrok-bin',
2508 silly reify   '/Users/guilhermesilva/.gemini/antigravity/scratch/SgpTecnicoExpoApp/node_modules/.bin/ngrok'
2508 silly reify ]
2509 silly reify mark retired [
2509 silly reify   '/Users/guilhermesilva/.gemini/antigravity/scratch/SgpTecnicoExpoApp/node_modules/@expo/ngrok-bin-darwin-arm64'
2509 silly reify ]
2510 silly reify mark retired [
2510 silly reify   '/Users/guilhermesilva/.gemini/antigravity/scratch/SgpTecnicoExpoApp/node_modules/@expo/package-manager/node_modules/hosted-git-info'
2510 silly reify ]
2511 silly reify mark retired [
2511 silly reify   '/Users/guilhermesilva/.gemini/antigravity/scratch/SgpTecnicoExpoApp/node_modules/@expo/package-manager/node_modules/lru-cache'
2511 silly reify ]
2512 silly reify mark retired [
2512 silly reify   '/Users/guilhermesilva/.gemini/antigravity/scratch/SgpTecnicoExpoApp/node_modules/@expo/package-manager/node_modules/npm-package-arg'
2512 silly reify ]
2513 silly reify mark retired [
2513 silly reify   '/Users/guilhermesilva/.gemini/antigravity/scratch/SgpTecnicoExpoApp/node_modules/@expo/package-manager/node_modules/semver',
2513 silly reify   '/Users/guilhermesilva/.gemini/antigravity/scratch/SgpTecnicoExpoApp/node_modules/@expo/package-manager/node_modules/.bin/semver'
2513 silly reify ]
2514 silly reify mark retired [
2514 silly reify   '/Users/guilhermesilva/.gemini/antigravity/scratch/SgpTecnicoExpoApp/node_modules/@expo/package-manager/node_modules/validate-npm-package-name'
2514 silly reify ]
2515 silly reify mark retired [
2515 silly reify   '/Users/guilhermesilva/.gemini/antigravity/scratch/SgpTecnicoExpoApp/node_modules/@expo/plist'
2515 silly reify ]
2516 silly reify mark retired [
2516 silly reify   '/Users/guilhermesilva/.gemini/antigravity/scratch/SgpTecnicoExpoApp/node_modules/@expo/prebuild-config'
2516 silly reify ]
2517 silly reify mark retired [
2517 silly reify   '/Users/guilhermesilva/.gemini/antigravity/scratch/SgpTecnicoExpoApp/node_modules/@expo/rudder-sdk-node'
2517 silly reify ]
2518 silly reify mark retired [
2518 silly reify   '/Users/guilhermesilva/.gemini/antigravity/scratch/SgpTecnicoExpoApp/node_modules/@expo/vector-icons'
2518 silly reify ]
2519 silly reify mark retired [
2519 silly reify   '/Users/guilhermesilva/.gemini/antigravity/scratch/SgpTecnicoExpoApp/node_modules/@expo/xcpretty/node_modules/argparse'
2519 silly reify ]
2520 silly reify mark retired [
2520 silly reify   '/Users/guilhermesilva/.gemini/antigravity/scratch/SgpTecnicoExpoApp/node_modules/@expo/xcpretty/node_modules/js-yaml',
2520 silly reify   '/Users/guilhermesilva/.gemini/antigravity/scratch/SgpTecnicoExpoApp/node_modules/@expo/xcpretty/node_modules/.bin/js-yaml'
2520 silly reify ]
2521 silly reify mark retired [
2521 silly reify   '/Users/guilhermesilva/.gemini/antigravity/scratch/SgpTecnicoExpoApp/node_modules/@graphql-typed-document-node/core'
2521 silly reify ]
2522 silly reify mark retired [
2522 silly reify   '/Users/guilhermesilva/.gemini/antigravity/scratch/SgpTecnicoExpoApp/node_modules/@hapi/hoek'
2522 silly reify ]
2523 silly reify mark retired [
2523 silly reify   '/Users/guilhermesilva/.gemini/antigravity/scratch/SgpTecnicoExpoApp/node_modules/@hapi/topo'
2523 silly reify ]
2524 silly reify mark retired [
2524 silly reify   '/Users/guilhermesilva/.gemini/antigravity/scratch/SgpTecnicoExpoApp/node_modules/@jest/create-cache-key-function/node_modules/@jest/types'
2524 silly reify ]
2525 silly reify mark retired [
2525 silly reify   '/Users/guilhermesilva/.gemini/antigravity/scratch/SgpTecnicoExpoApp/node_modules/@jest/create-cache-key-function/node_modules/@types/istanbul-reports'
2525 silly reify ]
2526 silly reify mark retired [
2526 silly reify   '/Users/guilhermesilva/.gemini/antigravity/scratch/SgpTecnicoExpoApp/node_modules/@jest/create-cache-key-function/node_modules/@types/yargs'
2526 silly reify ]
2527 silly reify mark retired [
2527 silly reify   '/Users/guilhermesilva/.gemini/antigravity/scratch/SgpTecnicoExpoApp/node_modules/@jest/environment/node_modules/@jest/types'
2527 silly reify ]
2528 silly reify mark retired [
2528 silly reify   '/Users/guilhermesilva/.gemini/antigravity/scratch/SgpTecnicoExpoApp/node_modules/@jest/environment/node_modules/@types/istanbul-reports'
2528 silly reify ]
2529 silly reify mark retired [
2529 silly reify   '/Users/guilhermesilva/.gemini/antigravity/scratch/SgpTecnicoExpoApp/node_modules/@jest/environment/node_modules/@types/yargs'
2529 silly reify ]
2530 silly reify mark retired [
2530 silly reify   '/Users/guilhermesilva/.gemini/antigravity/scratch/SgpTecnicoExpoApp/node_modules/@jest/fake-timers/node_modules/@jest/types'
2530 silly reify ]
2531 silly reify mark retired [
2531 silly reify   '/Users/guilhermesilva/.gemini/antigravity/scratch/SgpTecnicoExpoApp/node_modules/@jest/fake-timers/node_modules/@types/istanbul-reports'
2531 silly reify ]
2532 silly reify mark retired [
2532 silly reify   '/Users/guilhermesilva/.gemini/antigravity/scratch/SgpTecnicoExpoApp/node_modules/@jest/fake-timers/node_modules/@types/yargs'
2532 silly reify ]
2533 silly reify mark retired [
2533 silly reify   '/Users/guilhermesilva/.gemini/antigravity/scratch/SgpTecnicoExpoApp/node_modules/@jest/types'
2533 silly reify ]
2534 silly reify mark retired [
2534 silly reify   '/Users/guilhermesilva/.gemini/antigravity/scratch/SgpTecnicoExpoApp/node_modules/@nodelib/fs.scandir'
2534 silly reify ]
2535 silly reify mark retired [
2535 silly reify   '/Users/guilhermesilva/.gemini/antigravity/scratch/SgpTecnicoExpoApp/node_modules/@nodelib/fs.stat'
2535 silly reify ]
2536 silly reify mark retired [
2536 silly reify   '/Users/guilhermesilva/.gemini/antigravity/scratch/SgpTecnicoExpoApp/node_modules/@nodelib/fs.walk'
2536 silly reify ]
2537 silly reify mark retired [
2537 silly reify   '/Users/guilhermesilva/.gemini/antigravity/scratch/SgpTecnicoExpoApp/node_modules/@npmcli/fs'
2537 silly reify ]
2538 silly reify mark retired [
2538 silly reify   '/Users/guilhermesilva/.gemini/antigravity/scratch/SgpTecnicoExpoApp/node_modules/@react-native-community/cli',
2538 silly reify   '/Users/guilhermesilva/.gemini/antigravity/scratch/SgpTecnicoExpoApp/node_modules/.bin/rnc-cli'
2538 silly reify ]
2539 silly reify mark retired [
2539 silly reify   '/Users/guilhermesilva/.gemini/antigravity/scratch/SgpTecnicoExpoApp/node_modules/@react-native-community/cli-clean'
2539 silly reify ]
2540 silly reify mark retired [
2540 silly reify   '/Users/guilhermesilva/.gemini/antigravity/scratch/SgpTecnicoExpoApp/node_modules/@react-native-community/cli-config'
2540 silly reify ]
2541 silly reify mark retired [
2541 silly reify   '/Users/guilhermesilva/.gemini/antigravity/scratch/SgpTecnicoExpoApp/node_modules/@react-native-community/cli-debugger-ui'
2541 silly reify ]
2542 silly reify mark retired [
2542 silly reify   '/Users/guilhermesilva/.gemini/antigravity/scratch/SgpTecnicoExpoApp/node_modules/@react-native-community/cli-doctor'
2542 silly reify ]
2543 silly reify mark retired [
2543 silly reify   '/Users/guilhermesilva/.gemini/antigravity/scratch/SgpTecnicoExpoApp/node_modules/@react-native-community/cli-hermes'
2543 silly reify ]
2544 silly reify mark retired [
2544 silly reify   '/Users/guilhermesilva/.gemini/antigravity/scratch/SgpTecnicoExpoApp/node_modules/@react-native-community/cli-platform-android'
2544 silly reify ]
2545 silly reify mark retired [
2545 silly reify   '/Users/guilhermesilva/.gemini/antigravity/scratch/SgpTecnicoExpoApp/node_modules/@react-native-community/cli-platform-apple'
2545 silly reify ]
2546 silly reify mark retired [
2546 silly reify   '/Users/guilhermesilva/.gemini/antigravity/scratch/SgpTecnicoExpoApp/node_modules/@react-native-community/cli-platform-ios'
2546 silly reify ]
2547 silly reify mark retired [
2547 silly reify   '/Users/guilhermesilva/.gemini/antigravity/scratch/SgpTecnicoExpoApp/node_modules/@react-native-community/cli-server-api'
2547 silly reify ]
2548 silly reify mark retired [
2548 silly reify   '/Users/guilhermesilva/.gemini/antigravity/scratch/SgpTecnicoExpoApp/node_modules/@react-native-community/cli-tools'
2548 silly reify ]
2549 silly reify mark retired [
2549 silly reify   '/Users/guilhermesilva/.gemini/antigravity/scratch/SgpTecnicoExpoApp/node_modules/@react-native-community/cli-types'
2549 silly reify ]
2550 silly reify mark retired [
2550 silly reify   '/Users/guilhermesilva/.gemini/antigravity/scratch/SgpTecnicoExpoApp/node_modules/@react-native/assets-registry'
2550 silly reify ]
2551 silly reify mark retired [
2551 silly reify   '/Users/guilhermesilva/.gemini/antigravity/scratch/SgpTecnicoExpoApp/node_modules/@react-native/babel-plugin-codegen'
2551 silly reify ]
2552 silly reify mark retired [
2552 silly reify   '/Users/guilhermesilva/.gemini/antigravity/scratch/SgpTecnicoExpoApp/node_modules/@react-native/babel-preset'
2552 silly reify ]
2553 silly reify mark retired [
2553 silly reify   '/Users/guilhermesilva/.gemini/antigravity/scratch/SgpTecnicoExpoApp/node_modules/@react-native/codegen'
2553 silly reify ]
2554 silly reify mark retired [
2554 silly reify   '/Users/guilhermesilva/.gemini/antigravity/scratch/SgpTecnicoExpoApp/node_modules/@react-native/community-cli-plugin'
2554 silly reify ]
2555 silly reify mark retired [
2555 silly reify   '/Users/guilhermesilva/.gemini/antigravity/scratch/SgpTecnicoExpoApp/node_modules/@react-native/debugger-frontend'
2555 silly reify ]
2556 silly reify mark retired [
2556 silly reify   '/Users/guilhermesilva/.gemini/antigravity/scratch/SgpTecnicoExpoApp/node_modules/@react-native/dev-middleware'
2556 silly reify ]
2557 silly reify mark retired [
2557 silly reify   '/Users/guilhermesilva/.gemini/antigravity/scratch/SgpTecnicoExpoApp/node_modules/@react-native/gradle-plugin'
2557 silly reify ]
2558 silly reify mark retired [
2558 silly reify   '/Users/guilhermesilva/.gemini/antigravity/scratch/SgpTecnicoExpoApp/node_modules/@react-native/js-polyfills'
2558 silly reify ]
2559 silly reify mark retired [
2559 silly reify   '/Users/guilhermesilva/.gemini/antigravity/scratch/SgpTecnicoExpoApp/node_modules/@react-native/metro-babel-transformer'
2559 silly reify ]
2560 silly reify mark retired [
2560 silly reify   '/Users/guilhermesilva/.gemini/antigravity/scratch/SgpTecnicoExpoApp/node_modules/@react-native/normalize-colors'
2560 silly reify ]
2561 silly reify mark retired [
2561 silly reify   '/Users/guilhermesilva/.gemini/antigravity/scratch/SgpTecnicoExpoApp/node_modules/@rnx-kit/chromium-edge-launcher'
2561 silly reify ]
2562 silly reify mark retired [
2562 silly reify   '/Users/guilhermesilva/.gemini/antigravity/scratch/SgpTecnicoExpoApp/node_modules/@segment/loosely-validate-event'
2562 silly reify ]
2563 silly reify mark retired [
2563 silly reify   '/Users/guilhermesilva/.gemini/antigravity/scratch/SgpTecnicoExpoApp/node_modules/@sideway/address'
2563 silly reify ]
2564 silly reify mark retired [
2564 silly reify   '/Users/guilhermesilva/.gemini/antigravity/scratch/SgpTecnicoExpoApp/node_modules/@sideway/formula'
2564 silly reify ]
2565 silly reify mark retired [
2565 silly reify   '/Users/guilhermesilva/.gemini/antigravity/scratch/SgpTecnicoExpoApp/node_modules/@sideway/pinpoint'
2565 silly reify ]
2566 silly reify mark retired [
2566 silly reify   '/Users/guilhermesilva/.gemini/antigravity/scratch/SgpTecnicoExpoApp/node_modules/@sindresorhus/is'
2566 silly reify ]
2567 silly reify mark retired [
2567 silly reify   '/Users/guilhermesilva/.gemini/antigravity/scratch/SgpTecnicoExpoApp/node_modules/@szmarczak/http-timer'
2567 silly reify ]
2568 silly reify mark retired [
2568 silly reify   '/Users/guilhermesilva/.gemini/antigravity/scratch/SgpTecnicoExpoApp/node_modules/@types/cacheable-request'
2568 silly reify ]
2569 silly reify mark retired [
2569 silly reify   '/Users/guilhermesilva/.gemini/antigravity/scratch/SgpTecnicoExpoApp/node_modules/@types/http-cache-semantics'
2569 silly reify ]
2570 silly reify mark retired [
2570 silly reify   '/Users/guilhermesilva/.gemini/antigravity/scratch/SgpTecnicoExpoApp/node_modules/@types/istanbul-reports'
2570 silly reify ]
2571 silly reify mark retired [
2571 silly reify   '/Users/guilhermesilva/.gemini/antigravity/scratch/SgpTecnicoExpoApp/node_modules/@types/keyv'
2571 silly reify ]
2572 silly reify mark retired [
2572 silly reify   '/Users/guilhermesilva/.gemini/antigravity/scratch/SgpTecnicoExpoApp/node_modules/@types/node-forge'
2572 silly reify ]
2573 silly reify mark retired [
2573 silly reify   '/Users/guilhermesilva/.gemini/antigravity/scratch/SgpTecnicoExpoApp/node_modules/@types/react'
2573 silly reify ]
2574 silly reify mark retired [
2574 silly reify   '/Users/guilhermesilva/.gemini/antigravity/scratch/SgpTecnicoExpoApp/node_modules/@types/responselike'
2574 silly reify ]
2575 silly reify mark retired [
2575 silly reify   '/Users/guilhermesilva/.gemini/antigravity/scratch/SgpTecnicoExpoApp/node_modules/@types/yargs'
2575 silly reify ]
2576 silly reify mark retired [
2576 silly reify   '/Users/guilhermesilva/.gemini/antigravity/scratch/SgpTecnicoExpoApp/node_modules/@urql/core'
2576 silly reify ]
2577 silly reify mark retired [
2577 silly reify   '/Users/guilhermesilva/.gemini/antigravity/scratch/SgpTecnicoExpoApp/node_modules/@urql/exchange-retry'
2577 silly reify ]
2578 silly reify mark retired [
2578 silly reify   '/Users/guilhermesilva/.gemini/antigravity/scratch/SgpTecnicoExpoApp/node_modules/@xmldom/xmldom'
2578 silly reify ]
2579 silly reify mark retired [
2579 silly reify   '/Users/guilhermesilva/.gemini/antigravity/scratch/SgpTecnicoExpoApp/node_modules/aggregate-error'
2579 silly reify ]
2580 silly reify mark retired [
2580 silly reify   '/Users/guilhermesilva/.gemini/antigravity/scratch/SgpTecnicoExpoApp/node_modules/ansi-fragments'
2580 silly reify ]
2581 silly reify mark retired [
2581 silly reify   '/Users/guilhermesilva/.gemini/antigravity/scratch/SgpTecnicoExpoApp/node_modules/ansi-regex'
2581 silly reify ]
2582 silly reify mark retired [
2582 silly reify   '/Users/guilhermesilva/.gemini/antigravity/scratch/SgpTecnicoExpoApp/node_modules/appdirsjs'
2582 silly reify ]
2583 silly reify mark retired [
2583 silly reify   '/Users/guilhermesilva/.gemini/antigravity/scratch/SgpTecnicoExpoApp/node_modules/argparse'
2583 silly reify ]
2584 silly reify mark retired [
2584 silly reify   '/Users/guilhermesilva/.gemini/antigravity/scratch/SgpTecnicoExpoApp/node_modules/array-buffer-byte-length'
2584 silly reify ]
2585 silly reify mark retired [
2585 silly reify   '/Users/guilhermesilva/.gemini/antigravity/scratch/SgpTecnicoExpoApp/node_modules/array-union'
2585 silly reify ]
2586 silly reify mark retired [
2586 silly reify   '/Users/guilhermesilva/.gemini/antigravity/scratch/SgpTecnicoExpoApp/node_modules/arraybuffer.prototype.slice'
2586 silly reify ]
2587 silly reify mark retired [
2587 silly reify   '/Users/guilhermesilva/.gemini/antigravity/scratch/SgpTecnicoExpoApp/node_modules/ast-types'
2587 silly reify ]
2588 silly reify mark retired [
2588 silly reify   '/Users/guilhermesilva/.gemini/antigravity/scratch/SgpTecnicoExpoApp/node_modules/astral-regex'
2588 silly reify ]
2589 silly reify mark retired [
2589 silly reify   '/Users/guilhermesilva/.gemini/antigravity/scratch/SgpTecnicoExpoApp/node_modules/async-function'
2589 silly reify ]
2590 silly reify mark retired [
2590 silly reify   '/Users/guilhermesilva/.gemini/antigravity/scratch/SgpTecnicoExpoApp/node_modules/at-least-node'
2590 silly reify ]
2591 silly reify mark retired [
2591 silly reify   '/Users/guilhermesilva/.gemini/antigravity/scratch/SgpTecnicoExpoApp/node_modules/available-typed-arrays'
2591 silly reify ]
2592 silly reify mark retired [
2592 silly reify   '/Users/guilhermesilva/.gemini/antigravity/scratch/SgpTecnicoExpoApp/node_modules/babel-core'
2592 silly reify ]
2593 silly reify mark retired [
2593 silly reify   '/Users/guilhermesilva/.gemini/antigravity/scratch/SgpTecnicoExpoApp/node_modules/babel-plugin-react-compiler'
2593 silly reify ]
2594 silly reify mark retired [
2594 silly reify   '/Users/guilhermesilva/.gemini/antigravity/scratch/SgpTecnicoExpoApp/node_modules/babel-plugin-react-native-web'
2594 silly reify ]
2595 silly reify mark retired [
2595 silly reify   '/Users/guilhermesilva/.gemini/antigravity/scratch/SgpTecnicoExpoApp/node_modules/babel-preset-expo'
2595 silly reify ]
2596 silly reify mark retired [
2596 silly reify   '/Users/guilhermesilva/.gemini/antigravity/scratch/SgpTecnicoExpoApp/node_modules/bl'
2596 silly reify ]
2597 silly reify mark retired [
2597 silly reify   '/Users/guilhermesilva/.gemini/antigravity/scratch/SgpTecnicoExpoApp/node_modules/bplist-creator'
2597 silly reify ]
2598 silly reify mark retired [
2598 silly reify   '/Users/guilhermesilva/.gemini/antigravity/scratch/SgpTecnicoExpoApp/node_modules/brace-expansion'
2598 silly reify ]
2599 silly reify mark retired [
2599 silly reify   '/Users/guilhermesilva/.gemini/antigravity/scratch/SgpTecnicoExpoApp/node_modules/buffer-alloc'
2599 silly reify ]
2600 silly reify mark retired [
2600 silly reify   '/Users/guilhermesilva/.gemini/antigravity/scratch/SgpTecnicoExpoApp/node_modules/buffer-alloc-unsafe'
2600 silly reify ]
2601 silly reify mark retired [
2601 silly reify   '/Users/guilhermesilva/.gemini/antigravity/scratch/SgpTecnicoExpoApp/node_modules/buffer-fill'
2601 silly reify ]
2602 silly reify mark retired [
2602 silly reify   '/Users/guilhermesilva/.gemini/antigravity/scratch/SgpTecnicoExpoApp/node_modules/builtins'
2602 silly reify ]
2603 silly reify mark retired [
2603 silly reify   '/Users/guilhermesilva/.gemini/antigravity/scratch/SgpTecnicoExpoApp/node_modules/cacache'
2603 silly reify ]
2604 silly reify mark retired [
2604 silly reify   '/Users/guilhermesilva/.gemini/antigravity/scratch/SgpTecnicoExpoApp/node_modules/cacheable-lookup'
2604 silly reify ]
2605 silly reify mark retired [
2605 silly reify   '/Users/guilhermesilva/.gemini/antigravity/scratch/SgpTecnicoExpoApp/node_modules/cacheable-request'
2605 silly reify ]
2606 silly reify mark retired [
2606 silly reify   '/Users/guilhermesilva/.gemini/antigravity/scratch/SgpTecnicoExpoApp/node_modules/call-bind'
2606 silly reify ]
2607 silly reify mark retired [
2607 silly reify   '/Users/guilhermesilva/.gemini/antigravity/scratch/SgpTecnicoExpoApp/node_modules/call-bound'
2607 silly reify ]
2608 silly reify mark retired [
2608 silly reify   '/Users/guilhermesilva/.gemini/antigravity/scratch/SgpTecnicoExpoApp/node_modules/charenc'
2608 silly reify ]
2609 silly reify mark retired [
2609 silly reify   '/Users/guilhermesilva/.gemini/antigravity/scratch/SgpTecnicoExpoApp/node_modules/chownr'
2609 silly reify ]
2610 silly reify mark retired [
2610 silly reify   '/Users/guilhermesilva/.gemini/antigravity/scratch/SgpTecnicoExpoApp/node_modules/clean-stack'
2610 silly reify ]
2611 silly reify mark retired [
2611 silly reify   '/Users/guilhermesilva/.gemini/antigravity/scratch/SgpTecnicoExpoApp/node_modules/cliui/node_modules/ansi-regex'
2611 silly reify ]
2612 silly reify mark retired [
2612 silly reify   '/Users/guilhermesilva/.gemini/antigravity/scratch/SgpTecnicoExpoApp/node_modules/clone'
2612 silly reify ]
2613 silly reify mark retired [
2613 silly reify   '/Users/guilhermesilva/.gemini/antigravity/scratch/SgpTecnicoExpoApp/node_modules/clone-deep'
2613 silly reify ]
2614 silly reify mark retired [
2614 silly reify   '/Users/guilhermesilva/.gemini/antigravity/scratch/SgpTecnicoExpoApp/node_modules/clone-response'
2614 silly reify ]
2615 silly reify mark retired [
2615 silly reify   '/Users/guilhermesilva/.gemini/antigravity/scratch/SgpTecnicoExpoApp/node_modules/colorette'
2615 silly reify ]
2616 silly reify mark retired [
2616 silly reify   '/Users/guilhermesilva/.gemini/antigravity/scratch/SgpTecnicoExpoApp/node_modules/command-exists'
2616 silly reify ]
2617 silly reify mark retired [
2617 silly reify   '/Users/guilhermesilva/.gemini/antigravity/scratch/SgpTecnicoExpoApp/node_modules/commondir'
2617 silly reify ]
2618 silly reify mark retired [
2618 silly reify   '/Users/guilhermesilva/.gemini/antigravity/scratch/SgpTecnicoExpoApp/node_modules/component-type'
2618 silly reify ]
2619 silly reify mark retired [
2619 silly reify   '/Users/guilhermesilva/.gemini/antigravity/scratch/SgpTecnicoExpoApp/node_modules/core-util-is'
2619 silly reify ]
2620 silly reify mark retired [
2620 silly reify   '/Users/guilhermesilva/.gemini/antigravity/scratch/SgpTecnicoExpoApp/node_modules/cross-fetch'
2620 silly reify ]
2621 silly reify mark retired [
2621 silly reify   '/Users/guilhermesilva/.gemini/antigravity/scratch/SgpTecnicoExpoApp/node_modules/crypt'
2621 silly reify ]
2622 silly reify mark retired [
2622 silly reify   '/Users/guilhermesilva/.gemini/antigravity/scratch/SgpTecnicoExpoApp/node_modules/crypto-random-string'
2622 silly reify ]
2623 silly reify mark retired [
2623 silly reify   '/Users/guilhermesilva/.gemini/antigravity/scratch/SgpTecnicoExpoApp/node_modules/dag-map'
2623 silly reify ]
2624 silly reify mark retired [
2624 silly reify   '/Users/guilhermesilva/.gemini/antigravity/scratch/SgpTecnicoExpoApp/node_modules/data-view-buffer'
2624 silly reify ]
2625 silly reify mark retired [
2625 silly reify   '/Users/guilhermesilva/.gemini/antigravity/scratch/SgpTecnicoExpoApp/node_modules/data-view-byte-length'
2625 silly reify ]
2626 silly reify mark retired [
2626 silly reify   '/Users/guilhermesilva/.gemini/antigravity/scratch/SgpTecnicoExpoApp/node_modules/data-view-byte-offset'
2626 silly reify ]
2627 silly reify mark retired [
2627 silly reify   '/Users/guilhermesilva/.gemini/antigravity/scratch/SgpTecnicoExpoApp/node_modules/dayjs'
2627 silly reify ]
2628 silly reify mark retired [
2628 silly reify   '/Users/guilhermesilva/.gemini/antigravity/scratch/SgpTecnicoExpoApp/node_modules/decamelize'
2628 silly reify ]
2629 silly reify mark retired [
2629 silly reify   '/Users/guilhermesilva/.gemini/antigravity/scratch/SgpTecnicoExpoApp/node_modules/decompress-response'
2629 silly reify ]
2630 silly reify mark retired [
2630 silly reify   '/Users/guilhermesilva/.gemini/antigravity/scratch/SgpTecnicoExpoApp/node_modules/default-gateway'
2630 silly reify ]
2631 silly reify mark retired [
2631 silly reify   '/Users/guilhermesilva/.gemini/antigravity/scratch/SgpTecnicoExpoApp/node_modules/defaults/node_modules/clone'
2631 silly reify ]
2632 silly reify mark retired [
2632 silly reify   '/Users/guilhermesilva/.gemini/antigravity/scratch/SgpTecnicoExpoApp/node_modules/defer-to-connect'
2632 silly reify ]
2633 silly reify mark retired [
2633 silly reify   '/Users/guilhermesilva/.gemini/antigravity/scratch/SgpTecnicoExpoApp/node_modules/define-data-property'
2633 silly reify ]
2634 silly reify mark retired [
2634 silly reify   '/Users/guilhermesilva/.gemini/antigravity/scratch/SgpTecnicoExpoApp/node_modules/define-properties'
2634 silly reify ]
2635 silly reify mark retired [
2635 silly reify   '/Users/guilhermesilva/.gemini/antigravity/scratch/SgpTecnicoExpoApp/node_modules/del'
2635 silly reify ]
2636 silly reify mark retired [
2636 silly reify   '/Users/guilhermesilva/.gemini/antigravity/scratch/SgpTecnicoExpoApp/node_modules/denodeify'
2636 silly reify ]
2637 silly reify mark retired [
2637 silly reify   '/Users/guilhermesilva/.gemini/antigravity/scratch/SgpTecnicoExpoApp/node_modules/detect-libc',
2637 silly reify   '/Users/guilhermesilva/.gemini/antigravity/scratch/SgpTecnicoExpoApp/node_modules/.bin/detect-libc'
2637 silly reify ]
2638 silly reify mark retired [
2638 silly reify   '/Users/guilhermesilva/.gemini/antigravity/scratch/SgpTecnicoExpoApp/node_modules/dir-glob'
2638 silly reify ]
2639 silly reify mark retired [
2639 silly reify   '/Users/guilhermesilva/.gemini/antigravity/scratch/SgpTecnicoExpoApp/node_modules/end-of-stream'
2639 silly reify ]
2640 silly reify mark retired [
2640 silly reify   '/Users/guilhermesilva/.gemini/antigravity/scratch/SgpTecnicoExpoApp/node_modules/envinfo',
2640 silly reify   '/Users/guilhermesilva/.gemini/antigravity/scratch/SgpTecnicoExpoApp/node_modules/.bin/envinfo'
2640 silly reify ]
2641 silly reify mark retired [
2641 silly reify   '/Users/guilhermesilva/.gemini/antigravity/scratch/SgpTecnicoExpoApp/node_modules/errorhandler'
2641 silly reify ]
2642 silly reify mark retired [
2642 silly reify   '/Users/guilhermesilva/.gemini/antigravity/scratch/SgpTecnicoExpoApp/node_modules/es-abstract'
2642 silly reify ]
2643 silly reify mark retired [
2643 silly reify   '/Users/guilhermesilva/.gemini/antigravity/scratch/SgpTecnicoExpoApp/node_modules/es-abstract-get'
2643 silly reify ]
2644 silly reify mark retired [
2644 silly reify   '/Users/guilhermesilva/.gemini/antigravity/scratch/SgpTecnicoExpoApp/node_modules/es-to-primitive'
2644 silly reify ]
2645 silly reify mark retired [
2645 silly reify   '/Users/guilhermesilva/.gemini/antigravity/scratch/SgpTecnicoExpoApp/node_modules/esutils'
2645 silly reify ]
2646 silly reify mark retired [
2646 silly reify   '/Users/guilhermesilva/.gemini/antigravity/scratch/SgpTecnicoExpoApp/node_modules/execa'
2646 silly reify ]
2647 silly reify mark retired [
2647 silly reify   '/Users/guilhermesilva/.gemini/antigravity/scratch/SgpTecnicoExpoApp/node_modules/expo',
2647 silly reify   '/Users/guilhermesilva/.gemini/antigravity/scratch/SgpTecnicoExpoApp/node_modules/.bin/expo'
2647 silly reify ]
2648 silly reify mark retired [
2648 silly reify   '/Users/guilhermesilva/.gemini/antigravity/scratch/SgpTecnicoExpoApp/node_modules/expo-asset'
2648 silly reify ]
2649 silly reify mark retired [
2649 silly reify   '/Users/guilhermesilva/.gemini/antigravity/scratch/SgpTecnicoExpoApp/node_modules/expo-constants'
2649 silly reify ]
2650 silly reify mark retired [
2650 silly reify   '/Users/guilhermesilva/.gemini/antigravity/scratch/SgpTecnicoExpoApp/node_modules/expo-file-system'
2650 silly reify ]
2651 silly reify mark retired [
2651 silly reify   '/Users/guilhermesilva/.gemini/antigravity/scratch/SgpTecnicoExpoApp/node_modules/expo-font'
2651 silly reify ]
2652 silly reify mark retired [
2652 silly reify   '/Users/guilhermesilva/.gemini/antigravity/scratch/SgpTecnicoExpoApp/node_modules/expo-keep-awake'
2652 silly reify ]
2653 silly reify mark retired [
2653 silly reify   '/Users/guilhermesilva/.gemini/antigravity/scratch/SgpTecnicoExpoApp/node_modules/expo-linking'
2653 silly reify ]
2654 silly reify mark retired [
2654 silly reify   '/Users/guilhermesilva/.gemini/antigravity/scratch/SgpTecnicoExpoApp/node_modules/expo-location'
2654 silly reify ]
2655 silly reify mark retired [
2655 silly reify   '/Users/guilhermesilva/.gemini/antigravity/scratch/SgpTecnicoExpoApp/node_modules/expo-modules-autolinking',
2655 silly reify   '/Users/guilhermesilva/.gemini/antigravity/scratch/SgpTecnicoExpoApp/node_modules/.bin/expo-modules-autolinking'
2655 silly reify ]
2656 silly reify mark retired [
2656 silly reify   '/Users/guilhermesilva/.gemini/antigravity/scratch/SgpTecnicoExpoApp/node_modules/expo-modules-core'
2656 silly reify ]
2657 silly reify mark retired [
2657 silly reify   '/Users/guilhermesilva/.gemini/antigravity/scratch/SgpTecnicoExpoApp/node_modules/expo-status-bar'
2657 silly reify ]
2658 silly reify mark retired [
2658 silly reify   '/Users/guilhermesilva/.gemini/antigravity/scratch/SgpTecnicoExpoApp/node_modules/fast-glob'
2658 silly reify ]
2659 silly reify mark retired [
2659 silly reify   '/Users/guilhermesilva/.gemini/antigravity/scratch/SgpTecnicoExpoApp/node_modules/fast-xml-parser',
2659 silly reify   '/Users/guilhermesilva/.gemini/antigravity/scratch/SgpTecnicoExpoApp/node_modules/.bin/fxparser'
2659 silly reify ]
2660 silly reify mark retired [
2660 silly reify   '/Users/guilhermesilva/.gemini/antigravity/scratch/SgpTecnicoExpoApp/node_modules/fastq'
2660 silly reify ]
2661 silly reify mark retired [
2661 silly reify   '/Users/guilhermesilva/.gemini/antigravity/scratch/SgpTecnicoExpoApp/node_modules/fbemitter'
2661 silly reify ]
2662 silly reify mark retired [
2662 silly reify   '/Users/guilhermesilva/.gemini/antigravity/scratch/SgpTecnicoExpoApp/node_modules/fbjs'
2662 silly reify ]
2663 silly reify mark retired [
2663 silly reify   '/Users/guilhermesilva/.gemini/antigravity/scratch/SgpTecnicoExpoApp/node_modules/fbjs-css-vars'
2663 silly reify ]
2664 silly reify mark retired [
2664 silly reify   '/Users/guilhermesilva/.gemini/antigravity/scratch/SgpTecnicoExpoApp/node_modules/fetch-retry'
2664 silly reify ]
2665 silly reify mark retired [
2665 silly reify   '/Users/guilhermesilva/.gemini/antigravity/scratch/SgpTecnicoExpoApp/node_modules/find-cache-dir'
2665 silly reify ]
2666 silly reify mark retired [
2666 silly reify   '/Users/guilhermesilva/.gemini/antigravity/scratch/SgpTecnicoExpoApp/node_modules/find-up'
2666 silly reify ]
2667 silly reify mark retired [
2667 silly reify   '/Users/guilhermesilva/.gemini/antigravity/scratch/SgpTecnicoExpoApp/node_modules/find-yarn-workspace-root'
2667 silly reify ]
2668 silly reify mark retired [
2668 silly reify   '/Users/guilhermesilva/.gemini/antigravity/scratch/SgpTecnicoExpoApp/node_modules/flow-estree'
2668 silly reify ]
2669 silly reify mark retired [
2669 silly reify   '/Users/guilhermesilva/.gemini/antigravity/scratch/SgpTecnicoExpoApp/node_modules/flow-parser'
2669 silly reify ]
2670 silly reify mark retired [
2670 silly reify   '/Users/guilhermesilva/.gemini/antigravity/scratch/SgpTecnicoExpoApp/node_modules/for-each'
2670 silly reify ]
2671 silly reify mark retired [
2671 silly reify   '/Users/guilhermesilva/.gemini/antigravity/scratch/SgpTecnicoExpoApp/node_modules/fs-extra'
2671 silly reify ]
2672 silly reify mark retired [
2672 silly reify   '/Users/guilhermesilva/.gemini/antigravity/scratch/SgpTecnicoExpoApp/node_modules/fs-minipass'
2672 silly reify ]
2673 silly reify mark retired [
2673 silly reify   '/Users/guilhermesilva/.gemini/antigravity/scratch/SgpTecnicoExpoApp/node_modules/function.prototype.name'
2673 silly reify ]
2674 silly reify mark retired [
2674 silly reify   '/Users/guilhermesilva/.gemini/antigravity/scratch/SgpTecnicoExpoApp/node_modules/functions-have-names'
2674 silly reify ]
2675 silly reify mark retired [
2675 silly reify   '/Users/guilhermesilva/.gemini/antigravity/scratch/SgpTecnicoExpoApp/node_modules/generator-function'
2675 silly reify ]
2676 silly reify mark retired [
2676 silly reify   '/Users/guilhermesilva/.gemini/antigravity/scratch/SgpTecnicoExpoApp/node_modules/get-stream'
2676 silly reify ]
2677 silly reify mark retired [
2677 silly reify   '/Users/guilhermesilva/.gemini/antigravity/scratch/SgpTecnicoExpoApp/node_modules/get-symbol-description'
2677 silly reify ]
2678 silly reify mark retired [
2678 silly reify   '/Users/guilhermesilva/.gemini/antigravity/scratch/SgpTecnicoExpoApp/node_modules/getenv'
2678 silly reify ]
2679 silly reify mark retired [
2679 silly reify   '/Users/guilhermesilva/.gemini/antigravity/scratch/SgpTecnicoExpoApp/node_modules/glob'
2679 silly reify ]
2680 silly reify mark retired [
2680 silly reify   '/Users/guilhermesilva/.gemini/antigravity/scratch/SgpTecnicoExpoApp/node_modules/glob-parent'
2680 silly reify ]
2681 silly reify mark retired [
2681 silly reify   '/Users/guilhermesilva/.gemini/antigravity/scratch/SgpTecnicoExpoApp/node_modules/globalthis'
2681 silly reify ]
2682 silly reify mark retired [
2682 silly reify   '/Users/guilhermesilva/.gemini/antigravity/scratch/SgpTecnicoExpoApp/node_modules/globby'
2682 silly reify ]
2683 silly reify mark retired [
2683 silly reify   '/Users/guilhermesilva/.gemini/antigravity/scratch/SgpTecnicoExpoApp/node_modules/got'
2683 silly reify ]
2684 silly reify mark retired [
2684 silly reify   '/Users/guilhermesilva/.gemini/antigravity/scratch/SgpTecnicoExpoApp/node_modules/graphql'
2684 silly reify ]
2685 silly reify mark retired [
2685 silly reify   '/Users/guilhermesilva/.gemini/antigravity/scratch/SgpTecnicoExpoApp/node_modules/graphql-tag'
2685 silly reify ]
2686 silly reify mark retired [
2686 silly reify   '/Users/guilhermesilva/.gemini/antigravity/scratch/SgpTecnicoExpoApp/node_modules/has-bigints'
2686 silly reify ]
2687 silly reify mark retired [
2687 silly reify   '/Users/guilhermesilva/.gemini/antigravity/scratch/SgpTecnicoExpoApp/node_modules/has-property-descriptors'
2687 silly reify ]
2688 silly reify mark retired [
2688 silly reify   '/Users/guilhermesilva/.gemini/antigravity/scratch/SgpTecnicoExpoApp/node_modules/has-proto'
2688 silly reify ]
2689 silly reify mark retired [
2689 silly reify   '/Users/guilhermesilva/.gemini/antigravity/scratch/SgpTecnicoExpoApp/node_modules/hermes-estree'
2689 silly reify ]
2690 silly reify mark retired [
2690 silly reify   '/Users/guilhermesilva/.gemini/antigravity/scratch/SgpTecnicoExpoApp/node_modules/hermes-parser'
2690 silly reify ]
2691 silly reify mark retired [
2691 silly reify   '/Users/guilhermesilva/.gemini/antigravity/scratch/SgpTecnicoExpoApp/node_modules/hermes-profile-transformer'
2691 silly reify ]
2692 silly reify mark retired [
2692 silly reify   '/Users/guilhermesilva/.gemini/antigravity/scratch/SgpTecnicoExpoApp/node_modules/hosted-git-info'
2692 silly reify ]
2693 silly reify mark retired [
2693 silly reify   '/Users/guilhermesilva/.gemini/antigravity/scratch/SgpTecnicoExpoApp/node_modules/http-cache-semantics'
2693 silly reify ]
2694 silly reify mark retired [
2694 silly reify   '/Users/guilhermesilva/.gemini/antigravity/scratch/SgpTecnicoExpoApp/node_modules/http-errors'
2694 silly reify ]
2695 silly reify mark retired [
2695 silly reify   '/Users/guilhermesilva/.gemini/antigravity/scratch/SgpTecnicoExpoApp/node_modules/http2-wrapper'
2695 silly reify ]
2696 silly reify mark retired [
2696 silly reify   '/Users/guilhermesilva/.gemini/antigravity/scratch/SgpTecnicoExpoApp/node_modules/human-signals'
2696 silly reify ]
2697 silly reify mark retired [
2697 silly reify   '/Users/guilhermesilva/.gemini/antigravity/scratch/SgpTecnicoExpoApp/node_modules/indent-string'
2697 silly reify ]
2698 silly reify mark retired [
2698 silly reify   '/Users/guilhermesilva/.gemini/antigravity/scratch/SgpTecnicoExpoApp/node_modules/internal-ip'
2698 silly reify ]
2699 silly reify mark retired [
2699 silly reify   '/Users/guilhermesilva/.gemini/antigravity/scratch/SgpTecnicoExpoApp/node_modules/internal-slot'
2699 silly reify ]
2700 silly reify mark retired [
2700 silly reify   '/Users/guilhermesilva/.gemini/antigravity/scratch/SgpTecnicoExpoApp/node_modules/ip-regex'
2700 silly reify ]
2701 silly reify mark retired [
2701 silly reify   '/Users/guilhermesilva/.gemini/antigravity/scratch/SgpTecnicoExpoApp/node_modules/ipaddr.js'
2701 silly reify ]
2702 silly reify mark retired [
2702 silly reify   '/Users/guilhermesilva/.gemini/antigravity/scratch/SgpTecnicoExpoApp/node_modules/is-array-buffer'
2702 silly reify ]
2703 silly reify mark retired [
2703 silly reify   '/Users/guilhermesilva/.gemini/antigravity/scratch/SgpTecnicoExpoApp/node_modules/is-async-function'
2703 silly reify ]
2704 silly reify mark retired [
2704 silly reify   '/Users/guilhermesilva/.gemini/antigravity/scratch/SgpTecnicoExpoApp/node_modules/is-bigint'
2704 silly reify ]
2705 silly reify mark retired [
2705 silly reify   '/Users/guilhermesilva/.gemini/antigravity/scratch/SgpTecnicoExpoApp/node_modules/is-boolean-object'
2705 silly reify ]
2706 silly reify mark retired [
2706 silly reify   '/Users/guilhermesilva/.gemini/antigravity/scratch/SgpTecnicoExpoApp/node_modules/is-buffer'
2706 silly reify ]
2707 silly reify mark retired [
2707 silly reify   '/Users/guilhermesilva/.gemini/antigravity/scratch/SgpTecnicoExpoApp/node_modules/is-callable'
2707 silly reify ]
2708 silly reify mark retired [
2708 silly reify   '/Users/guilhermesilva/.gemini/antigravity/scratch/SgpTecnicoExpoApp/node_modules/is-data-view'
2708 silly reify ]
2709 silly reify mark retired [
2709 silly reify   '/Users/guilhermesilva/.gemini/antigravity/scratch/SgpTecnicoExpoApp/node_modules/is-date-object'
2709 silly reify ]
2710 silly reify mark retired [
2710 silly reify   '/Users/guilhermesilva/.gemini/antigravity/scratch/SgpTecnicoExpoApp/node_modules/is-document.all'
2710 silly reify ]
2711 silly reify mark retired [
2711 silly reify   '/Users/guilhermesilva/.gemini/antigravity/scratch/SgpTecnicoExpoApp/node_modules/is-extglob'
2711 silly reify ]
2712 silly reify mark retired [
2712 silly reify   '/Users/guilhermesilva/.gemini/antigravity/scratch/SgpTecnicoExpoApp/node_modules/is-finalizationregistry'
2712 silly reify ]
2713 silly reify mark retired [
2713 silly reify   '/Users/guilhermesilva/.gemini/antigravity/scratch/SgpTecnicoExpoApp/node_modules/is-fullwidth-code-point'
2713 silly reify ]
2714 silly reify mark retired [
2714 silly reify   '/Users/guilhermesilva/.gemini/antigravity/scratch/SgpTecnicoExpoApp/node_modules/is-generator-function'
2714 silly reify ]
2715 silly reify mark retired [
2715 silly reify   '/Users/guilhermesilva/.gemini/antigravity/scratch/SgpTecnicoExpoApp/node_modules/is-glob'
2715 silly reify ]
2716 silly reify mark retired [
2716 silly reify   '/Users/guilhermesilva/.gemini/antigravity/scratch/SgpTecnicoExpoApp/node_modules/is-interactive'
2716 silly reify ]
2717 silly reify mark retired [
2717 silly reify   '/Users/guilhermesilva/.gemini/antigravity/scratch/SgpTecnicoExpoApp/node_modules/is-invalid-path'
2717 silly reify ]
2718 silly reify mark retired [
2718 silly reify   '/Users/guilhermesilva/.gemini/antigravity/scratch/SgpTecnicoExpoApp/node_modules/is-map'
2718 silly reify ]
2719 silly reify mark retired [
2719 silly reify   '/Users/guilhermesilva/.gemini/antigravity/scratch/SgpTecnicoExpoApp/node_modules/is-negative-zero'
2719 silly reify ]
2720 silly reify mark retired [
2720 silly reify   '/Users/guilhermesilva/.gemini/antigravity/scratch/SgpTecnicoExpoApp/node_modules/is-number-object'
2720 silly reify ]
2721 silly reify mark retired [
2721 silly reify   '/Users/guilhermesilva/.gemini/antigravity/scratch/SgpTecnicoExpoApp/node_modules/is-path-cwd'
2721 silly reify ]
2722 silly reify mark retired [
2722 silly reify   '/Users/guilhermesilva/.gemini/antigravity/scratch/SgpTecnicoExpoApp/node_modules/is-path-inside'
2722 silly reify ]
2723 silly reify mark retired [
2723 silly reify   '/Users/guilhermesilva/.gemini/antigravity/scratch/SgpTecnicoExpoApp/node_modules/is-plain-object'
2723 silly reify ]
2724 silly reify mark retired [
2724 silly reify   '/Users/guilhermesilva/.gemini/antigravity/scratch/SgpTecnicoExpoApp/node_modules/is-regex'
2724 silly reify ]
2725 silly reify mark retired [
2725 silly reify   '/Users/guilhermesilva/.gemini/antigravity/scratch/SgpTecnicoExpoApp/node_modules/is-set'
2725 silly reify ]
2726 silly reify mark retired [
2726 silly reify   '/Users/guilhermesilva/.gemini/antigravity/scratch/SgpTecnicoExpoApp/node_modules/is-shared-array-buffer'
2726 silly reify ]
2727 silly reify mark retired [
2727 silly reify   '/Users/guilhermesilva/.gemini/antigravity/scratch/SgpTecnicoExpoApp/node_modules/is-stream'
2727 silly reify ]
2728 silly reify mark retired [
2728 silly reify   '/Users/guilhermesilva/.gemini/antigravity/scratch/SgpTecnicoExpoApp/node_modules/is-string'
2728 silly reify ]
2729 silly reify mark retired [
2729 silly reify   '/Users/guilhermesilva/.gemini/antigravity/scratch/SgpTecnicoExpoApp/node_modules/is-symbol'
2729 silly reify ]
2730 silly reify mark retired [
2730 silly reify   '/Users/guilhermesilva/.gemini/antigravity/scratch/SgpTecnicoExpoApp/node_modules/is-typed-array'
2730 silly reify ]
2731 silly reify mark retired [
2731 silly reify   '/Users/guilhermesilva/.gemini/antigravity/scratch/SgpTecnicoExpoApp/node_modules/is-unicode-supported'
2731 silly reify ]
2732 silly reify mark retired [
2732 silly reify   '/Users/guilhermesilva/.gemini/antigravity/scratch/SgpTecnicoExpoApp/node_modules/is-valid-path'
2732 silly reify ]
2733 silly reify mark retired [
2733 silly reify   '/Users/guilhermesilva/.gemini/antigravity/scratch/SgpTecnicoExpoApp/node_modules/is-weakmap'
2733 silly reify ]
2734 silly reify mark retired [
2734 silly reify   '/Users/guilhermesilva/.gemini/antigravity/scratch/SgpTecnicoExpoApp/node_modules/is-weakref'
2734 silly reify ]
2735 silly reify mark retired [
2735 silly reify   '/Users/guilhermesilva/.gemini/antigravity/scratch/SgpTecnicoExpoApp/node_modules/is-weakset'
2735 silly reify ]
2736 silly reify mark retired [
2736 silly reify   '/Users/guilhermesilva/.gemini/antigravity/scratch/SgpTecnicoExpoApp/node_modules/isarray'
2736 silly reify ]
2737 silly reify mark retired [
2737 silly reify   '/Users/guilhermesilva/.gemini/antigravity/scratch/SgpTecnicoExpoApp/node_modules/isobject'
2737 silly reify ]
2738 silly reify mark retired [
2738 silly reify   '/Users/guilhermesilva/.gemini/antigravity/scratch/SgpTecnicoExpoApp/node_modules/jest-environment-node/node_modules/@jest/types'
2738 silly reify ]
2739 silly reify mark retired [
2739 silly reify   '/Users/guilhermesilva/.gemini/antigravity/scratch/SgpTecnicoExpoApp/node_modules/jest-environment-node/node_modules/@types/istanbul-reports'
2739 silly reify ]
2740 silly reify mark retired [
2740 silly reify   '/Users/guilhermesilva/.gemini/antigravity/scratch/SgpTecnicoExpoApp/node_modules/jest-environment-node/node_modules/@types/yargs'
2740 silly reify ]
2741 silly reify mark retired [
2741 silly reify   '/Users/guilhermesilva/.gemini/antigravity/scratch/SgpTecnicoExpoApp/node_modules/jest-message-util/node_modules/@jest/types'
2741 silly reify ]
2742 silly reify mark retired [
2742 silly reify   '/Users/guilhermesilva/.gemini/antigravity/scratch/SgpTecnicoExpoApp/node_modules/jest-message-util/node_modules/@types/istanbul-reports'
2742 silly reify ]
2743 silly reify mark retired [
2743 silly reify   '/Users/guilhermesilva/.gemini/antigravity/scratch/SgpTecnicoExpoApp/node_modules/jest-message-util/node_modules/@types/yargs'
2743 silly reify ]
2744 silly reify mark retired [
2744 silly reify   '/Users/guilhermesilva/.gemini/antigravity/scratch/SgpTecnicoExpoApp/node_modules/jest-message-util/node_modules/ansi-styles'
2744 silly reify ]
2745 silly reify mark retired [
2745 silly reify   '/Users/guilhermesilva/.gemini/antigravity/scratch/SgpTecnicoExpoApp/node_modules/jest-message-util/node_modules/pretty-format'
2745 silly reify ]
2746 silly reify mark retired [
2746 silly reify   '/Users/guilhermesilva/.gemini/antigravity/scratch/SgpTecnicoExpoApp/node_modules/jest-message-util/node_modules/react-is'
2746 silly reify ]
2747 silly reify mark retired [
2747 silly reify   '/Users/guilhermesilva/.gemini/antigravity/scratch/SgpTecnicoExpoApp/node_modules/jest-mock/node_modules/@jest/types'
2747 silly reify ]
2748 silly reify mark retired [
2748 silly reify   '/Users/guilhermesilva/.gemini/antigravity/scratch/SgpTecnicoExpoApp/node_modules/jest-mock/node_modules/@types/istanbul-reports'
2748 silly reify ]
2749 silly reify mark retired [
2749 silly reify   '/Users/guilhermesilva/.gemini/antigravity/scratch/SgpTecnicoExpoApp/node_modules/jest-mock/node_modules/@types/yargs'
2749 silly reify ]
2750 silly reify mark retired [
2750 silly reify   '/Users/guilhermesilva/.gemini/antigravity/scratch/SgpTecnicoExpoApp/node_modules/jest-util/node_modules/@jest/types'
2750 silly reify ]
2751 silly reify mark retired [
2751 silly reify   '/Users/guilhermesilva/.gemini/antigravity/scratch/SgpTecnicoExpoApp/node_modules/jest-util/node_modules/@types/istanbul-reports'
2751 silly reify ]
2752 silly reify mark retired [
2752 silly reify   '/Users/guilhermesilva/.gemini/antigravity/scratch/SgpTecnicoExpoApp/node_modules/jest-util/node_modules/@types/yargs'
2752 silly reify ]
2753 silly reify mark retired [
2753 silly reify   '/Users/guilhermesilva/.gemini/antigravity/scratch/SgpTecnicoExpoApp/node_modules/jest-validate/node_modules/@jest/types'
2753 silly reify ]
2754 silly reify mark retired [
2754 silly reify   '/Users/guilhermesilva/.gemini/antigravity/scratch/SgpTecnicoExpoApp/node_modules/jest-validate/node_modules/@types/istanbul-reports'
2754 silly reify ]
2755 silly reify mark retired [
2755 silly reify   '/Users/guilhermesilva/.gemini/antigravity/scratch/SgpTecnicoExpoApp/node_modules/jest-validate/node_modules/@types/yargs'
2755 silly reify ]
2756 silly reify mark retired [
2756 silly reify   '/Users/guilhermesilva/.gemini/antigravity/scratch/SgpTecnicoExpoApp/node_modules/jest-validate/node_modules/ansi-styles'
2756 silly reify ]
2757 silly reify mark retired [
2757 silly reify   '/Users/guilhermesilva/.gemini/antigravity/scratch/SgpTecnicoExpoApp/node_modules/jest-validate/node_modules/pretty-format'
2757 silly reify ]
2758 silly reify mark retired [
2758 silly reify   '/Users/guilhermesilva/.gemini/antigravity/scratch/SgpTecnicoExpoApp/node_modules/jest-validate/node_modules/react-is'
2758 silly reify ]
2759 silly reify mark retired [
2759 silly reify   '/Users/guilhermesilva/.gemini/antigravity/scratch/SgpTecnicoExpoApp/node_modules/joi'
2759 silly reify ]
2760 silly reify mark retired [
2760 silly reify   '/Users/guilhermesilva/.gemini/antigravity/scratch/SgpTecnicoExpoApp/node_modules/join-component'
2760 silly reify ]
2761 silly reify mark retired [
2761 silly reify   '/Users/guilhermesilva/.gemini/antigravity/scratch/SgpTecnicoExpoApp/node_modules/js-yaml',
2761 silly reify   '/Users/guilhermesilva/.gemini/antigravity/scratch/SgpTecnicoExpoApp/node_modules/.bin/js-yaml'
2761 silly reify ]
2762 silly reify mark retired [
2762 silly reify   '/Users/guilhermesilva/.gemini/antigravity/scratch/SgpTecnicoExpoApp/node_modules/jsc-android'
2762 silly reify ]
2763 silly reify mark retired [
2763 silly reify   '/Users/guilhermesilva/.gemini/antigravity/scratch/SgpTecnicoExpoApp/node_modules/jscodeshift',
2763 silly reify   '/Users/guilhermesilva/.gemini/antigravity/scratch/SgpTecnicoExpoApp/node_modules/.bin/jscodeshift'
2763 silly reify ]
2764 silly reify mark retired [
2764 silly reify   '/Users/guilhermesilva/.gemini/antigravity/scratch/SgpTecnicoExpoApp/node_modules/json-buffer'
2764 silly reify ]
2765 silly reify mark retired [
2765 silly reify   '/Users/guilhermesilva/.gemini/antigravity/scratch/SgpTecnicoExpoApp/node_modules/json-schema-deref-sync'
2765 silly reify ]
2766 silly reify mark retired [
2766 silly reify   '/Users/guilhermesilva/.gemini/antigravity/scratch/SgpTecnicoExpoApp/node_modules/jsonfile'
2766 silly reify ]
2767 silly reify mark retired [
2767 silly reify   '/Users/guilhermesilva/.gemini/antigravity/scratch/SgpTecnicoExpoApp/node_modules/keyv'
2767 silly reify ]
2768 silly reify mark retired [
2768 silly reify   '/Users/guilhermesilva/.gemini/antigravity/scratch/SgpTecnicoExpoApp/node_modules/kind-of'
2768 silly reify ]
2769 silly reify mark retired [
2769 silly reify   '/Users/guilhermesilva/.gemini/antigravity/scratch/SgpTecnicoExpoApp/node_modules/lightningcss'
2769 silly reify ]
2770 silly reify mark retired [
2770 silly reify   '/Users/guilhermesilva/.gemini/antigravity/scratch/SgpTecnicoExpoApp/node_modules/lightningcss-darwin-arm64'
2770 silly reify ]
2771 silly reify mark retired [
2771 silly reify   '/Users/guilhermesilva/.gemini/antigravity/scratch/SgpTecnicoExpoApp/node_modules/locate-path'
2771 silly reify ]
2772 silly reify mark retired [
2772 silly reify   '/Users/guilhermesilva/.gemini/antigravity/scratch/SgpTecnicoExpoApp/node_modules/lodash'
2772 silly reify ]
2773 silly reify mark retired [
2773 silly reify   '/Users/guilhermesilva/.gemini/antigravity/scratch/SgpTecnicoExpoApp/node_modules/logkitty',
2773 silly reify   '/Users/guilhermesilva/.gemini/antigravity/scratch/SgpTecnicoExpoApp/node_modules/.bin/logkitty'
2773 silly reify ]
2774 silly reify mark retired [
2774 silly reify   '/Users/guilhermesilva/.gemini/antigravity/scratch/SgpTecnicoExpoApp/node_modules/lowercase-keys'
2774 silly reify ]
2775 silly reify mark retired [
2775 silly reify   '/Users/guilhermesilva/.gemini/antigravity/scratch/SgpTecnicoExpoApp/node_modules/make-dir'
2775 silly reify ]
2776 silly reify mark retired [
2776 silly reify   '/Users/guilhermesilva/.gemini/antigravity/scratch/SgpTecnicoExpoApp/node_modules/md5'
2776 silly reify ]
2777 silly reify mark retired [
2777 silly reify   '/Users/guilhermesilva/.gemini/antigravity/scratch/SgpTecnicoExpoApp/node_modules/md5-file',
2777 silly reify   '/Users/guilhermesilva/.gemini/antigravity/scratch/SgpTecnicoExpoApp/node_modules/.bin/md5-file'
2777 silly reify ]
2778 silly reify mark retired [
2778 silly reify   '/Users/guilhermesilva/.gemini/antigravity/scratch/SgpTecnicoExpoApp/node_modules/md5hex'
2778 silly reify ]
2779 silly reify mark retired [
2779 silly reify   '/Users/guilhermesilva/.gemini/antigravity/scratch/SgpTecnicoExpoApp/node_modules/memory-cache'
2779 silly reify ]
2780 silly reify mark retired [
2780 silly reify   '/Users/guilhermesilva/.gemini/antigravity/scratch/SgpTecnicoExpoApp/node_modules/merge2'
2780 silly reify ]
2781 silly reify mark retired [
2781 silly reify   '/Users/guilhermesilva/.gemini/antigravity/scratch/SgpTecnicoExpoApp/node_modules/metro',
2781 silly reify   '/Users/guilhermesilva/.gemini/antigravity/scratch/SgpTecnicoExpoApp/node_modules/.bin/metro'
2781 silly reify ]
2782 silly reify mark retired [
2782 silly reify   '/Users/guilhermesilva/.gemini/antigravity/scratch/SgpTecnicoExpoApp/node_modules/metro-babel-transformer'
2782 silly reify ]
2783 silly reify mark retired [
2783 silly reify   '/Users/guilhermesilva/.gemini/antigravity/scratch/SgpTecnicoExpoApp/node_modules/metro-cache'
2783 silly reify ]
2784 silly reify mark retired [
2784 silly reify   '/Users/guilhermesilva/.gemini/antigravity/scratch/SgpTecnicoExpoApp/node_modules/metro-cache-key'
2784 silly reify ]
2785 silly reify mark retired [
2785 silly reify   '/Users/guilhermesilva/.gemini/antigravity/scratch/SgpTecnicoExpoApp/node_modules/metro-config'
2785 silly reify ]
2786 silly reify mark retired [
2786 silly reify   '/Users/guilhermesilva/.gemini/antigravity/scratch/SgpTecnicoExpoApp/node_modules/metro-core'
2786 silly reify ]
2787 silly reify mark retired [
2787 silly reify   '/Users/guilhermesilva/.gemini/antigravity/scratch/SgpTecnicoExpoApp/node_modules/metro-file-map'
2787 silly reify ]
2788 silly reify mark retired [
2788 silly reify   '/Users/guilhermesilva/.gemini/antigravity/scratch/SgpTecnicoExpoApp/node_modules/metro-minify-terser'
2788 silly reify ]
2789 silly reify mark retired [
2789 silly reify   '/Users/guilhermesilva/.gemini/antigravity/scratch/SgpTecnicoExpoApp/node_modules/metro-resolver'
2789 silly reify ]
2790 silly reify mark retired [
2790 silly reify   '/Users/guilhermesilva/.gemini/antigravity/scratch/SgpTecnicoExpoApp/node_modules/metro-runtime'
2790 silly reify ]
2791 silly reify mark retired [
2791 silly reify   '/Users/guilhermesilva/.gemini/antigravity/scratch/SgpTecnicoExpoApp/node_modules/metro-source-map'
2791 silly reify ]
2792 silly reify mark retired [
2792 silly reify   '/Users/guilhermesilva/.gemini/antigravity/scratch/SgpTecnicoExpoApp/node_modules/metro-symbolicate',
2792 silly reify   '/Users/guilhermesilva/.gemini/antigravity/scratch/SgpTecnicoExpoApp/node_modules/.bin/metro-symbolicate'
2792 silly reify ]
2793 silly reify mark retired [
2793 silly reify   '/Users/guilhermesilva/.gemini/antigravity/scratch/SgpTecnicoExpoApp/node_modules/metro-transform-plugins'
2793 silly reify ]
2794 silly reify mark retired [
2794 silly reify   '/Users/guilhermesilva/.gemini/antigravity/scratch/SgpTecnicoExpoApp/node_modules/metro-transform-worker'
2794 silly reify ]
2795 silly reify mark retired [
2795 silly reify   '/Users/guilhermesilva/.gemini/antigravity/scratch/SgpTecnicoExpoApp/node_modules/mime',
2795 silly reify   '/Users/guilhermesilva/.gemini/antigravity/scratch/SgpTecnicoExpoApp/node_modules/.bin/mime'
2795 silly reify ]
2796 silly reify mark retired [
2796 silly reify   '/Users/guilhermesilva/.gemini/antigravity/scratch/SgpTecnicoExpoApp/node_modules/mimic-response'
2796 silly reify ]
2797 silly reify mark retired [
2797 silly reify   '/Users/guilhermesilva/.gemini/antigravity/scratch/SgpTecnicoExpoApp/node_modules/minimatch'
2797 silly reify ]
2798 silly reify mark retired [
2798 silly reify   '/Users/guilhermesilva/.gemini/antigravity/scratch/SgpTecnicoExpoApp/node_modules/minipass-collect'
2798 silly reify ]
2799 silly reify mark retired [
2799 silly reify   '/Users/guilhermesilva/.gemini/antigravity/scratch/SgpTecnicoExpoApp/node_modules/minipass-flush'
2799 silly reify ]
2800 silly reify mark retired [
2800 silly reify   '/Users/guilhermesilva/.gemini/antigravity/scratch/SgpTecnicoExpoApp/node_modules/minipass-pipeline'
2800 silly reify ]
2801 silly reify mark retired [
2801 silly reify   '/Users/guilhermesilva/.gemini/antigravity/scratch/SgpTecnicoExpoApp/node_modules/minizlib'
2801 silly reify ]
2802 silly reify mark retired [
2802 silly reify   '/Users/guilhermesilva/.gemini/antigravity/scratch/SgpTecnicoExpoApp/node_modules/neo-async'
2802 silly reify ]
2803 silly reify mark retired [
2803 silly reify   '/Users/guilhermesilva/.gemini/antigravity/scratch/SgpTecnicoExpoApp/node_modules/nice-try'
2803 silly reify ]
2804 silly reify mark retired [
2804 silly reify   '/Users/guilhermesilva/.gemini/antigravity/scratch/SgpTecnicoExpoApp/node_modules/nocache'
2804 silly reify ]
2805 silly reify mark retired [
2805 silly reify   '/Users/guilhermesilva/.gemini/antigravity/scratch/SgpTecnicoExpoApp/node_modules/node-abort-controller'
2805 silly reify ]
2806 silly reify mark retired [
2806 silly reify   '/Users/guilhermesilva/.gemini/antigravity/scratch/SgpTecnicoExpoApp/node_modules/node-dir'
2806 silly reify ]
2807 silly reify mark retired [
2807 silly reify   '/Users/guilhermesilva/.gemini/antigravity/scratch/SgpTecnicoExpoApp/node_modules/node-fetch'
2807 silly reify ]
2808 silly reify mark retired [
2808 silly reify   '/Users/guilhermesilva/.gemini/antigravity/scratch/SgpTecnicoExpoApp/node_modules/node-stream-zip'
2808 silly reify ]
2809 silly reify mark retired [
2809 silly reify   '/Users/guilhermesilva/.gemini/antigravity/scratch/SgpTecnicoExpoApp/node_modules/normalize-url'
2809 silly reify ]
2810 silly reify mark retired [
2810 silly reify   '/Users/guilhermesilva/.gemini/antigravity/scratch/SgpTecnicoExpoApp/node_modules/npm-package-arg'
2810 silly reify ]
2811 silly reify mark retired [
2811 silly reify   '/Users/guilhermesilva/.gemini/antigravity/scratch/SgpTecnicoExpoApp/node_modules/npm-run-path'
2811 silly reify ]
2812 silly reify mark retired [
2812 silly reify   '/Users/guilhermesilva/.gemini/antigravity/scratch/SgpTecnicoExpoApp/node_modules/ob1'
2812 silly reify ]
2813 silly reify mark retired [
2813 silly reify   '/Users/guilhermesilva/.gemini/antigravity/scratch/SgpTecnicoExpoApp/node_modules/object-inspect'
2813 silly reify ]
2814 silly reify mark retired [
2814 silly reify   '/Users/guilhermesilva/.gemini/antigravity/scratch/SgpTecnicoExpoApp/node_modules/object-keys'
2814 silly reify ]
2815 silly reify mark retired [
2815 silly reify   '/Users/guilhermesilva/.gemini/antigravity/scratch/SgpTecnicoExpoApp/node_modules/object.assign'
2815 silly reify ]
2816 silly reify mark retired [
2816 silly reify   '/Users/guilhermesilva/.gemini/antigravity/scratch/SgpTecnicoExpoApp/node_modules/open'
2816 silly reify ]
2817 silly reify mark retired [
2817 silly reify   '/Users/guilhermesilva/.gemini/antigravity/scratch/SgpTecnicoExpoApp/node_modules/os-homedir'
2817 silly reify ]
2818 silly reify mark retired [
2818 silly reify   '/Users/guilhermesilva/.gemini/antigravity/scratch/SgpTecnicoExpoApp/node_modules/os-tmpdir'
2818 silly reify ]
2819 silly reify mark retired [
2819 silly reify   '/Users/guilhermesilva/.gemini/antigravity/scratch/SgpTecnicoExpoApp/node_modules/osenv'
2819 silly reify ]
2820 silly reify mark retired [
2820 silly reify   '/Users/guilhermesilva/.gemini/antigravity/scratch/SgpTecnicoExpoApp/node_modules/own-keys'
2820 silly reify ]
2821 silly reify mark retired [
2821 silly reify   '/Users/guilhermesilva/.gemini/antigravity/scratch/SgpTecnicoExpoApp/node_modules/p-cancelable'
2821 silly reify ]
2822 silly reify mark retired [
2822 silly reify   '/Users/guilhermesilva/.gemini/antigravity/scratch/SgpTecnicoExpoApp/node_modules/p-finally'
2822 silly reify ]
2823 silly reify mark retired [
2823 silly reify   '/Users/guilhermesilva/.gemini/antigravity/scratch/SgpTecnicoExpoApp/node_modules/p-locate'
2823 silly reify ]
2824 silly reify mark retired [
2824 silly reify   '/Users/guilhermesilva/.gemini/antigravity/scratch/SgpTecnicoExpoApp/node_modules/p-map'
2824 silly reify ]
2825 silly reify mark retired [
2825 silly reify   '/Users/guilhermesilva/.gemini/antigravity/scratch/SgpTecnicoExpoApp/node_modules/path-scurry'
2825 silly reify ]
2826 silly reify mark retired [
2826 silly reify   '/Users/guilhermesilva/.gemini/antigravity/scratch/SgpTecnicoExpoApp/node_modules/path-type'
2826 silly reify ]
2827 silly reify mark retired [
2827 silly reify   '/Users/guilhermesilva/.gemini/antigravity/scratch/SgpTecnicoExpoApp/node_modules/picomatch'
2827 silly reify ]
2828 silly reify mark retired [
2828 silly reify   '/Users/guilhermesilva/.gemini/antigravity/scratch/SgpTecnicoExpoApp/node_modules/pify'
2828 silly reify ]
2829 silly reify mark retired [
2829 silly reify   '/Users/guilhermesilva/.gemini/antigravity/scratch/SgpTecnicoExpoApp/node_modules/pkg-dir'
2829 silly reify ]
2830 silly reify mark retired [
2830 silly reify   '/Users/guilhermesilva/.gemini/antigravity/scratch/SgpTecnicoExpoApp/node_modules/plist/node_modules/xmlbuilder'
2830 silly reify ]
2831 silly reify mark retired [
2831 silly reify   '/Users/guilhermesilva/.gemini/antigravity/scratch/SgpTecnicoExpoApp/node_modules/possible-typed-array-names'
2831 silly reify ]
2832 silly reify mark retired [
2832 silly reify   '/Users/guilhermesilva/.gemini/antigravity/scratch/SgpTecnicoExpoApp/node_modules/pretty-format'
2832 silly reify ]
2833 silly reify mark retired [
2833 silly reify   '/Users/guilhermesilva/.gemini/antigravity/scratch/SgpTecnicoExpoApp/node_modules/process-nextick-args'
2833 silly reify ]
2834 silly reify mark retired [
2834 silly reify   '/Users/guilhermesilva/.gemini/antigravity/scratch/SgpTecnicoExpoApp/node_modules/promise'
2834 silly reify ]
2835 silly reify mark retired [
2835 silly reify   '/Users/guilhermesilva/.gemini/antigravity/scratch/SgpTecnicoExpoApp/node_modules/pump'
2835 silly reify ]
2836 silly reify mark retired [
2836 silly reify   '/Users/guilhermesilva/.gemini/antigravity/scratch/SgpTecnicoExpoApp/node_modules/querystring'
2836 silly reify ]
2837 silly reify mark retired [
2837 silly reify   '/Users/guilhermesilva/.gemini/antigravity/scratch/SgpTecnicoExpoApp/node_modules/queue-microtask'
2837 silly reify ]
2838 silly reify mark retired [
2838 silly reify   '/Users/guilhermesilva/.gemini/antigravity/scratch/SgpTecnicoExpoApp/node_modules/quick-lru'
2838 silly reify ]
2839 silly reify mark retired [
2839 silly reify   '/Users/guilhermesilva/.gemini/antigravity/scratch/SgpTecnicoExpoApp/node_modules/react'
2839 silly reify ]
2840 silly reify mark retired [
2840 silly reify   '/Users/guilhermesilva/.gemini/antigravity/scratch/SgpTecnicoExpoApp/node_modules/react-devtools-core'
2840 silly reify ]
2841 silly reify mark retired [
2841 silly reify   '/Users/guilhermesilva/.gemini/antigravity/scratch/SgpTecnicoExpoApp/node_modules/react-native',
2841 silly reify   '/Users/guilhermesilva/.gemini/antigravity/scratch/SgpTecnicoExpoApp/node_modules/.bin/react-native'
2841 silly reify ]
2842 silly reify mark retired [
2842 silly reify   '/Users/guilhermesilva/.gemini/antigravity/scratch/SgpTecnicoExpoApp/node_modules/react-native-safe-area-context'
2842 silly reify ]
2843 silly reify mark retired [
2843 silly reify   '/Users/guilhermesilva/.gemini/antigravity/scratch/SgpTecnicoExpoApp/node_modules/react-native-screens'
2843 silly reify ]
2844 silly reify mark retired [
2844 silly reify   '/Users/guilhermesilva/.gemini/antigravity/scratch/SgpTecnicoExpoApp/node_modules/react-native-svg'
2844 silly reify ]
2845 silly reify mark retired [
2845 silly reify   '/Users/guilhermesilva/.gemini/antigravity/scratch/SgpTecnicoExpoApp/node_modules/react-shallow-renderer'
2845 silly reify ]
2846 silly reify mark retired [
2846 silly reify   '/Users/guilhermesilva/.gemini/antigravity/scratch/SgpTecnicoExpoApp/node_modules/readable-stream'
2846 silly reify ]
2847 silly reify mark retired [
2847 silly reify   '/Users/guilhermesilva/.gemini/antigravity/scratch/SgpTecnicoExpoApp/node_modules/readline'
2847 silly reify ]
2848 silly reify mark retired [
2848 silly reify   '/Users/guilhermesilva/.gemini/antigravity/scratch/SgpTecnicoExpoApp/node_modules/recast'
2848 silly reify ]
2849 silly reify mark retired [
2849 silly reify   '/Users/guilhermesilva/.gemini/antigravity/scratch/SgpTecnicoExpoApp/node_modules/reflect.getprototypeof'
2849 silly reify ]
2850 silly reify mark retired [
2850 silly reify   '/Users/guilhermesilva/.gemini/antigravity/scratch/SgpTecnicoExpoApp/node_modules/regexp.prototype.flags'
2850 silly reify ]
2851 silly reify mark retired [
2851 silly reify   '/Users/guilhermesilva/.gemini/antigravity/scratch/SgpTecnicoExpoApp/node_modules/remove-trailing-slash'
2851 silly reify ]
2852 silly reify mark retired [
2852 silly reify   '/Users/guilhermesilva/.gemini/antigravity/scratch/SgpTecnicoExpoApp/node_modules/require-main-filename'
2852 silly reify ]
2853 silly reify mark retired [
2853 silly reify   '/Users/guilhermesilva/.gemini/antigravity/scratch/SgpTecnicoExpoApp/node_modules/resolve-alpn'
2853 silly reify ]
2854 silly reify mark retired [
2854 silly reify   '/Users/guilhermesilva/.gemini/antigravity/scratch/SgpTecnicoExpoApp/node_modules/responselike'
2854 silly reify ]
2855 silly reify mark retired [
2855 silly reify   '/Users/guilhermesilva/.gemini/antigravity/scratch/SgpTecnicoExpoApp/node_modules/reusify'
2855 silly reify ]
2856 silly reify mark retired [
2856 silly reify   '/Users/guilhermesilva/.gemini/antigravity/scratch/SgpTecnicoExpoApp/node_modules/run-parallel'
2856 silly reify ]
2857 silly reify mark retired [
2857 silly reify   '/Users/guilhermesilva/.gemini/antigravity/scratch/SgpTecnicoExpoApp/node_modules/safe-array-concat'
2857 silly reify ]
2858 silly reify mark retired [
2858 silly reify   '/Users/guilhermesilva/.gemini/antigravity/scratch/SgpTecnicoExpoApp/node_modules/safe-push-apply'
2858 silly reify ]
2859 silly reify mark retired [
2859 silly reify   '/Users/guilhermesilva/.gemini/antigravity/scratch/SgpTecnicoExpoApp/node_modules/safe-regex-test'
2859 silly reify ]
2860 silly reify mark retired [
2860 silly reify   '/Users/guilhermesilva/.gemini/antigravity/scratch/SgpTecnicoExpoApp/node_modules/scheduler'
2860 silly reify ]
2861 silly reify mark retired [
2861 silly reify   '/Users/guilhermesilva/.gemini/antigravity/scratch/SgpTecnicoExpoApp/node_modules/selfsigned'
2861 silly reify ]
2862 silly reify mark retired [
2862 silly reify   '/Users/guilhermesilva/.gemini/antigravity/scratch/SgpTecnicoExpoApp/node_modules/send'
2862 silly reify ]
2863 silly reify mark retired [
2863 silly reify   '/Users/guilhermesilva/.gemini/antigravity/scratch/SgpTecnicoExpoApp/node_modules/serve-static/node_modules/debug'
2863 silly reify ]
2864 silly reify mark retired [
2864 silly reify   '/Users/guilhermesilva/.gemini/antigravity/scratch/SgpTecnicoExpoApp/node_modules/serve-static/node_modules/http-errors'
2864 silly reify ]
2865 silly reify mark retired [
2865 silly reify   '/Users/guilhermesilva/.gemini/antigravity/scratch/SgpTecnicoExpoApp/node_modules/serve-static/node_modules/mime',
2865 silly reify   '/Users/guilhermesilva/.gemini/antigravity/scratch/SgpTecnicoExpoApp/node_modules/serve-static/node_modules/.bin/mime'
2865 silly reify ]
2866 silly reify mark retired [
2866 silly reify   '/Users/guilhermesilva/.gemini/antigravity/scratch/SgpTecnicoExpoApp/node_modules/serve-static/node_modules/on-finished'
2866 silly reify ]
2867 silly reify mark retired [
2867 silly reify   '/Users/guilhermesilva/.gemini/antigravity/scratch/SgpTecnicoExpoApp/node_modules/serve-static/node_modules/send'
2867 silly reify ]
2868 silly reify mark retired [
2868 silly reify   '/Users/guilhermesilva/.gemini/antigravity/scratch/SgpTecnicoExpoApp/node_modules/serve-static/node_modules/statuses'
2868 silly reify ]
2869 silly reify mark retired [
2869 silly reify   '/Users/guilhermesilva/.gemini/antigravity/scratch/SgpTecnicoExpoApp/node_modules/set-blocking'
2869 silly reify ]
2870 silly reify mark retired [
2870 silly reify   '/Users/guilhermesilva/.gemini/antigravity/scratch/SgpTecnicoExpoApp/node_modules/set-function-length'
2870 silly reify ]
2871 silly reify mark retired [
2871 silly reify   '/Users/guilhermesilva/.gemini/antigravity/scratch/SgpTecnicoExpoApp/node_modules/set-function-name'
2871 silly reify ]
2872 silly reify mark retired [
2872 silly reify   '/Users/guilhermesilva/.gemini/antigravity/scratch/SgpTecnicoExpoApp/node_modules/set-proto'
2872 silly reify ]
2873 silly reify mark retired [
2873 silly reify   '/Users/guilhermesilva/.gemini/antigravity/scratch/SgpTecnicoExpoApp/node_modules/setimmediate'
2873 silly reify ]
2874 silly reify mark retired [
2874 silly reify   '/Users/guilhermesilva/.gemini/antigravity/scratch/SgpTecnicoExpoApp/node_modules/shallow-clone'
2874 silly reify ]
2875 silly reify mark retired [
2875 silly reify   '/Users/guilhermesilva/.gemini/antigravity/scratch/SgpTecnicoExpoApp/node_modules/side-channel'
2875 silly reify ]
2876 silly reify mark retired [
2876 silly reify   '/Users/guilhermesilva/.gemini/antigravity/scratch/SgpTecnicoExpoApp/node_modules/side-channel-list'
2876 silly reify ]
2877 silly reify mark retired [
2877 silly reify   '/Users/guilhermesilva/.gemini/antigravity/scratch/SgpTecnicoExpoApp/node_modules/side-channel-map'
2877 silly reify ]
2878 silly reify mark retired [
2878 silly reify   '/Users/guilhermesilva/.gemini/antigravity/scratch/SgpTecnicoExpoApp/node_modules/side-channel-weakmap'
2878 silly reify ]
2879 silly reify mark retired [
2879 silly reify   '/Users/guilhermesilva/.gemini/antigravity/scratch/SgpTecnicoExpoApp/node_modules/simple-plist/node_modules/bplist-creator'
2879 silly reify ]
2880 silly reify mark retired [
2880 silly reify   '/Users/guilhermesilva/.gemini/antigravity/scratch/SgpTecnicoExpoApp/node_modules/slice-ansi'
2880 silly reify ]
2881 silly reify mark retired [
2881 silly reify   '/Users/guilhermesilva/.gemini/antigravity/scratch/SgpTecnicoExpoApp/node_modules/source-map'
2881 silly reify ]
2882 silly reify mark retired [
2882 silly reify   '/Users/guilhermesilva/.gemini/antigravity/scratch/SgpTecnicoExpoApp/node_modules/ssri'
2882 silly reify ]
2883 silly reify mark retired [
2883 silly reify   '/Users/guilhermesilva/.gemini/antigravity/scratch/SgpTecnicoExpoApp/node_modules/stop-iteration-iterator'
2883 silly reify ]
2884 silly reify mark retired [
2884 silly reify   '/Users/guilhermesilva/.gemini/antigravity/scratch/SgpTecnicoExpoApp/node_modules/string_decoder'
2884 silly reify ]
2885 silly reify mark retired [
2885 silly reify   '/Users/guilhermesilva/.gemini/antigravity/scratch/SgpTecnicoExpoApp/node_modules/string-width/node_modules/ansi-regex'
2885 silly reify ]
2886 silly reify mark retired [
2886 silly reify   '/Users/guilhermesilva/.gemini/antigravity/scratch/SgpTecnicoExpoApp/node_modules/string-width/node_modules/is-fullwidth-code-point'
2886 silly reify ]
2887 silly reify mark retired [
2887 silly reify   '/Users/guilhermesilva/.gemini/antigravity/scratch/SgpTecnicoExpoApp/node_modules/string-width-cjs/node_modules/ansi-regex'
2887 silly reify ]
2888 silly reify mark retired [
2888 silly reify   '/Users/guilhermesilva/.gemini/antigravity/scratch/SgpTecnicoExpoApp/node_modules/string-width-cjs/node_modules/is-fullwidth-code-point'
2888 silly reify ]
2889 silly reify mark retired [
2889 silly reify   '/Users/guilhermesilva/.gemini/antigravity/scratch/SgpTecnicoExpoApp/node_modules/string.prototype.trim'
2889 silly reify ]
2890 silly reify mark retired [
2890 silly reify   '/Users/guilhermesilva/.gemini/antigravity/scratch/SgpTecnicoExpoApp/node_modules/string.prototype.trimend'
2890 silly reify ]
2891 silly reify mark retired [
2891 silly reify   '/Users/guilhermesilva/.gemini/antigravity/scratch/SgpTecnicoExpoApp/node_modules/string.prototype.trimstart'
2891 silly reify ]
2892 silly reify mark retired [
2892 silly reify   '/Users/guilhermesilva/.gemini/antigravity/scratch/SgpTecnicoExpoApp/node_modules/strip-ansi-cjs/node_modules/ansi-regex'
2892 silly reify ]
2893 silly reify mark retired [
2893 silly reify   '/Users/guilhermesilva/.gemini/antigravity/scratch/SgpTecnicoExpoApp/node_modules/strip-eof'
2893 silly reify ]
2894 silly reify mark retired [
2894 silly reify   '/Users/guilhermesilva/.gemini/antigravity/scratch/SgpTecnicoExpoApp/node_modules/strip-final-newline'
2894 silly reify ]
2895 silly reify mark retired [
2895 silly reify   '/Users/guilhermesilva/.gemini/antigravity/scratch/SgpTecnicoExpoApp/node_modules/strnum'
2895 silly reify ]
2896 silly reify mark retired [
2896 silly reify   '/Users/guilhermesilva/.gemini/antigravity/scratch/SgpTecnicoExpoApp/node_modules/sucrase',
2896 silly reify   '/Users/guilhermesilva/.gemini/antigravity/scratch/SgpTecnicoExpoApp/node_modules/.bin/sucrase',
2896 silly reify   '/Users/guilhermesilva/.gemini/antigravity/scratch/SgpTecnicoExpoApp/node_modules/.bin/sucrase-node'
2896 silly reify ]
2897 silly reify mark retired [
2897 silly reify   '/Users/guilhermesilva/.gemini/antigravity/scratch/SgpTecnicoExpoApp/node_modules/sudo-prompt'
2897 silly reify ]
2898 silly reify mark retired [
2898 silly reify   '/Users/guilhermesilva/.gemini/antigravity/scratch/SgpTecnicoExpoApp/node_modules/tar'
2898 silly reify ]
2899 silly reify mark retired [
2899 silly reify   '/Users/guilhermesilva/.gemini/antigravity/scratch/SgpTecnicoExpoApp/node_modules/temp'
2899 silly reify ]
2900 silly reify mark retired [
2900 silly reify   '/Users/guilhermesilva/.gemini/antigravity/scratch/SgpTecnicoExpoApp/node_modules/temp-dir'
2900 silly reify ]
2901 silly reify mark retired [
2901 silly reify   '/Users/guilhermesilva/.gemini/antigravity/scratch/SgpTecnicoExpoApp/node_modules/tempy'
2901 silly reify ]
2902 silly reify mark retired [
2902 silly reify   '/Users/guilhermesilva/.gemini/antigravity/scratch/SgpTecnicoExpoApp/node_modules/text-table'
2902 silly reify ]
2903 silly reify mark retired [
2903 silly reify   '/Users/guilhermesilva/.gemini/antigravity/scratch/SgpTecnicoExpoApp/node_modules/through2'
2903 silly reify ]
2904 silly reify mark retired [
2904 silly reify   '/Users/guilhermesilva/.gemini/antigravity/scratch/SgpTecnicoExpoApp/node_modules/tr46'
2904 silly reify ]
2905 silly reify mark retired [
2905 silly reify   '/Users/guilhermesilva/.gemini/antigravity/scratch/SgpTecnicoExpoApp/node_modules/traverse'
2905 silly reify ]
2906 silly reify mark retired [
2906 silly reify   '/Users/guilhermesilva/.gemini/antigravity/scratch/SgpTecnicoExpoApp/node_modules/trim-right'
2906 silly reify ]
2907 silly reify mark retired [
2907 silly reify   '/Users/guilhermesilva/.gemini/antigravity/scratch/SgpTecnicoExpoApp/node_modules/tslib'
2907 silly reify ]
2908 silly reify mark retired [
2908 silly reify   '/Users/guilhermesilva/.gemini/antigravity/scratch/SgpTecnicoExpoApp/node_modules/typed-array-buffer'
2908 silly reify ]
2909 silly reify mark retired [
2909 silly reify   '/Users/guilhermesilva/.gemini/antigravity/scratch/SgpTecnicoExpoApp/node_modules/typed-array-byte-length'
2909 silly reify ]
2910 silly reify mark retired [
2910 silly reify   '/Users/guilhermesilva/.gemini/antigravity/scratch/SgpTecnicoExpoApp/node_modules/typed-array-byte-offset'
2910 silly reify ]
2911 silly reify mark retired [
2911 silly reify   '/Users/guilhermesilva/.gemini/antigravity/scratch/SgpTecnicoExpoApp/node_modules/typed-array-length'
2911 silly reify ]
2912 silly reify mark retired [
2912 silly reify   '/Users/guilhermesilva/.gemini/antigravity/scratch/SgpTecnicoExpoApp/node_modules/typedarray.prototype.slice'
2912 silly reify ]
2913 silly reify mark retired [
2913 silly reify   '/Users/guilhermesilva/.gemini/antigravity/scratch/SgpTecnicoExpoApp/node_modules/ua-parser-js',
2913 silly reify   '/Users/guilhermesilva/.gemini/antigravity/scratch/SgpTecnicoExpoApp/node_modules/.bin/ua-parser-js'
2913 silly reify ]
2914 silly reify mark retired [
2914 silly reify   '/Users/guilhermesilva/.gemini/antigravity/scratch/SgpTecnicoExpoApp/node_modules/unbox-primitive'
2914 silly reify ]
2915 silly reify mark retired [
2915 silly reify   '/Users/guilhermesilva/.gemini/antigravity/scratch/SgpTecnicoExpoApp/node_modules/unique-filename'
2915 silly reify ]
2916 silly reify mark retired [
2916 silly reify   '/Users/guilhermesilva/.gemini/antigravity/scratch/SgpTecnicoExpoApp/node_modules/unique-slug'
2916 silly reify ]
2917 silly reify mark retired [
2917 silly reify   '/Users/guilhermesilva/.gemini/antigravity/scratch/SgpTecnicoExpoApp/node_modules/unique-string'
2917 silly reify ]
2918 silly reify mark retired [
2918 silly reify   '/Users/guilhermesilva/.gemini/antigravity/scratch/SgpTecnicoExpoApp/node_modules/universalify'
2918 silly reify ]
2919 silly reify mark retired [
2919 silly reify   '/Users/guilhermesilva/.gemini/antigravity/scratch/SgpTecnicoExpoApp/node_modules/url-join'
2919 silly reify ]
2920 silly reify mark retired [
2920 silly reify   '/Users/guilhermesilva/.gemini/antigravity/scratch/SgpTecnicoExpoApp/node_modules/util-deprecate'
2920 silly reify ]
2921 silly reify mark retired [
2921 silly reify   '/Users/guilhermesilva/.gemini/antigravity/scratch/SgpTecnicoExpoApp/node_modules/uuid',
2921 silly reify   '/Users/guilhermesilva/.gemini/antigravity/scratch/SgpTecnicoExpoApp/node_modules/.bin/uuid'
2921 silly reify ]
2922 silly reify mark retired [
2922 silly reify   '/Users/guilhermesilva/.gemini/antigravity/scratch/SgpTecnicoExpoApp/node_modules/valid-url'
2922 silly reify ]
2923 silly reify mark retired [
2923 silly reify   '/Users/guilhermesilva/.gemini/antigravity/scratch/SgpTecnicoExpoApp/node_modules/validate-npm-package-name'
2923 silly reify ]
2924 silly reify mark retired [
2924 silly reify   '/Users/guilhermesilva/.gemini/antigravity/scratch/SgpTecnicoExpoApp/node_modules/webidl-conversions'
2924 silly reify ]
2925 silly reify mark retired [
2925 silly reify   '/Users/guilhermesilva/.gemini/antigravity/scratch/SgpTecnicoExpoApp/node_modules/whatwg-url'
2925 silly reify ]
2926 silly reify mark retired [
2926 silly reify   '/Users/guilhermesilva/.gemini/antigravity/scratch/SgpTecnicoExpoApp/node_modules/which-boxed-primitive'
2926 silly reify ]
2927 silly reify mark retired [
2927 silly reify   '/Users/guilhermesilva/.gemini/antigravity/scratch/SgpTecnicoExpoApp/node_modules/which-builtin-type'
2927 silly reify ]
2928 silly reify mark retired [
2928 silly reify   '/Users/guilhermesilva/.gemini/antigravity/scratch/SgpTecnicoExpoApp/node_modules/which-collection'
2928 silly reify ]
2929 silly reify mark retired [
2929 silly reify   '/Users/guilhermesilva/.gemini/antigravity/scratch/SgpTecnicoExpoApp/node_modules/which-module'
2929 silly reify ]
2930 silly reify mark retired [
2930 silly reify   '/Users/guilhermesilva/.gemini/antigravity/scratch/SgpTecnicoExpoApp/node_modules/which-typed-array'
2930 silly reify ]
2931 silly reify mark retired [
2931 silly reify   '/Users/guilhermesilva/.gemini/antigravity/scratch/SgpTecnicoExpoApp/node_modules/wonka'
2931 silly reify ]
2932 silly reify mark retired [
2932 silly reify   '/Users/guilhermesilva/.gemini/antigravity/scratch/SgpTecnicoExpoApp/node_modules/wrap-ansi/node_modules/ansi-regex'
2932 silly reify ]
2933 silly reify mark retired [
2933 silly reify   '/Users/guilhermesilva/.gemini/antigravity/scratch/SgpTecnicoExpoApp/node_modules/wrap-ansi-cjs/node_modules/ansi-regex'
2933 silly reify ]
2934 silly reify mark retired [
2934 silly reify   '/Users/guilhermesilva/.gemini/antigravity/scratch/SgpTecnicoExpoApp/node_modules/write-file-atomic'
2934 silly reify ]
2935 silly reify mark retired [
2935 silly reify   '/Users/guilhermesilva/.gemini/antigravity/scratch/SgpTecnicoExpoApp/node_modules/xcode/node_modules/uuid',
2935 silly reify   '/Users/guilhermesilva/.gemini/antigravity/scratch/SgpTecnicoExpoApp/node_modules/xcode/node_modules/.bin/uuid'
2935 silly reify ]
2936 silly reify mark retired [
2936 silly reify   '/Users/guilhermesilva/.gemini/antigravity/scratch/SgpTecnicoExpoApp/node_modules/xmlbuilder'
2936 silly reify ]
2937 silly reify mark retired [
2937 silly reify   '/Users/guilhermesilva/.gemini/antigravity/scratch/SgpTecnicoExpoApp/node_modules/xtend'
2937 silly reify ]
2938 silly reify mark retired [
2938 silly reify   '/Users/guilhermesilva/.gemini/antigravity/scratch/SgpTecnicoExpoApp/node_modules/zod'
2938 silly reify ]
2939 silly reify mark retired [
2939 silly reify   '/Users/guilhermesilva/.gemini/antigravity/scratch/SgpTecnicoExpoApp/node_modules/zod-validation-error'
2939 silly reify ]
2940 silly reify moves {
2940 silly reify   '/Users/guilhermesilva/.gemini/antigravity/scratch/SgpTecnicoExpoApp/node_modules/@babel/helper-environment-visitor': '/Users/guilhermesilva/.gemini/antigravity/scratch/SgpTecnicoExpoApp/node_modules/@babel/.helper-environment-visitor-bObzwmnf',
2940 silly reify   '/Users/guilhermesilva/.gemini/antigravity/scratch/SgpTecnicoExpoApp/node_modules/@babel/plugin-bugfix-firefox-class-in-computed-class-key': '/Users/guilhermesilva/.gemini/antigravity/scratch/SgpTecnicoExpoApp/node_modules/@babel/.plugin-bugfix-firefox-class-in-computed-class-key-HktqeOzS',
2940 silly reify   '/Users/guilhermesilva/.gemini/antigravity/scratch/SgpTecnicoExpoApp/node_modules/@babel/plugin-bugfix-safari-class-field-initializer-scope': '/Users/guilhermesilva/.gemini/antigravity/scratch/SgpTecnicoExpoApp/node_modules/@babel/.plugin-bugfix-safari-class-field-initializer-scope-wyXOhsja',
2940 silly reify   '/Users/guilhermesilva/.gemini/antigravity/scratch/SgpTecnicoExpoApp/node_modules/@babel/plugin-bugfix-safari-id-destructuring-collision-in-function-expression': '/Users/guilhermesilva/.gemini/antigravity/scratch/SgpTecnicoExpoApp/node_modules/@babel/.plugin-bugfix-safari-id-destructuring-collision-in-function-expression-Zk9V8WQu',
2940 silly reify   '/Users/guilhermesilva/.gemini/antigravity/scratch/SgpTecnicoExpoApp/node_modules/@babel/plugin-bugfix-safari-rest-destructuring-rhs-array': '/Users/guilhermesilva/.gemini/antigravity/scratch/SgpTecnicoExpoApp/node_modules/@babel/.plugin-bugfix-safari-rest-destructuring-rhs-array-GsHHn7tj',
2940 silly reify   '/Users/guilhermesilva/.gemini/antigravity/scratch/SgpTecnicoExpoApp/node_modules/@babel/plugin-bugfix-v8-spread-parameters-in-optional-chaining': '/Users/guilhermesilva/.gemini/antigravity/scratch/SgpTecnicoExpoApp/node_modules/@babel/.plugin-bugfix-v8-spread-parameters-in-optional-chaining-wje3lkpH',
2940 silly reify   '/Users/guilhermesilva/.gemini/antigravity/scratch/SgpTecnicoExpoApp/node_modules/@babel/plugin-bugfix-v8-static-class-fields-redefine-readonly': '/Users/guilhermesilva/.gemini/antigravity/scratch/SgpTecnicoExpoApp/node_modules/@babel/.plugin-bugfix-v8-static-class-fields-redefine-readonly-Ru4GRXLJ',
2940 silly reify   '/Users/guilhermesilva/.gemini/antigravity/scratch/SgpTecnicoExpoApp/node_modules/@babel/plugin-proposal-async-generator-functions': '/Users/guilhermesilva/.gemini/antigravity/scratch/SgpTecnicoExpoApp/node_modules/@babel/.plugin-proposal-async-generator-functions-Kw9lxVYi',
2940 silly reify   '/Users/guilhermesilva/.gemini/antigravity/scratch/SgpTecnicoExpoApp/node_modules/@babel/plugin-proposal-class-properties': '/Users/guilhermesilva/.gemini/antigravity/scratch/SgpTecnicoExpoApp/node_modules/@babel/.plugin-proposal-class-properties-TUqoA3V9',
2940 silly reify   '/Users/guilhermesilva/.gemini/antigravity/scratch/SgpTecnicoExpoApp/node_modules/@babel/plugin-proposal-logical-assignment-operators': '/Users/guilhermesilva/.gemini/antigravity/scratch/SgpTecnicoExpoApp/node_modules/@babel/.plugin-proposal-logical-assignment-operators-wqxKUw13',
2940 silly reify   '/Users/guilhermesilva/.gemini/antigravity/scratch/SgpTecnicoExpoApp/node_modules/@babel/plugin-proposal-nullish-coalescing-operator': '/Users/guilhermesilva/.gemini/antigravity/scratch/SgpTecnicoExpoApp/node_modules/@babel/.plugin-proposal-nullish-coalescing-operator-UBxr944o',
2940 silly reify   '/Users/guilhermesilva/.gemini/antigravity/scratch/SgpTecnicoExpoApp/node_modules/@babel/plugin-proposal-numeric-separator': '/Users/guilhermesilva/.gemini/antigravity/scratch/SgpTecnicoExpoApp/node_modules/@babel/.plugin-proposal-numeric-separator-k7iWVyBN',
2940 silly reify   '/Users/guilhermesilva/.gemini/antigravity/scratch/SgpTecnicoExpoApp/node_modules/@babel/plugin-proposal-object-rest-spread': '/Users/guilhermesilva/.gemini/antigravity/scratch/SgpTecnicoExpoApp/node_modules/@babel/.plugin-proposal-object-rest-spread-5aO8J4y3',
2940 silly reify   '/Users/guilhermesilva/.gemini/antigravity/scratch/SgpTecnicoExpoApp/node_modules/@babel/plugin-proposal-optional-catch-binding': '/Users/guilhermesilva/.gemini/antigravity/scratch/SgpTecnicoExpoApp/node_modules/@babel/.plugin-proposal-optional-catch-binding-Avm7CYhD',
2940 silly reify   '/Users/guilhermesilva/.gemini/antigravity/scratch/SgpTecnicoExpoApp/node_modules/@babel/plugin-proposal-optional-chaining': '/Users/guilhermesilva/.gemini/antigravity/scratch/SgpTecnicoExpoApp/node_modules/@babel/.plugin-proposal-optional-chaining-dnEDrVRK',
2940 silly reify   '/Users/guilhermesilva/.gemini/antigravity/scratch/SgpTecnicoExpoApp/node_modules/@babel/plugin-proposal-private-property-in-object': '/Users/guilhermesilva/.gemini/antigravity/scratch/SgpTecnicoExpoApp/node_modules/@babel/.plugin-proposal-private-property-in-object-kOnFGgB6',
2940 silly reify   '/Users/guilhermesilva/.gemini/antigravity/scratch/SgpTecnicoExpoApp/node_modules/@babel/plugin-syntax-import-assertions': '/Users/guilhermesilva/.gemini/antigravity/scratch/SgpTecnicoExpoApp/node_modules/@babel/.plugin-syntax-import-assertions-pIeLyb8P',
2940 silly reify   '/Users/guilhermesilva/.gemini/antigravity/scratch/SgpTecnicoExpoApp/node_modules/@babel/plugin-syntax-unicode-sets-regex': '/Users/guilhermesilva/.gemini/antigravity/scratch/SgpTecnicoExpoApp/node_modules/@babel/.plugin-syntax-unicode-sets-regex-RDHUMvoc',
2940 silly reify   '/Users/guilhermesilva/.gemini/antigravity/scratch/SgpTecnicoExpoApp/node_modules/@babel/plugin-transform-block-scoped-functions': '/Users/guilhermesilva/.gemini/antigravity/scratch/SgpTecnicoExpoApp/node_modules/@babel/.plugin-transform-block-scoped-functions-bC4COke9',
2940 silly reify   '/Users/guilhermesilva/.gemini/antigravity/scratch/SgpTecnicoExpoApp/node_modules/@babel/plugin-transform-dotall-regex': '/Users/guilhermesilva/.gemini/antigravity/scratch/SgpTecnicoExpoApp/node_modules/@babel/.plugin-transform-dotall-regex-KsO2GrjV',
2940 silly reify   '/Users/guilhermesilva/.gemini/antigravity/scratch/SgpTecnicoExpoApp/node_modules/@babel/plugin-transform-duplicate-keys': '/Users/guilhermesilva/.gemini/antigravity/scratch/SgpTecnicoExpoApp/node_modules/@babel/.plugin-transform-duplicate-keys-xDDKTmLb',
2940 silly reify   '/Users/guilhermesilva/.gemini/antigravity/scratch/SgpTecnicoExpoApp/node_modules/@babel/plugin-transform-duplicate-named-capturing-groups-regex': '/Users/guilhermesilva/.gemini/antigravity/scratch/SgpTecnicoExpoApp/node_modules/@babel/.plugin-transform-duplicate-named-capturing-groups-regex-RQFQNni0',
2940 silly reify   '/Users/guilhermesilva/.gemini/antigravity/scratch/SgpTecnicoExpoApp/node_modules/@babel/plugin-transform-dynamic-import': '/Users/guilhermesilva/.gemini/antigravity/scratch/SgpTecnicoExpoApp/node_modules/@babel/.plugin-transform-dynamic-import-3Q11r7s9',
2940 silly reify   '/Users/guilhermesilva/.gemini/antigravity/scratch/SgpTecnicoExpoApp/node_modules/@babel/plugin-transform-explicit-resource-management': '/Users/guilhermesilva/.gemini/antigravity/scratch/SgpTecnicoExpoApp/node_modules/@babel/.plugin-transform-explicit-resource-management-w92ArT3W',
2940 silly reify   '/Users/guilhermesilva/.gemini/antigravity/scratch/SgpTecnicoExpoApp/node_modules/@babel/plugin-transform-exponentiation-operator': '/Users/guilhermesilva/.gemini/antigravity/scratch/SgpTecnicoExpoApp/node_modules/@babel/.plugin-transform-exponentiation-operator-EVIMv3Vv',
2940 silly reify   '/Users/guilhermesilva/.gemini/antigravity/scratch/SgpTecnicoExpoApp/node_modules/@babel/plugin-transform-json-strings': '/Users/guilhermesilva/.gemini/antigravity/scratch/SgpTecnicoExpoApp/node_modules/@babel/.plugin-transform-json-strings-MJZTdqRO',
2940 silly reify   '/Users/guilhermesilva/.gemini/antigravity/scratch/SgpTecnicoExpoApp/node_modules/@babel/plugin-transform-member-expression-literals': '/Users/guilhermesilva/.gemini/antigravity/scratch/SgpTecnicoExpoApp/node_modules/@babel/.plugin-transform-member-expression-literals-kfA7nUaq',
2940 silly reify   '/Users/guilhermesilva/.gemini/antigravity/scratch/SgpTecnicoExpoApp/node_modules/@babel/plugin-transform-modules-amd': '/Users/guilhermesilva/.gemini/antigravity/scratch/SgpTecnicoExpoApp/node_modules/@babel/.plugin-transform-modules-amd-B1UuRmAq',
2940 silly reify   '/Users/guilhermesilva/.gemini/antigravity/scratch/SgpTecnicoExpoApp/node_modules/@babel/plugin-transform-modules-systemjs': '/Users/guilhermesilva/.gemini/antigravity/scratch/SgpTecnicoExpoApp/node_modules/@babel/.plugin-transform-modules-systemjs-F9rH1xcA',
2940 silly reify   '/Users/guilhermesilva/.gemini/antigravity/scratch/SgpTecnicoExpoApp/node_modules/@babel/plugin-transform-modules-umd': '/Users/guilhermesilva/.gemini/antigravity/scratch/SgpTecnicoExpoApp/node_modules/@babel/.plugin-transform-modules-umd-Ecf2vnJW',
2940 silly reify   '/Users/guilhermesilva/.gemini/antigravity/scratch/SgpTecnicoExpoApp/node_modules/@babel/plugin-transform-new-target': '/Users/guilhermesilva/.gemini/antigravity/scratch/SgpTecnicoExpoApp/node_modules/@babel/.plugin-transform-new-target-2H7LbzUX',
2940 silly reify   '/Users/guilhermesilva/.gemini/antigravity/scratch/SgpTecnicoExpoApp/node_modules/@babel/plugin-transform-object-super': '/Users/guilhermesilva/.gemini/antigravity/scratch/SgpTecnicoExpoApp/node_modules/@babel/.plugin-transform-object-super-jzUZcaJH',
2940 silly reify   '/Users/guilhermesilva/.gemini/antigravity/scratch/SgpTecnicoExpoApp/node_modules/@babel/plugin-transform-property-literals': '/Users/guilhermesilva/.gemini/antigravity/scratch/SgpTecnicoExpoApp/node_modules/@babel/.plugin-transform-property-literals-21nFnEX6',
2940 silly reify   '/Users/guilhermesilva/.gemini/antigravity/scratch/SgpTecnicoExpoApp/node_modules/@babel/plugin-transform-regexp-modifiers': '/Users/guilhermesilva/.gemini/antigravity/scratch/SgpTecnicoExpoApp/node_modules/@babel/.plugin-transform-regexp-modifiers-ZbIuQghT',
2940 silly reify   '/Users/guilhermesilva/.gemini/antigravity/scratch/SgpTecnicoExpoApp/node_modules/@babel/plugin-transform-reserved-words': '/Users/guilhermesilva/.gemini/antigravity/scratch/SgpTecnicoExpoApp/node_modules/@babel/.plugin-transform-reserved-words-FTk2xied',
2940 silly reify   '/Users/guilhermesilva/.gemini/antigravity/scratch/SgpTecnicoExpoApp/node_modules/@babel/plugin-transform-template-literals': '/Users/guilhermesilva/.gemini/antigravity/scratch/SgpTecnicoExpoApp/node_modules/@babel/.plugin-transform-template-literals-7fw4DGXU',
2940 silly reify   '/Users/guilhermesilva/.gemini/antigravity/scratch/SgpTecnicoExpoApp/node_modules/@babel/plugin-transform-typeof-symbol': '/Users/guilhermesilva/.gemini/antigravity/scratch/SgpTecnicoExpoApp/node_modules/@babel/.plugin-transform-typeof-symbol-zOasEpwo',
2940 silly reify   '/Users/guilhermesilva/.gemini/antigravity/scratch/SgpTecnicoExpoApp/node_modules/@babel/plugin-transform-unicode-escapes': '/Users/guilhermesilva/.gemini/antigravity/scratch/SgpTecnicoExpoApp/node_modules/@babel/.plugin-transform-unicode-escapes-m7VzkzED',
2940 silly reify   '/Users/guilhermesilva/.gemini/antigravity/scratch/SgpTecnicoExpoApp/node_modules/@babel/plugin-transform-unicode-property-regex': '/Users/guilhermesilva/.gemini/antigravity/scratch/SgpTecnicoExpoApp/node_modules/@babel/.plugin-transform-unicode-property-regex-si9x8dSd',
2940 silly reify   '/Users/guilhermesilva/.gemini/antigravity/scratch/SgpTecnicoExpoApp/node_modules/@babel/plugin-transform-unicode-sets-regex': '/Users/guilhermesilva/.gemini/antigravity/scratch/SgpTecnicoExpoApp/node_modules/@babel/.plugin-transform-unicode-sets-regex-VOtbRadb',
2940 silly reify   '/Users/guilhermesilva/.gemini/antigravity/scratch/SgpTecnicoExpoApp/node_modules/@babel/preset-env': '/Users/guilhermesilva/.gemini/antigravity/scratch/SgpTecnicoExpoApp/node_modules/@babel/.preset-env-ACUwStNM',
2940 silly reify   '/Users/guilhermesilva/.gemini/antigravity/scratch/SgpTecnicoExpoApp/node_modules/@babel/preset-flow': '/Users/guilhermesilva/.gemini/antigravity/scratch/SgpTecnicoExpoApp/node_modules/@babel/.preset-flow-oPqfWS2P',
2940 silly reify   '/Users/guilhermesilva/.gemini/antigravity/scratch/SgpTecnicoExpoApp/node_modules/@babel/preset-modules': '/Users/guilhermesilva/.gemini/antigravity/scratch/SgpTecnicoExpoApp/node_modules/@babel/.preset-modules-SkvxptPT',
2940 silly reify   '/Users/guilhermesilva/.gemini/antigravity/scratch/SgpTecnicoExpoApp/node_modules/@babel/register': '/Users/guilhermesilva/.gemini/antigravity/scratch/SgpTecnicoExpoApp/node_modules/@babel/.register-SlR9cjaE',
2940 silly reify   '/Users/guilhermesilva/.gemini/antigravity/scratch/SgpTecnicoExpoApp/node_modules/@expo/bunyan': '/Users/guilhermesilva/.gemini/antigravity/scratch/SgpTecnicoExpoApp/node_modules/@expo/.bunyan-v6ldEsPn',
2940 silly reify   '/Users/guilhermesilva/.gemini/antigravity/scratch/SgpTecnicoExpoApp/node_modules/@expo/cli': '/Users/guilhermesilva/.gemini/antigravity/scratch/SgpTecnicoExpoApp/node_modules/@expo/.cli-qxi6AtG2',
2940 silly reify   '/Users/guilhermesilva/.gemini/antigravity/scratch/SgpTecnicoExpoApp/node_modules/.bin/expo-internal': '/Users/guilhermesilva/.gemini/antigravity/scratch/SgpTecnicoExpoApp/node_modules/.bin/.expo-internal-0aKpZc0d',
2940 silly reify   '/Users/guilhermesilva/.gemini/antigravity/scratch/SgpTecnicoExpoApp/node_modules/@expo/code-signing-certificates': '/Users/guilhermesilva/.gemini/antigravity/scratch/SgpTecnicoExpoApp/node_modules/@expo/.code-signing-certificates-vE0AI8ES',
2940 silly reify   '/Users/guilhermesilva/.gemini/antigravity/scratch/SgpTecnicoExpoApp/node_modules/@expo/config': '/Users/guilhermesilva/.gemini/antigravity/scratch/SgpTecnicoExpoApp/node_modules/@expo/.config-qGjzA6tS',
2940 silly reify   '/Users/guilhermesilva/.gemini/antigravity/scratch/SgpTecnicoExpoApp/node_modules/@expo/config-plugins': '/Users/guilhermesilva/.gemini/antigravity/scratch/SgpTecnicoExpoApp/node_modules/@expo/.config-plugins-2ZJDGnzV',
2940 silly reify   '/Users/guilhermesilva/.gemini/antigravity/scratch/SgpTecnicoExpoApp/node_modules/@expo/config-types': '/Users/guilhermesilva/.gemini/antigravity/scratch/SgpTecnicoExpoApp/node_modules/@expo/.config-types-0E12DhJF',
2940 silly reify   '/Users/guilhermesilva/.gemini/antigravity/scratch/SgpTecnicoExpoApp/node_modules/@expo/env': '/Users/guilhermesilva/.gemini/antigravity/scratch/SgpTecnicoExpoApp/node_modules/@expo/.env-IFdBvMtX',
2940 silly reify   '/Users/guilhermesilva/.gemini/antigravity/scratch/SgpTecnicoExpoApp/node_modules/@expo/image-utils': '/Users/guilhermesilva/.gemini/antigravity/scratch/SgpTecnicoExpoApp/node_modules/@expo/.image-utils-RyI3b1cN',
2940 silly reify   '/Users/guilhermesilva/.gemini/antigravity/scratch/SgpTecnicoExpoApp/node_modules/@expo/json-file': '/Users/guilhermesilva/.gemini/antigravity/scratch/SgpTecnicoExpoApp/node_modules/@expo/.json-file-fSNR76dH',
2940 silly reify   '/Users/guilhermesilva/.gemini/antigravity/scratch/SgpTecnicoExpoApp/node_modules/@expo/metro-config': '/Users/guilhermesilva/.gemini/antigravity/scratch/SgpTecnicoExpoApp/node_modules/@expo/.metro-config-6A60QJ0W',
2940 silly reify   '/Users/guilhermesilva/.gemini/antigravity/scratch/SgpTecnicoExpoApp/node_modules/@expo/ngrok': '/Users/guilhermesilva/.gemini/antigravity/scratch/SgpTecnicoExpoApp/node_modules/@expo/.ngrok-xLFxPUXN',
2940 silly reify   '/Users/guilhermesilva/.gemini/antigravity/scratch/SgpTecnicoExpoApp/node_modules/@expo/ngrok-bin': '/Users/guilhermesilva/.gemini/antigravity/scratch/SgpTecnicoExpoApp/node_modules/@expo/.ngrok-bin-coIPNytW',
2940 silly reify   '/Users/guilhermesilva/.gemini/antigravity/scratch/SgpTecnicoExpoApp/node_modules/.bin/ngrok': '/Users/guilhermesilva/.gemini/antigravity/scratch/SgpTecnicoExpoApp/node_modules/.bin/.ngrok-HZJ8x0Om',
2940 silly reify   '/Users/guilhermesilva/.gemini/antigravity/scratch/SgpTecnicoExpoApp/node_modules/@expo/ngrok-bin-darwin-arm64': '/Users/guilhermesilva/.gemini/antigravity/scratch/SgpTecnicoExpoApp/node_modules/@expo/.ngrok-bin-darwin-arm64-ncGsct5p',
2940 silly reify   '/Users/guilhermesilva/.gemini/antigravity/scratch/SgpTecnicoExpoApp/node_modules/@expo/package-manager/node_modules/hosted-git-info': '/Users/guilhermesilva/.gemini/antigravity/scratch/SgpTecnicoExpoApp/node_modules/@expo/package-manager/node_modules/.hosted-git-info-VGVGIkgk',
2940 silly reify   '/Users/guilhermesilva/.gemini/antigravity/scratch/SgpTecnicoExpoApp/node_modules/@expo/package-manager/node_modules/lru-cache': '/Users/guilhermesilva/.gemini/antigravity/scratch/SgpTecnicoExpoApp/node_modules/@expo/package-manager/node_modules/.lru-cache-t9QcL44p',
2940 silly reify   '/Users/guilhermesilva/.gemini/antigravity/scratch/SgpTecnicoExpoApp/node_modules/@expo/package-manager/node_modules/npm-package-arg': '/Users/guilhermesilva/.gemini/antigravity/scratch/SgpTecnicoExpoApp/node_modules/@expo/package-manager/node_modules/.npm-package-arg-odSE5Ctf',
2940 silly reify   '/Users/guilhermesilva/.gemini/antigravity/scratch/SgpTecnicoExpoApp/node_modules/@expo/package-manager/node_modules/semver': '/Users/guilhermesilva/.gemini/antigravity/scratch/SgpTecnicoExpoApp/node_modules/@expo/package-manager/node_modules/.semver-ztIjD09v',
2940 silly reify   '/Users/guilhermesilva/.gemini/antigravity/scratch/SgpTecnicoExpoApp/node_modules/@expo/package-manager/node_modules/.bin/semver': '/Users/guilhermesilva/.gemini/antigravity/scratch/SgpTecnicoExpoApp/node_modules/@expo/package-manager/node_modules/.bin/.semver-yHmLMKrA',
2940 silly reify   '/Users/guilhermesilva/.gemini/antigravity/scratch/SgpTecnicoExpoApp/node_modules/@expo/package-manager/node_modules/validate-npm-package-name': '/Users/guilhermesilva/.gemini/antigravity/scratch/SgpTecnicoExpoApp/node_modules/@expo/package-manager/node_modules/.validate-npm-package-name-cD9UkmF2',
2940 silly reify   '/Users/guilhermesilva/.gemini/antigravity/scratch/SgpTecnicoExpoApp/node_modules/@expo/plist': '/Users/guilhermesilva/.gemini/antigravity/scratch/SgpTecnicoExpoApp/node_modules/@expo/.plist-qszmsovu',
2940 silly reify   '/Users/guilhermesilva/.gemini/antigravity/scratch/SgpTecnicoExpoApp/node_modules/@expo/prebuild-config': '/Users/guilhermesilva/.gemini/antigravity/scratch/SgpTecnicoExpoApp/node_modules/@expo/.prebuild-config-4tqpIhBs',
2940 silly reify   '/Users/guilhermesilva/.gemini/antigravity/scratch/SgpTecnicoExpoApp/node_modules/@expo/rudder-sdk-node': '/Users/guilhermesilva/.gemini/antigravity/scratch/SgpTecnicoExpoApp/node_modules/@expo/.rudder-sdk-node-yz5biFLf',
2940 silly reify   '/Users/guilhermesilva/.gemini/antigravity/scratch/SgpTecnicoExpoApp/node_modules/@expo/vector-icons': '/Users/guilhermesilva/.gemini/antigravity/scratch/SgpTecnicoExpoApp/node_modules/@expo/.vector-icons-DYN13uGr',
2940 silly reify   '/Users/guilhermesilva/.gemini/antigravity/scratch/SgpTecnicoExpoApp/node_modules/@expo/xcpretty/node_modules/argparse': '/Users/guilhermesilva/.gemini/antigravity/scratch/SgpTecnicoExpoApp/node_modules/@expo/xcpretty/node_modules/.argparse-PHAv71yn',
2940 silly reify   '/Users/guilhermesilva/.gemini/antigravity/scratch/SgpTecnicoExpoApp/node_modules/@expo/xcpretty/node_modules/js-yaml': '/Users/guilhermesilva/.gemini/antigravity/scratch/SgpTecnicoExpoApp/node_modules/@expo/xcpretty/node_modules/.js-yaml-bJwCROyh',
2940 silly reify   '/Users/guilhermesilva/.gemini/antigravity/scratch/SgpTecnicoExpoApp/node_modules/@expo/xcpretty/node_modules/.bin/js-yaml': '/Users/guilhermesilva/.gemini/antigravity/scratch/SgpTecnicoExpoApp/node_modules/@expo/xcpretty/node_modules/.bin/.js-yaml-e0UOSgYy',
2940 silly reify   '/Users/guilhermesilva/.gemini/antigravity/scratch/SgpTecnicoExpoApp/node_modules/@graphql-typed-document-node/core': '/Users/guilhermesilva/.gemini/antigravity/scratch/SgpTecnicoExpoApp/node_modules/@graphql-typed-document-node/.core-rUY0VZQS',
2940 silly reify   '/Users/guilhermesilva/.gemini/antigravity/scratch/SgpTecnicoExpoApp/node_modules/@hapi/hoek': '/Users/guilhermesilva/.gemini/antigravity/scratch/SgpTecnicoExpoApp/node_modules/@hapi/.hoek-dweON4VN',
2940 silly reify   '/Users/guilhermesilva/.gemini/antigravity/scratch/SgpTecnicoExpoApp/node_modules/@hapi/topo': '/Users/guilhermesilva/.gemini/antigravity/scratch/SgpTecnicoExpoApp/node_modules/@hapi/.topo-UUV9zR3x',
2940 silly reify   '/Users/guilhermesilva/.gemini/antigravity/scratch/SgpTecnicoExpoApp/node_modules/@jest/create-cache-key-function/node_modules/@jest/types': '/Users/guilhermesilva/.gemini/antigravity/scratch/SgpTecnicoExpoApp/node_modules/@jest/create-cache-key-function/node_modules/@jest/.types-YTVANtfx',
2940 silly reify   '/Users/guilhermesilva/.gemini/antigravity/scratch/SgpTecnicoExpoApp/node_modules/@jest/create-cache-key-function/node_modules/@types/istanbul-reports': '/Users/guilhermesilva/.gemini/antigravity/scratch/SgpTecnicoExpoApp/node_modules/@jest/create-cache-key-function/node_modules/@types/.istanbul-reports-mypbj9Zh',
2940 silly reify   '/Users/guilhermesilva/.gemini/antigravity/scratch/SgpTecnicoExpoApp/node_modules/@jest/create-cache-key-function/node_modules/@types/yargs': '/Users/guilhermesilva/.gemini/antigravity/scratch/SgpTecnicoExpoApp/node_modules/@jest/create-cache-key-function/node_modules/@types/.yargs-7lO1hQzK',
2940 silly reify   '/Users/guilhermesilva/.gemini/antigravity/scratch/SgpTecnicoExpoApp/node_modules/@jest/environment/node_modules/@jest/types': '/Users/guilhermesilva/.gemini/antigravity/scratch/SgpTecnicoExpoApp/node_modules/@jest/environment/node_modules/@jest/.types-RoYnfWts',
2940 silly reify   '/Users/guilhermesilva/.gemini/antigravity/scratch/SgpTecnicoExpoApp/node_modules/@jest/environment/node_modules/@types/istanbul-reports': '/Users/guilhermesilva/.gemini/antigravity/scratch/SgpTecnicoExpoApp/node_modules/@jest/environment/node_modules/@types/.istanbul-reports-EuXb3vDT',
2940 silly reify   '/Users/guilhermesilva/.gemini/antigravity/scratch/SgpTecnicoExpoApp/node_modules/@jest/environment/node_modules/@types/yargs': '/Users/guilhermesilva/.gemini/antigravity/scratch/SgpTecnicoExpoApp/node_modules/@jest/environment/node_modules/@types/.yargs-TAwVljjO',
2940 silly reify   '/Users/guilhermesilva/.gemini/antigravity/scratch/SgpTecnicoExpoApp/node_modules/@jest/fake-timers/node_modules/@jest/types': '/Users/guilhermesilva/.gemini/antigravity/scratch/SgpTecnicoExpoApp/node_modules/@jest/fake-timers/node_modules/@jest/.types-iFQZiYfs',
2940 silly reify   '/Users/guilhermesilva/.gemini/antigravity/scratch/SgpTecnicoExpoApp/node_modules/@jest/fake-timers/node_modules/@types/istanbul-reports': '/Users/guilhermesilva/.gemini/antigravity/scratch/SgpTecnicoExpoApp/node_modules/@jest/fake-timers/node_modules/@types/.istanbul-reports-5OD3C7y2',
2940 silly reify   '/Users/guilhermesilva/.gemini/antigravity/scratch/SgpTecnicoExpoApp/node_modules/@jest/fake-timers/node_modules/@types/yargs': '/Users/guilhermesilva/.gemini/antigravity/scratch/SgpTecnicoExpoApp/node_modules/@jest/fake-timers/node_modules/@types/.yargs-v3VfU3R6',
2940 silly reify   '/Users/guilhermesilva/.gemini/antigravity/scratch/SgpTecnicoExpoApp/node_modules/@jest/types': '/Users/guilhermesilva/.gemini/antigravity/scratch/SgpTecnicoExpoApp/node_modules/@jest/.types-WimeDVAO',
2940 silly reify   '/Users/guilhermesilva/.gemini/antigravity/scratch/SgpTecnicoExpoApp/node_modules/@nodelib/fs.scandir': '/Users/guilhermesilva/.gemini/antigravity/scratch/SgpTecnicoExpoApp/node_modules/@nodelib/.fs.scandir-lgrKij24',
2940 silly reify   '/Users/guilhermesilva/.gemini/antigravity/scratch/SgpTecnicoExpoApp/node_modules/@nodelib/fs.stat': '/Users/guilhermesilva/.gemini/antigravity/scratch/SgpTecnicoExpoApp/node_modules/@nodelib/.fs.stat-07KD3vLu',
2940 silly reify   '/Users/guilhermesilva/.gemini/antigravity/scratch/SgpTecnicoExpoApp/node_modules/@nodelib/fs.walk': '/Users/guilhermesilva/.gemini/antigravity/scratch/SgpTecnicoExpoApp/node_modules/@nodelib/.fs.walk-TxPuar8F',
2940 silly reify   '/Users/guilhermesilva/.gemini/antigravity/scratch/SgpTecnicoExpoApp/node_modules/@npmcli/fs': '/Users/guilhermesilva/.gemini/antigravity/scratch/SgpTecnicoExpoApp/node_modules/@npmcli/.fs-0qyO8BxE',
2940 silly reify   '/Users/guilhermesilva/.gemini/antigravity/scratch/SgpTecnicoExpoApp/node_modules/@react-native-community/cli': '/Users/guilhermesilva/.gemini/antigravity/scratch/SgpTecnicoExpoApp/node_modules/@react-native-community/.cli-tY6Yh6eL',
2940 silly reify   '/Users/guilhermesilva/.gemini/antigravity/scratch/SgpTecnicoExpoApp/node_modules/.bin/rnc-cli': '/Users/guilhermesilva/.gemini/antigravity/scratch/SgpTecnicoExpoApp/node_modules/.bin/.rnc-cli-YayJGQyz',
2940 silly reify   '/Users/guilhermesilva/.gemini/antigravity/scratch/SgpTecnicoExpoApp/node_modules/@react-native-community/cli-clean': '/Users/guilhermesilva/.gemini/antigravity/scratch/SgpTecnicoExpoApp/node_modules/@react-native-community/.cli-clean-aoY3vy63',
2940 silly reify   '/Users/guilhermesilva/.gemini/antigravity/scratch/SgpTecnicoExpoApp/node_modules/@react-native-community/cli-config': '/Users/guilhermesilva/.gemini/antigravity/scratch/SgpTecnicoExpoApp/node_modules/@react-native-community/.cli-config-f8oHQA4g',
2940 silly reify   '/Users/guilhermesilva/.gemini/antigravity/scratch/SgpTecnicoExpoApp/node_modules/@react-native-community/cli-debugger-ui': '/Users/guilhermesilva/.gemini/antigravity/scratch/SgpTecnicoExpoApp/node_modules/@react-native-community/.cli-debugger-ui-TyV0SDOP',
2940 silly reify   '/Users/guilhermesilva/.gemini/antigravity/scratch/SgpTecnicoExpoApp/node_modules/@react-native-community/cli-doctor': '/Users/guilhermesilva/.gemini/antigravity/scratch/SgpTecnicoExpoApp/node_modules/@react-native-community/.cli-doctor-EtCDaKJ9',
2940 silly reify   '/Users/guilhermesilva/.gemini/antigravity/scratch/SgpTecnicoExpoApp/node_modules/@react-native-community/cli-hermes': '/Users/guilhermesilva/.gemini/antigravity/scratch/SgpTecnicoExpoApp/node_modules/@react-native-community/.cli-hermes-FDqWIhk8',
2940 silly reify   '/Users/guilhermesilva/.gemini/antigravity/scratch/SgpTecnicoExpoApp/node_modules/@react-native-community/cli-platform-android': '/Users/guilhermesilva/.gemini/antigravity/scratch/SgpTecnicoExpoApp/node_modules/@react-native-community/.cli-platform-android-ODzXapFV',
2940 silly reify   '/Users/guilhermesilva/.gemini/antigravity/scratch/SgpTecnicoExpoApp/node_modules/@react-native-community/cli-platform-apple': '/Users/guilhermesilva/.gemini/antigravity/scratch/SgpTecnicoExpoApp/node_modules/@react-native-community/.cli-platform-apple-N0jXA8Qu',
2940 silly reify   '/Users/guilhermesilva/.gemini/antigravity/scratch/SgpTecnicoExpoApp/node_modules/@react-native-community/cli-platform-ios': '/Users/guilhermesilva/.gemini/antigravity/scratch/SgpTecnicoExpoApp/node_modules/@react-native-community/.cli-platform-ios-QRACOXyp',
2940 silly reify   '/Users/guilhermesilva/.gemini/antigravity/scratch/SgpTecnicoExpoApp/node_modules/@react-native-community/cli-server-api': '/Users/guilhermesilva/.gemini/antigravity/scratch/SgpTecnicoExpoApp/node_modules/@react-native-community/.cli-server-api-p1Z3KICf',
2940 silly reify   '/Users/guilhermesilva/.gemini/antigravity/scratch/SgpTecnicoExpoApp/node_modules/@react-native-community/cli-tools': '/Users/guilhermesilva/.gemini/antigravity/scratch/SgpTecnicoExpoApp/node_modules/@react-native-community/.cli-tools-LzrYXtOg',
2940 silly reify   '/Users/guilhermesilva/.gemini/antigravity/scratch/SgpTecnicoExpoApp/node_modules/@react-native-community/cli-types': '/Users/guilhermesilva/.gemini/antigravity/scratch/SgpTecnicoExpoApp/node_modules/@react-native-community/.cli-types-MrfGo7Ha',
2940 silly reify   '/Users/guilhermesilva/.gemini/antigravity/scratch/SgpTecnicoExpoApp/node_modules/@react-native/assets-registry': '/Users/guilhermesilva/.gemini/antigravity/scratch/SgpTecnicoExpoApp/node_modules/@react-native/.assets-registry-oYO0pBuA',
2940 silly reify   '/Users/guilhermesilva/.gemini/antigravity/scratch/SgpTecnicoExpoApp/node_modules/@react-native/babel-plugin-codegen': '/Users/guilhermesilva/.gemini/antigravity/scratch/SgpTecnicoExpoApp/node_modules/@react-native/.babel-plugin-codegen-Nk3m59AE',
2940 silly reify   '/Users/guilhermesilva/.gemini/antigravity/scratch/SgpTecnicoExpoApp/node_modules/@react-native/babel-preset': '/Users/guilhermesilva/.gemini/antigravity/scratch/SgpTecnicoExpoApp/node_modules/@react-native/.babel-preset-VcripFua',
2940 silly reify   '/Users/guilhermesilva/.gemini/antigravity/scratch/SgpTecnicoExpoApp/node_modules/@react-native/codegen': '/Users/guilhermesilva/.gemini/antigravity/scratch/SgpTecnicoExpoApp/node_modules/@react-native/.codegen-GyOs6Hm0',
2940 silly reify   '/Users/guilhermesilva/.gemini/antigravity/scratch/SgpTecnicoExpoApp/node_modules/@react-native/community-cli-plugin': '/Users/guilhermesilva/.gemini/antigravity/scratch/SgpTecnicoExpoApp/node_modules/@react-native/.community-cli-plugin-jEBJCb6Q',
2940 silly reify   '/Users/guilhermesilva/.gemini/antigravity/scratch/SgpTecnicoExpoApp/node_modules/@react-native/debugger-frontend': '/Users/guilhermesilva/.gemini/antigravity/scratch/SgpTecnicoExpoApp/node_modules/@react-native/.debugger-frontend-FAA4rsXe',
2940 silly reify   '/Users/guilhermesilva/.gemini/antigravity/scratch/SgpTecnicoExpoApp/node_modules/@react-native/dev-middleware': '/Users/guilhermesilva/.gemini/antigravity/scratch/SgpTecnicoExpoApp/node_modules/@react-native/.dev-middleware-UqKv3gEx',
2940 silly reify   '/Users/guilhermesilva/.gemini/antigravity/scratch/SgpTecnicoExpoApp/node_modules/@react-native/gradle-plugin': '/Users/guilhermesilva/.gemini/antigravity/scratch/SgpTecnicoExpoApp/node_modules/@react-native/.gradle-plugin-mCH2zwU2',
2940 silly reify   '/Users/guilhermesilva/.gemini/antigravity/scratch/SgpTecnicoExpoApp/node_modules/@react-native/js-polyfills': '/Users/guilhermesilva/.gemini/antigravity/scratch/SgpTecnicoExpoApp/node_modules/@react-native/.js-polyfills-vjwkdGMZ',
2940 silly reify   '/Users/guilhermesilva/.gemini/antigravity/scratch/SgpTecnicoExpoApp/node_modules/@react-native/metro-babel-transformer': '/Users/guilhermesilva/.gemini/antigravity/scratch/SgpTecnicoExpoApp/node_modules/@react-native/.metro-babel-transformer-gKaZXBPp',
2940 silly reify   '/Users/guilhermesilva/.gemini/antigravity/scratch/SgpTecnicoExpoApp/node_modules/@react-native/normalize-colors': '/Users/guilhermesilva/.gemini/antigravity/scratch/SgpTecnicoExpoApp/node_modules/@react-native/.normalize-colors-d3RKUAJo',
2940 silly reify   '/Users/guilhermesilva/.gemini/antigravity/scratch/SgpTecnicoExpoApp/node_modules/@rnx-kit/chromium-edge-launcher': '/Users/guilhermesilva/.gemini/antigravity/scratch/SgpTecnicoExpoApp/node_modules/@rnx-kit/.chromium-edge-launcher-pujETWQl',
2940 silly reify   '/Users/guilhermesilva/.gemini/antigravity/scratch/SgpTecnicoExpoApp/node_modules/@segment/loosely-validate-event': '/Users/guilhermesilva/.gemini/antigravity/scratch/SgpTecnicoExpoApp/node_modules/@segment/.loosely-validate-event-MDokvQCt',
2940 silly reify   '/Users/guilhermesilva/.gemini/antigravity/scratch/SgpTecnicoExpoApp/node_modules/@sideway/address': '/Users/guilhermesilva/.gemini/antigravity/scratch/SgpTecnicoExpoApp/node_modules/@sideway/.address-DV64Nn97',
2940 silly reify   '/Users/guilhermesilva/.gemini/antigravity/scratch/SgpTecnicoExpoApp/node_modules/@sideway/formula': '/Users/guilhermesilva/.gemini/antigravity/scratch/SgpTecnicoExpoApp/node_modules/@sideway/.formula-E1JsO3dv',
2940 silly reify   '/Users/guilhermesilva/.gemini/antigravity/scratch/SgpTecnicoExpoApp/node_modules/@sideway/pinpoint': '/Users/guilhermesilva/.gemini/antigravity/scratch/SgpTecnicoExpoApp/node_modules/@sideway/.pinpoint-tF0Kc72x',
2940 silly reify   '/Users/guilhermesilva/.gemini/antigravity/scratch/SgpTecnicoExpoApp/node_modules/@sindresorhus/is': '/Users/guilhermesilva/.gemini/antigravity/scratch/SgpTecnicoExpoApp/node_modules/@sindresorhus/.is-R25qe7Qn',
2940 silly reify   '/Users/guilhermesilva/.gemini/antigravity/scratch/SgpTecnicoExpoApp/node_modules/@szmarczak/http-timer': '/Users/guilhermesilva/.gemini/antigravity/scratch/SgpTecnicoExpoApp/node_modules/@szmarczak/.http-timer-PbZmiukh',
2940 silly reify   '/Users/guilhermesilva/.gemini/antigravity/scratch/SgpTecnicoExpoApp/node_modules/@types/cacheable-request': '/Users/guilhermesilva/.gemini/antigravity/scratch/SgpTecnicoExpoApp/node_modules/@types/.cacheable-request-JQQ4DPZ3',
2940 silly reify   '/Users/guilhermesilva/.gemini/antigravity/scratch/SgpTecnicoExpoApp/node_modules/@types/http-cache-semantics': '/Users/guilhermesilva/.gemini/antigravity/scratch/SgpTecnicoExpoApp/node_modules/@types/.http-cache-semantics-puSvhXUM',
2940 silly reify   '/Users/guilhermesilva/.gemini/antigravity/scratch/SgpTecnicoExpoApp/node_modules/@types/istanbul-reports': '/Users/guilhermesilva/.gemini/antigravity/scratch/SgpTecnicoExpoApp/node_modules/@types/.istanbul-reports-HwZdTyb4',
2940 silly reify   '/Users/guilhermesilva/.gemini/antigravity/scratch/SgpTecnicoExpoApp/node_modules/@types/keyv': '/Users/guilhermesilva/.gemini/antigravity/scratch/SgpTecnicoExpoApp/node_modules/@types/.keyv-4QHyA7F0',
2940 silly reify   '/Users/guilhermesilva/.gemini/antigravity/scratch/SgpTecnicoExpoApp/node_modules/@types/node-forge': '/Users/guilhermesilva/.gemini/antigravity/scratch/SgpTecnicoExpoApp/node_modules/@types/.node-forge-mXSt8QiY',
2940 silly reify   '/Users/guilhermesilva/.gemini/antigravity/scratch/SgpTecnicoExpoApp/node_modules/@types/react': '/Users/guilhermesilva/.gemini/antigravity/scratch/SgpTecnicoExpoApp/node_modules/@types/.react-JMLylgH3',
2940 silly reify   '/Users/guilhermesilva/.gemini/antigravity/scratch/SgpTecnicoExpoApp/node_modules/@types/responselike': '/Users/guilhermesilva/.gemini/antigravity/scratch/SgpTecnicoExpoApp/node_modules/@types/.responselike-JWMCNqdn',
2940 silly reify   '/Users/guilhermesilva/.gemini/antigravity/scratch/SgpTecnicoExpoApp/node_modules/@types/yargs': '/Users/guilhermesilva/.gemini/antigravity/scratch/SgpTecnicoExpoApp/node_modules/@types/.yargs-ue9lT7bT',
2940 silly reify   '/Users/guilhermesilva/.gemini/antigravity/scratch/SgpTecnicoExpoApp/node_modules/@urql/core': '/Users/guilhermesilva/.gemini/antigravity/scratch/SgpTecnicoExpoApp/node_modules/@urql/.core-uQd9G9pl',
2940 silly reify   '/Users/guilhermesilva/.gemini/antigravity/scratch/SgpTecnicoExpoApp/node_modules/@urql/exchange-retry': '/Users/guilhermesilva/.gemini/antigravity/scratch/SgpTecnicoExpoApp/node_modules/@urql/.exchange-retry-gtG5s0qq',
2940 silly reify   '/Users/guilhermesilva/.gemini/antigravity/scratch/SgpTecnicoExpoApp/node_modules/@xmldom/xmldom': '/Users/guilhermesilva/.gemini/antigravity/scratch/SgpTecnicoExpoApp/node_modules/@xmldom/.xmldom-N1NNmhid',
2940 silly reify   '/Users/guilhermesilva/.gemini/antigravity/scratch/SgpTecnicoExpoApp/node_modules/aggregate-error': '/Users/guilhermesilva/.gemini/antigravity/scratch/SgpTecnicoExpoApp/node_modules/.aggregate-error-SUFlf5u5',
2940 silly reify   '/Users/guilhermesilva/.gemini/antigravity/scratch/SgpTecnicoExpoApp/node_modules/ansi-fragments': '/Users/guilhermesilva/.gemini/antigravity/scratch/SgpTecnicoExpoApp/node_modules/.ansi-fragments-elduRz2D',
2940 silly reify   '/Users/guilhermesilva/.gemini/antigravity/scratch/SgpTecnicoExpoApp/node_modules/ansi-regex': '/Users/guilhermesilva/.gemini/antigravity/scratch/SgpTecnicoExpoApp/node_modules/.ansi-regex-pJPKzieM',
2940 silly reify   '/Users/guilhermesilva/.gemini/antigravity/scratch/SgpTecnicoExpoApp/node_modules/appdirsjs': '/Users/guilhermesilva/.gemini/antigravity/scratch/SgpTecnicoExpoApp/node_modules/.appdirsjs-MvjidOWh',
2940 silly reify   '/Users/guilhermesilva/.gemini/antigravity/scratch/SgpTecnicoExpoApp/node_modules/argparse': '/Users/guilhermesilva/.gemini/antigravity/scratch/SgpTecnicoExpoApp/node_modules/.argparse-yEoFPhue',
2940 silly reify   '/Users/guilhermesilva/.gemini/antigravity/scratch/SgpTecnicoExpoApp/node_modules/array-buffer-byte-length': '/Users/guilhermesilva/.gemini/antigravity/scratch/SgpTecnicoExpoApp/node_modules/.array-buffer-byte-length-N5PJE46b',
2940 silly reify   '/Users/guilhermesilva/.gemini/antigravity/scratch/SgpTecnicoExpoApp/node_modules/array-union': '/Users/guilhermesilva/.gemini/antigravity/scratch/SgpTecnicoExpoApp/node_modules/.array-union-HgwD6xta',
2940 silly reify   '/Users/guilhermesilva/.gemini/antigravity/scratch/SgpTecnicoExpoApp/node_modules/arraybuffer.prototype.slice': '/Users/guilhermesilva/.gemini/antigravity/scratch/SgpTecnicoExpoApp/node_modules/.arraybuffer.prototype.slice-cFfDDMLd',
2940 silly reify   '/Users/guilhermesilva/.gemini/antigravity/scratch/SgpTecnicoExpoApp/node_modules/ast-types': '/Users/guilhermesilva/.gemini/antigravity/scratch/SgpTecnicoExpoApp/node_modules/.ast-types-ScwDgHYS',
2940 silly reify   '/Users/guilhermesilva/.gemini/antigravity/scratch/SgpTecnicoExpoApp/node_modules/astral-regex': '/Users/guilhermesilva/.gemini/antigravity/scratch/SgpTecnicoExpoApp/node_modules/.astral-regex-nt0GUA1F',
2940 silly reify   '/Users/guilhermesilva/.gemini/antigravity/scratch/SgpTecnicoExpoApp/node_modules/async-function': '/Users/guilhermesilva/.gemini/antigravity/scratch/SgpTecnicoExpoApp/node_modules/.async-function-XZFcSTf0',
2940 silly reify   '/Users/guilhermesilva/.gemini/antigravity/scratch/SgpTecnicoExpoApp/node_modules/at-least-node': '/Users/guilhermesilva/.gemini/antigravity/scratch/SgpTecnicoExpoApp/node_modules/.at-least-node-aiVZZjeR',
2940 silly reify   '/Users/guilhermesilva/.gemini/antigravity/scratch/SgpTecnicoExpoApp/node_modules/available-typed-arrays': '/Users/guilhermesilva/.gemini/antigravity/scratch/SgpTecnicoExpoApp/node_modules/.available-typed-arrays-WNjmSDS9',
2940 silly reify   '/Users/guilhermesilva/.gemini/antigravity/scratch/SgpTecnicoExpoApp/node_modules/babel-core': '/Users/guilhermesilva/.gemini/antigravity/scratch/SgpTecnicoExpoApp/node_modules/.babel-core-cATUbGAk',
2940 silly reify   '/Users/guilhermesilva/.gemini/antigravity/scratch/SgpTecnicoExpoApp/node_modules/babel-plugin-react-compiler': '/Users/guilhermesilva/.gemini/antigravity/scratch/SgpTecnicoExpoApp/node_modules/.babel-plugin-react-compiler-zvqELB35',
2940 silly reify   '/Users/guilhermesilva/.gemini/antigravity/scratch/SgpTecnicoExpoApp/node_modules/babel-plugin-react-native-web': '/Users/guilhermesilva/.gemini/antigravity/scratch/SgpTecnicoExpoApp/node_modules/.babel-plugin-react-native-web-yvLnFgUa',
2940 silly reify   '/Users/guilhermesilva/.gemini/antigravity/scratch/SgpTecnicoExpoApp/node_modules/babel-preset-expo': '/Users/guilhermesilva/.gemini/antigravity/scratch/SgpTecnicoExpoApp/node_modules/.babel-preset-expo-zI1gP5Yi',
2940 silly reify   '/Users/guilhermesilva/.gemini/antigravity/scratch/SgpTecnicoExpoApp/node_modules/bl': '/Users/guilhermesilva/.gemini/antigravity/scratch/SgpTecnicoExpoApp/node_modules/.bl-M8KLM8Ip',
2940 silly reify   '/Users/guilhermesilva/.gemini/antigravity/scratch/SgpTecnicoExpoApp/node_modules/bplist-creator': '/Users/guilhermesilva/.gemini/antigravity/scratch/SgpTecnicoExpoApp/node_modules/.bplist-creator-vKCNB9Oj',
2940 silly reify   '/Users/guilhermesilva/.gemini/antigravity/scratch/SgpTecnicoExpoApp/node_modules/brace-expansion': '/Users/guilhermesilva/.gemini/antigravity/scratch/SgpTecnicoExpoApp/node_modules/.brace-expansion-zSGMuRI9',
2940 silly reify   '/Users/guilhermesilva/.gemini/antigravity/scratch/SgpTecnicoExpoApp/node_modules/buffer-alloc': '/Users/guilhermesilva/.gemini/antigravity/scratch/SgpTecnicoExpoApp/node_modules/.buffer-alloc-3MHwZrt6',
2940 silly reify   '/Users/guilhermesilva/.gemini/antigravity/scratch/SgpTecnicoExpoApp/node_modules/buffer-alloc-unsafe': '/Users/guilhermesilva/.gemini/antigravity/scratch/SgpTecnicoExpoApp/node_modules/.buffer-alloc-unsafe-8LeE1r9p',
2940 silly reify   '/Users/guilhermesilva/.gemini/antigravity/scratch/SgpTecnicoExpoApp/node_modules/buffer-fill': '/Users/guilhermesilva/.gemini/antigravity/scratch/SgpTecnicoExpoApp/node_modules/.buffer-fill-jrWs4da8',
2940 silly reify   '/Users/guilhermesilva/.gemini/antigravity/scratch/SgpTecnicoExpoApp/node_modules/builtins': '/Users/guilhermesilva/.gemini/antigravity/scratch/SgpTecnicoExpoApp/node_modules/.builtins-pZqdjW5q',
2940 silly reify   '/Users/guilhermesilva/.gemini/antigravity/scratch/SgpTecnicoExpoApp/node_modules/cacache': '/Users/guilhermesilva/.gemini/antigravity/scratch/SgpTecnicoExpoApp/node_modules/.cacache-F6pJvVeq',
2940 silly reify   '/Users/guilhermesilva/.gemini/antigravity/scratch/SgpTecnicoExpoApp/node_modules/cacheable-lookup': '/Users/guilhermesilva/.gemini/antigravity/scratch/SgpTecnicoExpoApp/node_modules/.cacheable-lookup-HTTPFODm',
2940 silly reify   '/Users/guilhermesilva/.gemini/antigravity/scratch/SgpTecnicoExpoApp/node_modules/cacheable-request': '/Users/guilhermesilva/.gemini/antigravity/scratch/SgpTecnicoExpoApp/node_modules/.cacheable-request-W0g1Evj6',
2940 silly reify   '/Users/guilhermesilva/.gemini/antigravity/scratch/SgpTecnicoExpoApp/node_modules/call-bind': '/Users/guilhermesilva/.gemini/antigravity/scratch/SgpTecnicoExpoApp/node_modules/.call-bind-CBPqbMGQ',
2940 silly reify   '/Users/guilhermesilva/.gemini/antigravity/scratch/SgpTecnicoExpoApp/node_modules/call-bound': '/Users/guilhermesilva/.gemini/antigravity/scratch/SgpTecnicoExpoApp/node_modules/.call-bound-57iVlaXz',
2940 silly reify   '/Users/guilhermesilva/.gemini/antigravity/scratch/SgpTecnicoExpoApp/node_modules/charenc': '/Users/guilhermesilva/.gemini/antigravity/scratch/SgpTecnicoExpoApp/node_modules/.charenc-UCHNFVoG',
2940 silly reify   '/Users/guilhermesilva/.gemini/antigravity/scratch/SgpTecnicoExpoApp/node_modules/chownr': '/Users/guilhermesilva/.gemini/antigravity/scratch/SgpTecnicoExpoApp/node_modules/.chownr-t9p5HyOn',
2940 silly reify   '/Users/guilhermesilva/.gemini/antigravity/scratch/SgpTecnicoExpoApp/node_modules/clean-stack': '/Users/guilhermesilva/.gemini/antigravity/scratch/SgpTecnicoExpoApp/node_modules/.clean-stack-JFk3CQZZ',
2940 silly reify   '/Users/guilhermesilva/.gemini/antigravity/scratch/SgpTecnicoExpoApp/node_modules/cliui/node_modules/ansi-regex': '/Users/guilhermesilva/.gemini/antigravity/scratch/SgpTecnicoExpoApp/node_modules/cliui/node_modules/.ansi-regex-9IFl2a0t',
2940 silly reify   '/Users/guilhermesilva/.gemini/antigravity/scratch/SgpTecnicoExpoApp/node_modules/clone': '/Users/guilhermesilva/.gemini/antigravity/scratch/SgpTecnicoExpoApp/node_modules/.clone-6CMU8LRx',
2940 silly reify   '/Users/guilhermesilva/.gemini/antigravity/scratch/SgpTecnicoExpoApp/node_modules/clone-deep': '/Users/guilhermesilva/.gemini/antigravity/scratch/SgpTecnicoExpoApp/node_modules/.clone-deep-BqQ0UTmN',
2940 silly reify   '/Users/guilhermesilva/.gemini/antigravity/scratch/SgpTecnicoExpoApp/node_modules/clone-response': '/Users/guilhermesilva/.gemini/antigravity/scratch/SgpTecnicoExpoApp/node_modules/.clone-response-Jj13UBnj',
2940 silly reify   '/Users/guilhermesilva/.gemini/antigravity/scratch/SgpTecnicoExpoApp/node_modules/colorette': '/Users/guilhermesilva/.gemini/antigravity/scratch/SgpTecnicoExpoApp/node_modules/.colorette-0kQyMXcX',
2940 silly reify   '/Users/guilhermesilva/.gemini/antigravity/scratch/SgpTecnicoExpoApp/node_modules/command-exists': '/Users/guilhermesilva/.gemini/antigravity/scratch/SgpTecnicoExpoApp/node_modules/.command-exists-uHTvA6dT',
2940 silly reify   '/Users/guilhermesilva/.gemini/antigravity/scratch/SgpTecnicoExpoApp/node_modules/commondir': '/Users/guilhermesilva/.gemini/antigravity/scratch/SgpTecnicoExpoApp/node_modules/.commondir-KNjypHc2',
2940 silly reify   '/Users/guilhermesilva/.gemini/antigravity/scratch/SgpTecnicoExpoApp/node_modules/component-type': '/Users/guilhermesilva/.gemini/antigravity/scratch/SgpTecnicoExpoApp/node_modules/.component-type-fjaUXiUC',
2940 silly reify   '/Users/guilhermesilva/.gemini/antigravity/scratch/SgpTecnicoExpoApp/node_modules/core-util-is': '/Users/guilhermesilva/.gemini/antigravity/scratch/SgpTecnicoExpoApp/node_modules/.core-util-is-AHOsNnFI',
2940 silly reify   '/Users/guilhermesilva/.gemini/antigravity/scratch/SgpTecnicoExpoApp/node_modules/cross-fetch': '/Users/guilhermesilva/.gemini/antigravity/scratch/SgpTecnicoExpoApp/node_modules/.cross-fetch-puO49Gis',
2940 silly reify   '/Users/guilhermesilva/.gemini/antigravity/scratch/SgpTecnicoExpoApp/node_modules/crypt': '/Users/guilhermesilva/.gemini/antigravity/scratch/SgpTecnicoExpoApp/node_modules/.crypt-WaxU9oPL',
2940 silly reify   '/Users/guilhermesilva/.gemini/antigravity/scratch/SgpTecnicoExpoApp/node_modules/crypto-random-string': '/Users/guilhermesilva/.gemini/antigravity/scratch/SgpTecnicoExpoApp/node_modules/.crypto-random-string-QwZgn3Pr',
2940 silly reify   '/Users/guilhermesilva/.gemini/antigravity/scratch/SgpTecnicoExpoApp/node_modules/dag-map': '/Users/guilhermesilva/.gemini/antigravity/scratch/SgpTecnicoExpoApp/node_modules/.dag-map-IOBVVeRd',
2940 silly reify   '/Users/guilhermesilva/.gemini/antigravity/scratch/SgpTecnicoExpoApp/node_modules/data-view-buffer': '/Users/guilhermesilva/.gemini/antigravity/scratch/SgpTecnicoExpoApp/node_modules/.data-view-buffer-DFISc5nf',
2940 silly reify   '/Users/guilhermesilva/.gemini/antigravity/scratch/SgpTecnicoExpoApp/node_modules/data-view-byte-length': '/Users/guilhermesilva/.gemini/antigravity/scratch/SgpTecnicoExpoApp/node_modules/.data-view-byte-length-vlORKNVf',
2940 silly reify   '/Users/guilhermesilva/.gemini/antigravity/scratch/SgpTecnicoExpoApp/node_modules/data-view-byte-offset': '/Users/guilhermesilva/.gemini/antigravity/scratch/SgpTecnicoExpoApp/node_modules/.data-view-byte-offset-yw1zwBDR',
2940 silly reify   '/Users/guilhermesilva/.gemini/antigravity/scratch/SgpTecnicoExpoApp/node_modules/dayjs': '/Users/guilhermesilva/.gemini/antigravity/scratch/SgpTecnicoExpoApp/node_modules/.dayjs-IvamY3nI',
2940 silly reify   '/Users/guilhermesilva/.gemini/antigravity/scratch/SgpTecnicoExpoApp/node_modules/decamelize': '/Users/guilhermesilva/.gemini/antigravity/scratch/SgpTecnicoExpoApp/node_modules/.decamelize-umbSQcDk',
2940 silly reify   '/Users/guilhermesilva/.gemini/antigravity/scratch/SgpTecnicoExpoApp/node_modules/decompress-response': '/Users/guilhermesilva/.gemini/antigravity/scratch/SgpTecnicoExpoApp/node_modules/.decompress-response-0hHQspYz',
2940 silly reify   '/Users/guilhermesilva/.gemini/antigravity/scratch/SgpTecnicoExpoApp/node_modules/default-gateway': '/Users/guilhermesilva/.gemini/antigravity/scratch/SgpTecnicoExpoApp/node_modules/.default-gateway-Z7avIhUI',
2940 silly reify   '/Users/guilhermesilva/.gemini/antigravity/scratch/SgpTecnicoExpoApp/node_modules/defaults/node_modules/clone': '/Users/guilhermesilva/.gemini/antigravity/scratch/SgpTecnicoExpoApp/node_modules/defaults/node_modules/.clone-DbWYfNDm',
2940 silly reify   '/Users/guilhermesilva/.gemini/antigravity/scratch/SgpTecnicoExpoApp/node_modules/defer-to-connect': '/Users/guilhermesilva/.gemini/antigravity/scratch/SgpTecnicoExpoApp/node_modules/.defer-to-connect-Iv9v3iQF',
2940 silly reify   '/Users/guilhermesilva/.gemini/antigravity/scratch/SgpTecnicoExpoApp/node_modules/define-data-property': '/Users/guilhermesilva/.gemini/antigravity/scratch/SgpTecnicoExpoApp/node_modules/.define-data-property-QedatUCD',
2940 silly reify   '/Users/guilhermesilva/.gemini/antigravity/scratch/SgpTecnicoExpoApp/node_modules/define-properties': '/Users/guilhermesilva/.gemini/antigravity/scratch/SgpTecnicoExpoApp/node_modules/.define-properties-tVvNRFqZ',
2940 silly reify   '/Users/guilhermesilva/.gemini/antigravity/scratch/SgpTecnicoExpoApp/node_modules/del': '/Users/guilhermesilva/.gemini/antigravity/scratch/SgpTecnicoExpoApp/node_modules/.del-eBb0CXcY',
2940 silly reify   '/Users/guilhermesilva/.gemini/antigravity/scratch/SgpTecnicoExpoApp/node_modules/denodeify': '/Users/guilhermesilva/.gemini/antigravity/scratch/SgpTecnicoExpoApp/node_modules/.denodeify-ack33K6Q',
2940 silly reify   '/Users/guilhermesilva/.gemini/antigravity/scratch/SgpTecnicoExpoApp/node_modules/detect-libc': '/Users/guilhermesilva/.gemini/antigravity/scratch/SgpTecnicoExpoApp/node_modules/.detect-libc-6l8Rymc6',
2940 silly reify   '/Users/guilhermesilva/.gemini/antigravity/scratch/SgpTecnicoExpoApp/node_modules/.bin/detect-libc': '/Users/guilhermesilva/.gemini/antigravity/scratch/SgpTecnicoExpoApp/node_modules/.bin/.detect-libc-WbKSo5qi',
2940 silly reify   '/Users/guilhermesilva/.gemini/antigravity/scratch/SgpTecnicoExpoApp/node_modules/dir-glob': '/Users/guilhermesilva/.gemini/antigravity/scratch/SgpTecnicoExpoApp/node_modules/.dir-glob-3P39cuyl',
2940 silly reify   '/Users/guilhermesilva/.gemini/antigravity/scratch/SgpTecnicoExpoApp/node_modules/end-of-stream': '/Users/guilhermesilva/.gemini/antigravity/scratch/SgpTecnicoExpoApp/node_modules/.end-of-stream-0qH1u8Jx',
2940 silly reify   '/Users/guilhermesilva/.gemini/antigravity/scratch/SgpTecnicoExpoApp/node_modules/envinfo': '/Users/guilhermesilva/.gemini/antigravity/scratch/SgpTecnicoExpoApp/node_modules/.envinfo-Pg51D3YA',
2940 silly reify   '/Users/guilhermesilva/.gemini/antigravity/scratch/SgpTecnicoExpoApp/node_modules/.bin/envinfo': '/Users/guilhermesilva/.gemini/antigravity/scratch/SgpTecnicoExpoApp/node_modules/.bin/.envinfo-uyFub4I0',
2940 silly reify   '/Users/guilhermesilva/.gemini/antigravity/scratch/SgpTecnicoExpoApp/node_modules/errorhandler': '/Users/guilhermesilva/.gemini/antigravity/scratch/SgpTecnicoExpoApp/node_modules/.errorhandler-dbh7TxSP',
2940 silly reify   '/Users/guilhermesilva/.gemini/antigravity/scratch/SgpTecnicoExpoApp/node_modules/es-abstract': '/Users/guilhermesilva/.gemini/antigravity/scratch/SgpTecnicoExpoApp/node_modules/.es-abstract-TBboN6ZU',
2940 silly reify   '/Users/guilhermesilva/.gemini/antigravity/scratch/SgpTecnicoExpoApp/node_modules/es-abstract-get': '/Users/guilhermesilva/.gemini/antigravity/scratch/SgpTecnicoExpoApp/node_modules/.es-abstract-get-5viOgoqj',
2940 silly reify   '/Users/guilhermesilva/.gemini/antigravity/scratch/SgpTecnicoExpoApp/node_modules/es-to-primitive': '/Users/guilhermesilva/.gemini/antigravity/scratch/SgpTecnicoExpoApp/node_modules/.es-to-primitive-kiEVMmrA',
2940 silly reify   '/Users/guilhermesilva/.gemini/antigravity/scratch/SgpTecnicoExpoApp/node_modules/esutils': '/Users/guilhermesilva/.gemini/antigravity/scratch/SgpTecnicoExpoApp/node_modules/.esutils-O8BG1nLv',
2940 silly reify   '/Users/guilhermesilva/.gemini/antigravity/scratch/SgpTecnicoExpoApp/node_modules/execa': '/Users/guilhermesilva/.gemini/antigravity/scratch/SgpTecnicoExpoApp/node_modules/.execa-DNPK79LZ',
2940 silly reify   '/Users/guilhermesilva/.gemini/antigravity/scratch/SgpTecnicoExpoApp/node_modules/expo': '/Users/guilhermesilva/.gemini/antigravity/scratch/SgpTecnicoExpoApp/node_modules/.expo-Q6OKfBWb',
2940 silly reify   '/Users/guilhermesilva/.gemini/antigravity/scratch/SgpTecnicoExpoApp/node_modules/.bin/expo': '/Users/guilhermesilva/.gemini/antigravity/scratch/SgpTecnicoExpoApp/node_modules/.bin/.expo-pE9JOQdc',
2940 silly reify   '/Users/guilhermesilva/.gemini/antigravity/scratch/SgpTecnicoExpoApp/node_modules/expo-asset': '/Users/guilhermesilva/.gemini/antigravity/scratch/SgpTecnicoExpoApp/node_modules/.expo-asset-58Xud8As',
2940 silly reify   '/Users/guilhermesilva/.gemini/antigravity/scratch/SgpTecnicoExpoApp/node_modules/expo-constants': '/Users/guilhermesilva/.gemini/antigravity/scratch/SgpTecnicoExpoApp/node_modules/.expo-constants-BVvCat3L',
2940 silly reify   '/Users/guilhermesilva/.gemini/antigravity/scratch/SgpTecnicoExpoApp/node_modules/expo-file-system': '/Users/guilhermesilva/.gemini/antigravity/scratch/SgpTecnicoExpoApp/node_modules/.expo-file-system-VovUfcv8',
2940 silly reify   '/Users/guilhermesilva/.gemini/antigravity/scratch/SgpTecnicoExpoApp/node_modules/expo-font': '/Users/guilhermesilva/.gemini/antigravity/scratch/SgpTecnicoExpoApp/node_modules/.expo-font-AdDvZCp1',
2940 silly reify   '/Users/guilhermesilva/.gemini/antigravity/scratch/SgpTecnicoExpoApp/node_modules/expo-keep-awake': '/Users/guilhermesilva/.gemini/antigravity/scratch/SgpTecnicoExpoApp/node_modules/.expo-keep-awake-bHcyC9L7',
2940 silly reify   '/Users/guilhermesilva/.gemini/antigravity/scratch/SgpTecnicoExpoApp/node_modules/expo-linking': '/Users/guilhermesilva/.gemini/antigravity/scratch/SgpTecnicoExpoApp/node_modules/.expo-linking-1N2ttEdC',
2940 silly reify   '/Users/guilhermesilva/.gemini/antigravity/scratch/SgpTecnicoExpoApp/node_modules/expo-location': '/Users/guilhermesilva/.gemini/antigravity/scratch/SgpTecnicoExpoApp/node_modules/.expo-location-8pfySBD4',
2940 silly reify   '/Users/guilhermesilva/.gemini/antigravity/scratch/SgpTecnicoExpoApp/node_modules/expo-modules-autolinking': '/Users/guilhermesilva/.gemini/antigravity/scratch/SgpTecnicoExpoApp/node_modules/.expo-modules-autolinking-VjD7RewE',
2940 silly reify   '/Users/guilhermesilva/.gemini/antigravity/scratch/SgpTecnicoExpoApp/node_modules/.bin/expo-modules-autolinking': '/Users/guilhermesilva/.gemini/antigravity/scratch/SgpTecnicoExpoApp/node_modules/.bin/.expo-modules-autolinking-OUHbI5e4',
2940 silly reify   '/Users/guilhermesilva/.gemini/antigravity/scratch/SgpTecnicoExpoApp/node_modules/expo-modules-core': '/Users/guilhermesilva/.gemini/antigravity/scratch/SgpTecnicoExpoApp/node_modules/.expo-modules-core-1XxVIGBE',
2940 silly reify   '/Users/guilhermesilva/.gemini/antigravity/scratch/SgpTecnicoExpoApp/node_modules/expo-status-bar': '/Users/guilhermesilva/.gemini/antigravity/scratch/SgpTecnicoExpoApp/node_modules/.expo-status-bar-Ym69u68A',
2940 silly reify   '/Users/guilhermesilva/.gemini/antigravity/scratch/SgpTecnicoExpoApp/node_modules/fast-glob': '/Users/guilhermesilva/.gemini/antigravity/scratch/SgpTecnicoExpoApp/node_modules/.fast-glob-oIl4VYYv',
2940 silly reify   '/Users/guilhermesilva/.gemini/antigravity/scratch/SgpTecnicoExpoApp/node_modules/fast-xml-parser': '/Users/guilhermesilva/.gemini/antigravity/scratch/SgpTecnicoExpoApp/node_modules/.fast-xml-parser-3e4eJN9f',
2940 silly reify   '/Users/guilhermesilva/.gemini/antigravity/scratch/SgpTecnicoExpoApp/node_modules/.bin/fxparser': '/Users/guilhermesilva/.gemini/antigravity/scratch/SgpTecnicoExpoApp/node_modules/.bin/.fxparser-S3wUcq2s',
2940 silly reify   '/Users/guilhermesilva/.gemini/antigravity/scratch/SgpTecnicoExpoApp/node_modules/fastq': '/Users/guilhermesilva/.gemini/antigravity/scratch/SgpTecnicoExpoApp/node_modules/.fastq-xE1ABrI6',
2940 silly reify   '/Users/guilhermesilva/.gemini/antigravity/scratch/SgpTecnicoExpoApp/node_modules/fbemitter': '/Users/guilhermesilva/.gemini/antigravity/scratch/SgpTecnicoExpoApp/node_modules/.fbemitter-uL6AuUoU',
2940 silly reify   '/Users/guilhermesilva/.gemini/antigravity/scratch/SgpTecnicoExpoApp/node_modules/fbjs': '/Users/guilhermesilva/.gemini/antigravity/scratch/SgpTecnicoExpoApp/node_modules/.fbjs-PZcVP4Rc',
2940 silly reify   '/Users/guilhermesilva/.gemini/antigravity/scratch/SgpTecnicoExpoApp/node_modules/fbjs-css-vars': '/Users/guilhermesilva/.gemini/antigravity/scratch/SgpTecnicoExpoApp/node_modules/.fbjs-css-vars-6M4v0lwu',
2940 silly reify   '/Users/guilhermesilva/.gemini/antigravity/scratch/SgpTecnicoExpoApp/node_modules/fetch-retry': '/Users/guilhermesilva/.gemini/antigravity/scratch/SgpTecnicoExpoApp/node_modules/.fetch-retry-RBfwGE30',
2940 silly reify   '/Users/guilhermesilva/.gemini/antigravity/scratch/SgpTecnicoExpoApp/node_modules/find-cache-dir': '/Users/guilhermesilva/.gemini/antigravity/scratch/SgpTecnicoExpoApp/node_modules/.find-cache-dir-TA7MGIjn',
2940 silly reify   '/Users/guilhermesilva/.gemini/antigravity/scratch/SgpTecnicoExpoApp/node_modules/find-up': '/Users/guilhermesilva/.gemini/antigravity/scratch/SgpTecnicoExpoApp/node_modules/.find-up-vGjLMfJh',
2940 silly reify   '/Users/guilhermesilva/.gemini/antigravity/scratch/SgpTecnicoExpoApp/node_modules/find-yarn-workspace-root': '/Users/guilhermesilva/.gemini/antigravity/scratch/SgpTecnicoExpoApp/node_modules/.find-yarn-workspace-root-EjMaV3jf',
2940 silly reify   '/Users/guilhermesilva/.gemini/antigravity/scratch/SgpTecnicoExpoApp/node_modules/flow-estree': '/Users/guilhermesilva/.gemini/antigravity/scratch/SgpTecnicoExpoApp/node_modules/.flow-estree-c9xlpDVw',
2940 silly reify   '/Users/guilhermesilva/.gemini/antigravity/scratch/SgpTecnicoExpoApp/node_modules/flow-parser': '/Users/guilhermesilva/.gemini/antigravity/scratch/SgpTecnicoExpoApp/node_modules/.flow-parser-Ngw1fxxB',
2940 silly reify   '/Users/guilhermesilva/.gemini/antigravity/scratch/SgpTecnicoExpoApp/node_modules/for-each': '/Users/guilhermesilva/.gemini/antigravity/scratch/SgpTecnicoExpoApp/node_modules/.for-each-Ekl9kdJi',
2940 silly reify   '/Users/guilhermesilva/.gemini/antigravity/scratch/SgpTecnicoExpoApp/node_modules/fs-extra': '/Users/guilhermesilva/.gemini/antigravity/scratch/SgpTecnicoExpoApp/node_modules/.fs-extra-M9w2e3fH',
2940 silly reify   '/Users/guilhermesilva/.gemini/antigravity/scratch/SgpTecnicoExpoApp/node_modules/fs-minipass': '/Users/guilhermesilva/.gemini/antigravity/scratch/SgpTecnicoExpoApp/node_modules/.fs-minipass-FdKg3A3r',
2940 silly reify   '/Users/guilhermesilva/.gemini/antigravity/scratch/SgpTecnicoExpoApp/node_modules/function.prototype.name': '/Users/guilhermesilva/.gemini/antigravity/scratch/SgpTecnicoExpoApp/node_modules/.function.prototype.name-zmfBgsd0',
2940 silly reify   '/Users/guilhermesilva/.gemini/antigravity/scratch/SgpTecnicoExpoApp/node_modules/functions-have-names': '/Users/guilhermesilva/.gemini/antigravity/scratch/SgpTecnicoExpoApp/node_modules/.functions-have-names-0FNBW6s5',
2940 silly reify   '/Users/guilhermesilva/.gemini/antigravity/scratch/SgpTecnicoExpoApp/node_modules/generator-function': '/Users/guilhermesilva/.gemini/antigravity/scratch/SgpTecnicoExpoApp/node_modules/.generator-function-IV68taA3',
2940 silly reify   '/Users/guilhermesilva/.gemini/antigravity/scratch/SgpTecnicoExpoApp/node_modules/get-stream': '/Users/guilhermesilva/.gemini/antigravity/scratch/SgpTecnicoExpoApp/node_modules/.get-stream-nwZRuMwu',
2940 silly reify   '/Users/guilhermesilva/.gemini/antigravity/scratch/SgpTecnicoExpoApp/node_modules/get-symbol-description': '/Users/guilhermesilva/.gemini/antigravity/scratch/SgpTecnicoExpoApp/node_modules/.get-symbol-description-Z032LhTR',
2940 silly reify   '/Users/guilhermesilva/.gemini/antigravity/scratch/SgpTecnicoExpoApp/node_modules/getenv': '/Users/guilhermesilva/.gemini/antigravity/scratch/SgpTecnicoExpoApp/node_modules/.getenv-K7SpZVDI',
2940 silly reify   '/Users/guilhermesilva/.gemini/antigravity/scratch/SgpTecnicoExpoApp/node_modules/glob': '/Users/guilhermesilva/.gemini/antigravity/scratch/SgpTecnicoExpoApp/node_modules/.glob-KtD0Cd0E',
2940 silly reify   '/Users/guilhermesilva/.gemini/antigravity/scratch/SgpTecnicoExpoApp/node_modules/glob-parent': '/Users/guilhermesilva/.gemini/antigravity/scratch/SgpTecnicoExpoApp/node_modules/.glob-parent-q0ltjo6J',
2940 silly reify   '/Users/guilhermesilva/.gemini/antigravity/scratch/SgpTecnicoExpoApp/node_modules/globalthis': '/Users/guilhermesilva/.gemini/antigravity/scratch/SgpTecnicoExpoApp/node_modules/.globalthis-39RHKOxu',
2940 silly reify   '/Users/guilhermesilva/.gemini/antigravity/scratch/SgpTecnicoExpoApp/node_modules/globby': '/Users/guilhermesilva/.gemini/antigravity/scratch/SgpTecnicoExpoApp/node_modules/.globby-Hv30j2vT',
2940 silly reify   '/Users/guilhermesilva/.gemini/antigravity/scratch/SgpTecnicoExpoApp/node_modules/got': '/Users/guilhermesilva/.gemini/antigravity/scratch/SgpTecnicoExpoApp/node_modules/.got-QXkTWclC',
2940 silly reify   '/Users/guilhermesilva/.gemini/antigravity/scratch/SgpTecnicoExpoApp/node_modules/graphql': '/Users/guilhermesilva/.gemini/antigravity/scratch/SgpTecnicoExpoApp/node_modules/.graphql-G4FDc6gt',
2940 silly reify   '/Users/guilhermesilva/.gemini/antigravity/scratch/SgpTecnicoExpoApp/node_modules/graphql-tag': '/Users/guilhermesilva/.gemini/antigravity/scratch/SgpTecnicoExpoApp/node_modules/.graphql-tag-PXdB9AsG',
2940 silly reify   '/Users/guilhermesilva/.gemini/antigravity/scratch/SgpTecnicoExpoApp/node_modules/has-bigints': '/Users/guilhermesilva/.gemini/antigravity/scratch/SgpTecnicoExpoApp/node_modules/.has-bigints-bVbkol20',
2940 silly reify   '/Users/guilhermesilva/.gemini/antigravity/scratch/SgpTecnicoExpoApp/node_modules/has-property-descriptors': '/Users/guilhermesilva/.gemini/antigravity/scratch/SgpTecnicoExpoApp/node_modules/.has-property-descriptors-xoV6v6Fe',
2940 silly reify   '/Users/guilhermesilva/.gemini/antigravity/scratch/SgpTecnicoExpoApp/node_modules/has-proto': '/Users/guilhermesilva/.gemini/antigravity/scratch/SgpTecnicoExpoApp/node_modules/.has-proto-Por9oebA',
2940 silly reify   '/Users/guilhermesilva/.gemini/antigravity/scratch/SgpTecnicoExpoApp/node_modules/hermes-estree': '/Users/guilhermesilva/.gemini/antigravity/scratch/SgpTecnicoExpoApp/node_modules/.hermes-estree-76rEgHrC',
2940 silly reify   '/Users/guilhermesilva/.gemini/antigravity/scratch/SgpTecnicoExpoApp/node_modules/hermes-parser': '/Users/guilhermesilva/.gemini/antigravity/scratch/SgpTecnicoExpoApp/node_modules/.hermes-parser-LQOum5qp',
2940 silly reify   '/Users/guilhermesilva/.gemini/antigravity/scratch/SgpTecnicoExpoApp/node_modules/hermes-profile-transformer': '/Users/guilhermesilva/.gemini/antigravity/scratch/SgpTecnicoExpoApp/node_modules/.hermes-profile-transformer-bUHDen0c',
2940 silly reify   '/Users/guilhermesilva/.gemini/antigravity/scratch/SgpTecnicoExpoApp/node_modules/hosted-git-info': '/Users/guilhermesilva/.gemini/antigravity/scratch/SgpTecnicoExpoApp/node_modules/.hosted-git-info-rL1veKcZ',
2940 silly reify   '/Users/guilhermesilva/.gemini/antigravity/scratch/SgpTecnicoExpoApp/node_modules/http-cache-semantics': '/Users/guilhermesilva/.gemini/antigravity/scratch/SgpTecnicoExpoApp/node_modules/.http-cache-semantics-5iDRf305',
2940 silly reify   '/Users/guilhermesilva/.gemini/antigravity/scratch/SgpTecnicoExpoApp/node_modules/http-errors': '/Users/guilhermesilva/.gemini/antigravity/scratch/SgpTecnicoExpoApp/node_modules/.http-errors-ZIK7p5CC',
2940 silly reify   '/Users/guilhermesilva/.gemini/antigravity/scratch/SgpTecnicoExpoApp/node_modules/http2-wrapper': '/Users/guilhermesilva/.gemini/antigravity/scratch/SgpTecnicoExpoApp/node_modules/.http2-wrapper-3mVF1OSC',
2940 silly reify   '/Users/guilhermesilva/.gemini/antigravity/scratch/SgpTecnicoExpoApp/node_modules/human-signals': '/Users/guilhermesilva/.gemini/antigravity/scratch/SgpTecnicoExpoApp/node_modules/.human-signals-ANggkPcT',
2940 silly reify   '/Users/guilhermesilva/.gemini/antigravity/scratch/SgpTecnicoExpoApp/node_modules/indent-string': '/Users/guilhermesilva/.gemini/antigravity/scratch/SgpTecnicoExpoApp/node_modules/.indent-string-v7trnpwP',
2940 silly reify   '/Users/guilhermesilva/.gemini/antigravity/scratch/SgpTecnicoExpoApp/node_modules/internal-ip': '/Users/guilhermesilva/.gemini/antigravity/scratch/SgpTecnicoExpoApp/node_modules/.internal-ip-zo0s1olo',
2940 silly reify   '/Users/guilhermesilva/.gemini/antigravity/scratch/SgpTecnicoExpoApp/node_modules/internal-slot': '/Users/guilhermesilva/.gemini/antigravity/scratch/SgpTecnicoExpoApp/node_modules/.internal-slot-pg7LCK3v',
2940 silly reify   '/Users/guilhermesilva/.gemini/antigravity/scratch/SgpTecnicoExpoApp/node_modules/ip-regex': '/Users/guilhermesilva/.gemini/antigravity/scratch/SgpTecnicoExpoApp/node_modules/.ip-regex-NnHV66OB',
2940 silly reify   '/Users/guilhermesilva/.gemini/antigravity/scratch/SgpTecnicoExpoApp/node_modules/ipaddr.js': '/Users/guilhermesilva/.gemini/antigravity/scratch/SgpTecnicoExpoApp/node_modules/.ipaddr.js-YTAqO1a6',
2940 silly reify   '/Users/guilhermesilva/.gemini/antigravity/scratch/SgpTecnicoExpoApp/node_modules/is-array-buffer': '/Users/guilhermesilva/.gemini/antigravity/scratch/SgpTecnicoExpoApp/node_modules/.is-array-buffer-SlUZCmTK',
2940 silly reify   '/Users/guilhermesilva/.gemini/antigravity/scratch/SgpTecnicoExpoApp/node_modules/is-async-function': '/Users/guilhermesilva/.gemini/antigravity/scratch/SgpTecnicoExpoApp/node_modules/.is-async-function-xJilKNVp',
2940 silly reify   '/Users/guilhermesilva/.gemini/antigravity/scratch/SgpTecnicoExpoApp/node_modules/is-bigint': '/Users/guilhermesilva/.gemini/antigravity/scratch/SgpTecnicoExpoApp/node_modules/.is-bigint-ZAqYYqqR',
2940 silly reify   '/Users/guilhermesilva/.gemini/antigravity/scratch/SgpTecnicoExpoApp/node_modules/is-boolean-object': '/Users/guilhermesilva/.gemini/antigravity/scratch/SgpTecnicoExpoApp/node_modules/.is-boolean-object-VzlliIcB',
2940 silly reify   '/Users/guilhermesilva/.gemini/antigravity/scratch/SgpTecnicoExpoApp/node_modules/is-buffer': '/Users/guilhermesilva/.gemini/antigravity/scratch/SgpTecnicoExpoApp/node_modules/.is-buffer-lAeBVHbe',
2940 silly reify   '/Users/guilhermesilva/.gemini/antigravity/scratch/SgpTecnicoExpoApp/node_modules/is-callable': '/Users/guilhermesilva/.gemini/antigravity/scratch/SgpTecnicoExpoApp/node_modules/.is-callable-UoAgNjm0',
2940 silly reify   '/Users/guilhermesilva/.gemini/antigravity/scratch/SgpTecnicoExpoApp/node_modules/is-data-view': '/Users/guilhermesilva/.gemini/antigravity/scratch/SgpTecnicoExpoApp/node_modules/.is-data-view-P48kZ5sF',
2940 silly reify   '/Users/guilhermesilva/.gemini/antigravity/scratch/SgpTecnicoExpoApp/node_modules/is-date-object': '/Users/guilhermesilva/.gemini/antigravity/scratch/SgpTecnicoExpoApp/node_modules/.is-date-object-srad8e72',
2940 silly reify   '/Users/guilhermesilva/.gemini/antigravity/scratch/SgpTecnicoExpoApp/node_modules/is-document.all': '/Users/guilhermesilva/.gemini/antigravity/scratch/SgpTecnicoExpoApp/node_modules/.is-document.all-9egL04RS',
2940 silly reify   '/Users/guilhermesilva/.gemini/antigravity/scratch/SgpTecnicoExpoApp/node_modules/is-extglob': '/Users/guilhermesilva/.gemini/antigravity/scratch/SgpTecnicoExpoApp/node_modules/.is-extglob-ZXDs5v2h',
2940 silly reify   '/Users/guilhermesilva/.gemini/antigravity/scratch/SgpTecnicoExpoApp/node_modules/is-finalizationregistry': '/Users/guilhermesilva/.gemini/antigravity/scratch/SgpTecnicoExpoApp/node_modules/.is-finalizationregistry-o3cJEvDh',
2940 silly reify   '/Users/guilhermesilva/.gemini/antigravity/scratch/SgpTecnicoExpoApp/node_modules/is-fullwidth-code-point': '/Users/guilhermesilva/.gemini/antigravity/scratch/SgpTecnicoExpoApp/node_modules/.is-fullwidth-code-point-lSg181SV',
2940 silly reify   '/Users/guilhermesilva/.gemini/antigravity/scratch/SgpTecnicoExpoApp/node_modules/is-generator-function': '/Users/guilhermesilva/.gemini/antigravity/scratch/SgpTecnicoExpoApp/node_modules/.is-generator-function-swvnOkX4',
2940 silly reify   '/Users/guilhermesilva/.gemini/antigravity/scratch/SgpTecnicoExpoApp/node_modules/is-glob': '/Users/guilhermesilva/.gemini/antigravity/scratch/SgpTecnicoExpoApp/node_modules/.is-glob-iWP6MjGx',
2940 silly reify   '/Users/guilhermesilva/.gemini/antigravity/scratch/SgpTecnicoExpoApp/node_modules/is-interactive': '/Users/guilhermesilva/.gemini/antigravity/scratch/SgpTecnicoExpoApp/node_modules/.is-interactive-njE5aiWM',
2940 silly reify   '/Users/guilhermesilva/.gemini/antigravity/scratch/SgpTecnicoExpoApp/node_modules/is-invalid-path': '/Users/guilhermesilva/.gemini/antigravity/scratch/SgpTecnicoExpoApp/node_modules/.is-invalid-path-WvarJ7jL',
2940 silly reify   '/Users/guilhermesilva/.gemini/antigravity/scratch/SgpTecnicoExpoApp/node_modules/is-map': '/Users/guilhermesilva/.gemini/antigravity/scratch/SgpTecnicoExpoApp/node_modules/.is-map-9YQbRSBy',
2940 silly reify   '/Users/guilhermesilva/.gemini/antigravity/scratch/SgpTecnicoExpoApp/node_modules/is-negative-zero': '/Users/guilhermesilva/.gemini/antigravity/scratch/SgpTecnicoExpoApp/node_modules/.is-negative-zero-2CKVHD3O',
2940 silly reify   '/Users/guilhermesilva/.gemini/antigravity/scratch/SgpTecnicoExpoApp/node_modules/is-number-object': '/Users/guilhermesilva/.gemini/antigravity/scratch/SgpTecnicoExpoApp/node_modules/.is-number-object-syvvR6a6',
2940 silly reify   '/Users/guilhermesilva/.gemini/antigravity/scratch/SgpTecnicoExpoApp/node_modules/is-path-cwd': '/Users/guilhermesilva/.gemini/antigravity/scratch/SgpTecnicoExpoApp/node_modules/.is-path-cwd-ZkrcmLwd',
2940 silly reify   '/Users/guilhermesilva/.gemini/antigravity/scratch/SgpTecnicoExpoApp/node_modules/is-path-inside': '/Users/guilhermesilva/.gemini/antigravity/scratch/SgpTecnicoExpoApp/node_modules/.is-path-inside-3UeMdChw',
2940 silly reify   '/Users/guilhermesilva/.gemini/antigravity/scratch/SgpTecnicoExpoApp/node_modules/is-plain-object': '/Users/guilhermesilva/.gemini/antigravity/scratch/SgpTecnicoExpoApp/node_modules/.is-plain-object-jbLA9yNM',
2940 silly reify   '/Users/guilhermesilva/.gemini/antigravity/scratch/SgpTecnicoExpoApp/node_modules/is-regex': '/Users/guilhermesilva/.gemini/antigravity/scratch/SgpTecnicoExpoApp/node_modules/.is-regex-mC4AUyib',
2940 silly reify   '/Users/guilhermesilva/.gemini/antigravity/scratch/SgpTecnicoExpoApp/node_modules/is-set': '/Users/guilhermesilva/.gemini/antigravity/scratch/SgpTecnicoExpoApp/node_modules/.is-set-dR20lXUn',
2940 silly reify   '/Users/guilhermesilva/.gemini/antigravity/scratch/SgpTecnicoExpoApp/node_modules/is-shared-array-buffer': '/Users/guilhermesilva/.gemini/antigravity/scratch/SgpTecnicoExpoApp/node_modules/.is-shared-array-buffer-He0tt6ZW',
2940 silly reify   '/Users/guilhermesilva/.gemini/antigravity/scratch/SgpTecnicoExpoApp/node_modules/is-stream': '/Users/guilhermesilva/.gemini/antigravity/scratch/SgpTecnicoExpoApp/node_modules/.is-stream-67rMCP8r',
2940 silly reify   '/Users/guilhermesilva/.gemini/antigravity/scratch/SgpTecnicoExpoApp/node_modules/is-string': '/Users/guilhermesilva/.gemini/antigravity/scratch/SgpTecnicoExpoApp/node_modules/.is-string-fTcrSzB5',
2940 silly reify   '/Users/guilhermesilva/.gemini/antigravity/scratch/SgpTecnicoExpoApp/node_modules/is-symbol': '/Users/guilhermesilva/.gemini/antigravity/scratch/SgpTecnicoExpoApp/node_modules/.is-symbol-bij6FKiE',
2940 silly reify   '/Users/guilhermesilva/.gemini/antigravity/scratch/SgpTecnicoExpoApp/node_modules/is-typed-array': '/Users/guilhermesilva/.gemini/antigravity/scratch/SgpTecnicoExpoApp/node_modules/.is-typed-array-qCeCtHkF',
2940 silly reify   '/Users/guilhermesilva/.gemini/antigravity/scratch/SgpTecnicoExpoApp/node_modules/is-unicode-supported': '/Users/guilhermesilva/.gemini/antigravity/scratch/SgpTecnicoExpoApp/node_modules/.is-unicode-supported-JVD8P04U',
2940 silly reify   '/Users/guilhermesilva/.gemini/antigravity/scratch/SgpTecnicoExpoApp/node_modules/is-valid-path': '/Users/guilhermesilva/.gemini/antigravity/scratch/SgpTecnicoExpoApp/node_modules/.is-valid-path-zHUG6mQy',
2940 silly reify   '/Users/guilhermesilva/.gemini/antigravity/scratch/SgpTecnicoExpoApp/node_modules/is-weakmap': '/Users/guilhermesilva/.gemini/antigravity/scratch/SgpTecnicoExpoApp/node_modules/.is-weakmap-QIV9aSpb',
2940 silly reify   '/Users/guilhermesilva/.gemini/antigravity/scratch/SgpTecnicoExpoApp/node_modules/is-weakref': '/Users/guilhermesilva/.gemini/antigravity/scratch/SgpTecnicoExpoApp/node_modules/.is-weakref-kztoP5xr',
2940 silly reify   '/Users/guilhermesilva/.gemini/antigravity/scratch/SgpTecnicoExpoApp/node_modules/is-weakset': '/Users/guilhermesilva/.gemini/antigravity/scratch/SgpTecnicoExpoApp/node_modules/.is-weakset-BLaMWfDT',
2940 silly reify   '/Users/guilhermesilva/.gemini/antigravity/scratch/SgpTecnicoExpoApp/node_modules/isarray': '/Users/guilhermesilva/.gemini/antigravity/scratch/SgpTecnicoExpoApp/node_modules/.isarray-vOUYqUMD',
2940 silly reify   '/Users/guilhermesilva/.gemini/antigravity/scratch/SgpTecnicoExpoApp/node_modules/isobject': '/Users/guilhermesilva/.gemini/antigravity/scratch/SgpTecnicoExpoApp/node_modules/.isobject-8eftg1oj',
2940 silly reify   '/Users/guilhermesilva/.gemini/antigravity/scratch/SgpTecnicoExpoApp/node_modules/jest-environment-node/node_modules/@jest/types': '/Users/guilhermesilva/.gemini/antigravity/scratch/SgpTecnicoExpoApp/node_modules/jest-environment-node/node_modules/@jest/.types-eUa8Q2Li',
2940 silly reify   '/Users/guilhermesilva/.gemini/antigravity/scratch/SgpTecnicoExpoApp/node_modules/jest-environment-node/node_modules/@types/istanbul-reports': '/Users/guilhermesilva/.gemini/antigravity/scratch/SgpTecnicoExpoApp/node_modules/jest-environment-node/node_modules/@types/.istanbul-reports-zVGojbqF',
2940 silly reify   '/Users/guilhermesilva/.gemini/antigravity/scratch/SgpTecnicoExpoApp/node_modules/jest-environment-node/node_modules/@types/yargs': '/Users/guilhermesilva/.gemini/antigravity/scratch/SgpTecnicoExpoApp/node_modules/jest-environment-node/node_modules/@types/.yargs-ax4i4fvF',
2940 silly reify   '/Users/guilhermesilva/.gemini/antigravity/scratch/SgpTecnicoExpoApp/node_modules/jest-message-util/node_modules/@jest/types': '/Users/guilhermesilva/.gemini/antigravity/scratch/SgpTecnicoExpoApp/node_modules/jest-message-util/node_modules/@jest/.types-I9C2tVD9',
2940 silly reify   '/Users/guilhermesilva/.gemini/antigravity/scratch/SgpTecnicoExpoApp/node_modules/jest-message-util/node_modules/@types/istanbul-reports': '/Users/guilhermesilva/.gemini/antigravity/scratch/SgpTecnicoExpoApp/node_modules/jest-message-util/node_modules/@types/.istanbul-reports-0YoCvKlZ',
2940 silly reify   '/Users/guilhermesilva/.gemini/antigravity/scratch/SgpTecnicoExpoApp/node_modules/jest-message-util/node_modules/@types/yargs': '/Users/guilhermesilva/.gemini/antigravity/scratch/SgpTecnicoExpoApp/node_modules/jest-message-util/node_modules/@types/.yargs-wLBsORqI',
2940 silly reify   '/Users/guilhermesilva/.gemini/antigravity/scratch/SgpTecnicoExpoApp/node_modules/jest-message-util/node_modules/ansi-styles': '/Users/guilhermesilva/.gemini/antigravity/scratch/SgpTecnicoExpoApp/node_modules/jest-message-util/node_modules/.ansi-styles-aZemgNSZ',
2940 silly reify   '/Users/guilhermesilva/.gemini/antigravity/scratch/SgpTecnicoExpoApp/node_modules/jest-message-util/node_modules/pretty-format': '/Users/guilhermesilva/.gemini/antigravity/scratch/SgpTecnicoExpoApp/node_modules/jest-message-util/node_modules/.pretty-format-VupkXjSC',
2940 silly reify   '/Users/guilhermesilva/.gemini/antigravity/scratch/SgpTecnicoExpoApp/node_modules/jest-message-util/node_modules/react-is': '/Users/guilhermesilva/.gemini/antigravity/scratch/SgpTecnicoExpoApp/node_modules/jest-message-util/node_modules/.react-is-H1Q2j7iY',
2940 silly reify   '/Users/guilhermesilva/.gemini/antigravity/scratch/SgpTecnicoExpoApp/node_modules/jest-mock/node_modules/@jest/types': '/Users/guilhermesilva/.gemini/antigravity/scratch/SgpTecnicoExpoApp/node_modules/jest-mock/node_modules/@jest/.types-lUZD2df0',
2940 silly reify   '/Users/guilhermesilva/.gemini/antigravity/scratch/SgpTecnicoExpoApp/node_modules/jest-mock/node_modules/@types/istanbul-reports': '/Users/guilhermesilva/.gemini/antigravity/scratch/SgpTecnicoExpoApp/node_modules/jest-mock/node_modules/@types/.istanbul-reports-CXpx2k0Y',
2940 silly reify   '/Users/guilhermesilva/.gemini/antigravity/scratch/SgpTecnicoExpoApp/node_modules/jest-mock/node_modules/@types/yargs': '/Users/guilhermesilva/.gemini/antigravity/scratch/SgpTecnicoExpoApp/node_modules/jest-mock/node_modules/@types/.yargs-dXgy6V6G',
2940 silly reify   '/Users/guilhermesilva/.gemini/antigravity/scratch/SgpTecnicoExpoApp/node_modules/jest-util/node_modules/@jest/types': '/Users/guilhermesilva/.gemini/antigravity/scratch/SgpTecnicoExpoApp/node_modules/jest-util/node_modules/@jest/.types-AJSy9VJ9',
2940 silly reify   '/Users/guilhermesilva/.gemini/antigravity/scratch/SgpTecnicoExpoApp/node_modules/jest-util/node_modules/@types/istanbul-reports': '/Users/guilhermesilva/.gemini/antigravity/scratch/SgpTecnicoExpoApp/node_modules/jest-util/node_modules/@types/.istanbul-reports-bFTNxER0',
2940 silly reify   '/Users/guilhermesilva/.gemini/antigravity/scratch/SgpTecnicoExpoApp/node_modules/jest-util/node_modules/@types/yargs': '/Users/guilhermesilva/.gemini/antigravity/scratch/SgpTecnicoExpoApp/node_modules/jest-util/node_modules/@types/.yargs-IxcWq9mI',
2940 silly reify   '/Users/guilhermesilva/.gemini/antigravity/scratch/SgpTecnicoExpoApp/node_modules/jest-validate/node_modules/@jest/types': '/Users/guilhermesilva/.gemini/antigravity/scratch/SgpTecnicoExpoApp/node_modules/jest-validate/node_modules/@jest/.types-3IObeRlP',
2940 silly reify   '/Users/guilhermesilva/.gemini/antigravity/scratch/SgpTecnicoExpoApp/node_modules/jest-validate/node_modules/@types/istanbul-reports': '/Users/guilhermesilva/.gemini/antigravity/scratch/SgpTecnicoExpoApp/node_modules/jest-validate/node_modules/@types/.istanbul-reports-7Pcm0eIL',
2940 silly reify   '/Users/guilhermesilva/.gemini/antigravity/scratch/SgpTecnicoExpoApp/node_modules/jest-validate/node_modules/@types/yargs': '/Users/guilhermesilva/.gemini/antigravity/scratch/SgpTecnicoExpoApp/node_modules/jest-validate/node_modules/@types/.yargs-JhICdqd0',
2940 silly reify   '/Users/guilhermesilva/.gemini/antigravity/scratch/SgpTecnicoExpoApp/node_modules/jest-validate/node_modules/ansi-styles': '/Users/guilhermesilva/.gemini/antigravity/scratch/SgpTecnicoExpoApp/node_modules/jest-validate/node_modules/.ansi-styles-RDmYJigZ',
2940 silly reify   '/Users/guilhermesilva/.gemini/antigravity/scratch/SgpTecnicoExpoApp/node_modules/jest-validate/node_modules/pretty-format': '/Users/guilhermesilva/.gemini/antigravity/scratch/SgpTecnicoExpoApp/node_modules/jest-validate/node_modules/.pretty-format-Pkt70Zcj',
2940 silly reify   '/Users/guilhermesilva/.gemini/antigravity/scratch/SgpTecnicoExpoApp/node_modules/jest-validate/node_modules/react-is': '/Users/guilhermesilva/.gemini/antigravity/scratch/SgpTecnicoExpoApp/node_modules/jest-validate/node_modules/.react-is-RUVgzhWE',
2940 silly reify   '/Users/guilhermesilva/.gemini/antigravity/scratch/SgpTecnicoExpoApp/node_modules/joi': '/Users/guilhermesilva/.gemini/antigravity/scratch/SgpTecnicoExpoApp/node_modules/.joi-egxFAEub',
2940 silly reify   '/Users/guilhermesilva/.gemini/antigravity/scratch/SgpTecnicoExpoApp/node_modules/join-component': '/Users/guilhermesilva/.gemini/antigravity/scratch/SgpTecnicoExpoApp/node_modules/.join-component-njC8mNUS',
2940 silly reify   '/Users/guilhermesilva/.gemini/antigravity/scratch/SgpTecnicoExpoApp/node_modules/js-yaml': '/Users/guilhermesilva/.gemini/antigravity/scratch/SgpTecnicoExpoApp/node_modules/.js-yaml-KIRMdtcl',
2940 silly reify   '/Users/guilhermesilva/.gemini/antigravity/scratch/SgpTecnicoExpoApp/node_modules/.bin/js-yaml': '/Users/guilhermesilva/.gemini/antigravity/scratch/SgpTecnicoExpoApp/node_modules/.bin/.js-yaml-rutrBVks',
2940 silly reify   '/Users/guilhermesilva/.gemini/antigravity/scratch/SgpTecnicoExpoApp/node_modules/jsc-android': '/Users/guilhermesilva/.gemini/antigravity/scratch/SgpTecnicoExpoApp/node_modules/.jsc-android-qgz5vN5O',
2940 silly reify   '/Users/guilhermesilva/.gemini/antigravity/scratch/SgpTecnicoExpoApp/node_modules/jscodeshift': '/Users/guilhermesilva/.gemini/antigravity/scratch/SgpTecnicoExpoApp/node_modules/.jscodeshift-khlXeIQW',
2940 silly reify   '/Users/guilhermesilva/.gemini/antigravity/scratch/SgpTecnicoExpoApp/node_modules/.bin/jscodeshift': '/Users/guilhermesilva/.gemini/antigravity/scratch/SgpTecnicoExpoApp/node_modules/.bin/.jscodeshift-AG1F01VM',
2940 silly reify   '/Users/guilhermesilva/.gemini/antigravity/scratch/SgpTecnicoExpoApp/node_modules/json-buffer': '/Users/guilhermesilva/.gemini/antigravity/scratch/SgpTecnicoExpoApp/node_modules/.json-buffer-3BwqXK8T',
2940 silly reify   '/Users/guilhermesilva/.gemini/antigravity/scratch/SgpTecnicoExpoApp/node_modules/json-schema-deref-sync': '/Users/guilhermesilva/.gemini/antigravity/scratch/SgpTecnicoExpoApp/node_modules/.json-schema-deref-sync-P6BesIBf',
2940 silly reify   '/Users/guilhermesilva/.gemini/antigravity/scratch/SgpTecnicoExpoApp/node_modules/jsonfile': '/Users/guilhermesilva/.gemini/antigravity/scratch/SgpTecnicoExpoApp/node_modules/.jsonfile-ZZC2vZyf',
2940 silly reify   '/Users/guilhermesilva/.gemini/antigravity/scratch/SgpTecnicoExpoApp/node_modules/keyv': '/Users/guilhermesilva/.gemini/antigravity/scratch/SgpTecnicoExpoApp/node_modules/.keyv-g4rMxXqE',
2940 silly reify   '/Users/guilhermesilva/.gemini/antigravity/scratch/SgpTecnicoExpoApp/node_modules/kind-of': '/Users/guilhermesilva/.gemini/antigravity/scratch/SgpTecnicoExpoApp/node_modules/.kind-of-xBtMRLXX',
2940 silly reify   '/Users/guilhermesilva/.gemini/antigravity/scratch/SgpTecnicoExpoApp/node_modules/lightningcss': '/Users/guilhermesilva/.gemini/antigravity/scratch/SgpTecnicoExpoApp/node_modules/.lightningcss-JF1Gll6T',
2940 silly reify   '/Users/guilhermesilva/.gemini/antigravity/scratch/SgpTecnicoExpoApp/node_modules/lightningcss-darwin-arm64': '/Users/guilhermesilva/.gemini/antigravity/scratch/SgpTecnicoExpoApp/node_modules/.lightningcss-darwin-arm64-PjxlQe05',
2940 silly reify   '/Users/guilhermesilva/.gemini/antigravity/scratch/SgpTecnicoExpoApp/node_modules/locate-path': '/Users/guilhermesilva/.gemini/antigravity/scratch/SgpTecnicoExpoApp/node_modules/.locate-path-T3chAByJ',
2940 silly reify   '/Users/guilhermesilva/.gemini/antigravity/scratch/SgpTecnicoExpoApp/node_modules/lodash': '/Users/guilhermesilva/.gemini/antigravity/scratch/SgpTecnicoExpoApp/node_modules/.lodash-SZFepOKH',
2940 silly reify   '/Users/guilhermesilva/.gemini/antigravity/scratch/SgpTecnicoExpoApp/node_modules/logkitty': '/Users/guilhermesilva/.gemini/antigravity/scratch/SgpTecnicoExpoApp/node_modules/.logkitty-upgJ9Q50',
2940 silly reify   '/Users/guilhermesilva/.gemini/antigravity/scratch/SgpTecnicoExpoApp/node_modules/.bin/logkitty': '/Users/guilhermesilva/.gemini/antigravity/scratch/SgpTecnicoExpoApp/node_modules/.bin/.logkitty-e7bAGZxO',
2940 silly reify   '/Users/guilhermesilva/.gemini/antigravity/scratch/SgpTecnicoExpoApp/node_modules/lowercase-keys': '/Users/guilhermesilva/.gemini/antigravity/scratch/SgpTecnicoExpoApp/node_modules/.lowercase-keys-x2dQ1jOx',
2940 silly reify   '/Users/guilhermesilva/.gemini/antigravity/scratch/SgpTecnicoExpoApp/node_modules/make-dir': '/Users/guilhermesilva/.gemini/antigravity/scratch/SgpTecnicoExpoApp/node_modules/.make-dir-mZfOZSlF',
2940 silly reify   '/Users/guilhermesilva/.gemini/antigravity/scratch/SgpTecnicoExpoApp/node_modules/md5': '/Users/guilhermesilva/.gemini/antigravity/scratch/SgpTecnicoExpoApp/node_modules/.md5-5zz8csbD',
2940 silly reify   '/Users/guilhermesilva/.gemini/antigravity/scratch/SgpTecnicoExpoApp/node_modules/md5-file': '/Users/guilhermesilva/.gemini/antigravity/scratch/SgpTecnicoExpoApp/node_modules/.md5-file-HWGJHVZR',
2940 silly reify   '/Users/guilhermesilva/.gemini/antigravity/scratch/SgpTecnicoExpoApp/node_modules/.bin/md5-file': '/Users/guilhermesilva/.gemini/antigravity/scratch/SgpTecnicoExpoApp/node_modules/.bin/.md5-file-KzI8Waja',
2940 silly reify   '/Users/guilhermesilva/.gemini/antigravity/scratch/SgpTecnicoExpoApp/node_modules/md5hex': '/Users/guilhermesilva/.gemini/antigravity/scratch/SgpTecnicoExpoApp/node_modules/.md5hex-FitIF9Zl',
2940 silly reify   '/Users/guilhermesilva/.gemini/antigravity/scratch/SgpTecnicoExpoApp/node_modules/memory-cache': '/Users/guilhermesilva/.gemini/antigravity/scratch/SgpTecnicoExpoApp/node_modules/.memory-cache-te4NflIN',
2940 silly reify   '/Users/guilhermesilva/.gemini/antigravity/scratch/SgpTecnicoExpoApp/node_modules/merge2': '/Users/guilhermesilva/.gemini/antigravity/scratch/SgpTecnicoExpoApp/node_modules/.merge2-UgPgMAiD',
2940 silly reify   '/Users/guilhermesilva/.gemini/antigravity/scratch/SgpTecnicoExpoApp/node_modules/metro': '/Users/guilhermesilva/.gemini/antigravity/scratch/SgpTecnicoExpoApp/node_modules/.metro-FAqtahpg',
2940 silly reify   '/Users/guilhermesilva/.gemini/antigravity/scratch/SgpTecnicoExpoApp/node_modules/.bin/metro': '/Users/guilhermesilva/.gemini/antigravity/scratch/SgpTecnicoExpoApp/node_modules/.bin/.metro-NI00rIT6',
2940 silly reify   '/Users/guilhermesilva/.gemini/antigravity/scratch/SgpTecnicoExpoApp/node_modules/metro-babel-transformer': '/Users/guilhermesilva/.gemini/antigravity/scratch/SgpTecnicoExpoApp/node_modules/.metro-babel-transformer-IPBV8Qfo',
2940 silly reify   '/Users/guilhermesilva/.gemini/antigravity/scratch/SgpTecnicoExpoApp/node_modules/metro-cache': '/Users/guilhermesilva/.gemini/antigravity/scratch/SgpTecnicoExpoApp/node_modules/.metro-cache-D0trIFh7',
2940 silly reify   '/Users/guilhermesilva/.gemini/antigravity/scratch/SgpTecnicoExpoApp/node_modules/metro-cache-key': '/Users/guilhermesilva/.gemini/antigravity/scratch/SgpTecnicoExpoApp/node_modules/.metro-cache-key-O4oKKByg',
2940 silly reify   '/Users/guilhermesilva/.gemini/antigravity/scratch/SgpTecnicoExpoApp/node_modules/metro-config': '/Users/guilhermesilva/.gemini/antigravity/scratch/SgpTecnicoExpoApp/node_modules/.metro-config-P2YJISyJ',
2940 silly reify   '/Users/guilhermesilva/.gemini/antigravity/scratch/SgpTecnicoExpoApp/node_modules/metro-core': '/Users/guilhermesilva/.gemini/antigravity/scratch/SgpTecnicoExpoApp/node_modules/.metro-core-Uadww8ui',
2940 silly reify   '/Users/guilhermesilva/.gemini/antigravity/scratch/SgpTecnicoExpoApp/node_modules/metro-file-map': '/Users/guilhermesilva/.gemini/antigravity/scratch/SgpTecnicoExpoApp/node_modules/.metro-file-map-sxPAsnC5',
2940 silly reify   '/Users/guilhermesilva/.gemini/antigravity/scratch/SgpTecnicoExpoApp/node_modules/metro-minify-terser': '/Users/guilhermesilva/.gemini/antigravity/scratch/SgpTecnicoExpoApp/node_modules/.metro-minify-terser-GFpnw9nr',
2940 silly reify   '/Users/guilhermesilva/.gemini/antigravity/scratch/SgpTecnicoExpoApp/node_modules/metro-resolver': '/Users/guilhermesilva/.gemini/antigravity/scratch/SgpTecnicoExpoApp/node_modules/.metro-resolver-4HpW3mil',
2940 silly reify   '/Users/guilhermesilva/.gemini/antigravity/scratch/SgpTecnicoExpoApp/node_modules/metro-runtime': '/Users/guilhermesilva/.gemini/antigravity/scratch/SgpTecnicoExpoApp/node_modules/.metro-runtime-5XTaneet',
2940 silly reify   '/Users/guilhermesilva/.gemini/antigravity/scratch/SgpTecnicoExpoApp/node_modules/metro-source-map': '/Users/guilhermesilva/.gemini/antigravity/scratch/SgpTecnicoExpoApp/node_modules/.metro-source-map-RdMzFo2j',
2940 silly reify   '/Users/guilhermesilva/.gemini/antigravity/scratch/SgpTecnicoExpoApp/node_modules/metro-symbolicate': '/Users/guilhermesilva/.gemini/antigravity/scratch/SgpTecnicoExpoApp/node_modules/.metro-symbolicate-FK8ibuih',
2940 silly reify   '/Users/guilhermesilva/.gemini/antigravity/scratch/SgpTecnicoExpoApp/node_modules/.bin/metro-symbolicate': '/Users/guilhermesilva/.gemini/antigravity/scratch/SgpTecnicoExpoApp/node_modules/.bin/.metro-symbolicate-zDpBbJdE',
2940 silly reify   '/Users/guilhermesilva/.gemini/antigravity/scratch/SgpTecnicoExpoApp/node_modules/metro-transform-plugins': '/Users/guilhermesilva/.gemini/antigravity/scratch/SgpTecnicoExpoApp/node_modules/.metro-transform-plugins-wUwz7TMo',
2940 silly reify   '/Users/guilhermesilva/.gemini/antigravity/scratch/SgpTecnicoExpoApp/node_modules/metro-transform-worker': '/Users/guilhermesilva/.gemini/antigravity/scratch/SgpTecnicoExpoApp/node_modules/.metro-transform-worker-ZSNwYcvb',
2940 silly reify   '/Users/guilhermesilva/.gemini/antigravity/scratch/SgpTecnicoExpoApp/node_modules/mime': '/Users/guilhermesilva/.gemini/antigravity/scratch/SgpTecnicoExpoApp/node_modules/.mime-s533Qsfe',
2940 silly reify   '/Users/guilhermesilva/.gemini/antigravity/scratch/SgpTecnicoExpoApp/node_modules/.bin/mime': '/Users/guilhermesilva/.gemini/antigravity/scratch/SgpTecnicoExpoApp/node_modules/.bin/.mime-w86LgteV',
2940 silly reify   '/Users/guilhermesilva/.gemini/antigravity/scratch/SgpTecnicoExpoApp/node_modules/mimic-response': '/Users/guilhermesilva/.gemini/antigravity/scratch/SgpTecnicoExpoApp/node_modules/.mimic-response-KxjMBOPU',
2940 silly reify   '/Users/guilhermesilva/.gemini/antigravity/scratch/SgpTecnicoExpoApp/node_modules/minimatch': '/Users/guilhermesilva/.gemini/antigravity/scratch/SgpTecnicoExpoApp/node_modules/.minimatch-kn1c7fgd',
2940 silly reify   '/Users/guilhermesilva/.gemini/antigravity/scratch/SgpTecnicoExpoApp/node_modules/minipass-collect': '/Users/guilhermesilva/.gemini/antigravity/scratch/SgpTecnicoExpoApp/node_modules/.minipass-collect-eteE7JGB',
2940 silly reify   '/Users/guilhermesilva/.gemini/antigravity/scratch/SgpTecnicoExpoApp/node_modules/minipass-flush': '/Users/guilhermesilva/.gemini/antigravity/scratch/SgpTecnicoExpoApp/node_modules/.minipass-flush-gg72Qrhc',
2940 silly reify   '/Users/guilhermesilva/.gemini/antigravity/scratch/SgpTecnicoExpoApp/node_modules/minipass-pipeline': '/Users/guilhermesilva/.gemini/antigravity/scratch/SgpTecnicoExpoApp/node_modules/.minipass-pipeline-nzbv8bj2',
2940 silly reify   '/Users/guilhermesilva/.gemini/antigravity/scratch/SgpTecnicoExpoApp/node_modules/minizlib': '/Users/guilhermesilva/.gemini/antigravity/scratch/SgpTecnicoExpoApp/node_modules/.minizlib-OGasc9n7',
2940 silly reify   '/Users/guilhermesilva/.gemini/antigravity/scratch/SgpTecnicoExpoApp/node_modules/neo-async': '/Users/guilhermesilva/.gemini/antigravity/scratch/SgpTecnicoExpoApp/node_modules/.neo-async-sBCWZJYD',
2940 silly reify   '/Users/guilhermesilva/.gemini/antigravity/scratch/SgpTecnicoExpoApp/node_modules/nice-try': '/Users/guilhermesilva/.gemini/antigravity/scratch/SgpTecnicoExpoApp/node_modules/.nice-try-3BLNJQhy',
2940 silly reify   '/Users/guilhermesilva/.gemini/antigravity/scratch/SgpTecnicoExpoApp/node_modules/nocache': '/Users/guilhermesilva/.gemini/antigravity/scratch/SgpTecnicoExpoApp/node_modules/.nocache-UAsbbmWS',
2940 silly reify   '/Users/guilhermesilva/.gemini/antigravity/scratch/SgpTecnicoExpoApp/node_modules/node-abort-controller': '/Users/guilhermesilva/.gemini/antigravity/scratch/SgpTecnicoExpoApp/node_modules/.node-abort-controller-u7XHfDzk',
2940 silly reify   '/Users/guilhermesilva/.gemini/antigravity/scratch/SgpTecnicoExpoApp/node_modules/node-dir': '/Users/guilhermesilva/.gemini/antigravity/scratch/SgpTecnicoExpoApp/node_modules/.node-dir-cIeEjT6c',
2940 silly reify   '/Users/guilhermesilva/.gemini/antigravity/scratch/SgpTecnicoExpoApp/node_modules/node-fetch': '/Users/guilhermesilva/.gemini/antigravity/scratch/SgpTecnicoExpoApp/node_modules/.node-fetch-cPaoWegr',
2940 silly reify   '/Users/guilhermesilva/.gemini/antigravity/scratch/SgpTecnicoExpoApp/node_modules/node-stream-zip': '/Users/guilhermesilva/.gemini/antigravity/scratch/SgpTecnicoExpoApp/node_modules/.node-stream-zip-Mm0o8rbf',
2940 silly reify   '/Users/guilhermesilva/.gemini/antigravity/scratch/SgpTecnicoExpoApp/node_modules/normalize-url': '/Users/guilhermesilva/.gemini/antigravity/scratch/SgpTecnicoExpoApp/node_modules/.normalize-url-8pnPqVX7',
2940 silly reify   '/Users/guilhermesilva/.gemini/antigravity/scratch/SgpTecnicoExpoApp/node_modules/npm-package-arg': '/Users/guilhermesilva/.gemini/antigravity/scratch/SgpTecnicoExpoApp/node_modules/.npm-package-arg-XDnOJQfM',
2940 silly reify   '/Users/guilhermesilva/.gemini/antigravity/scratch/SgpTecnicoExpoApp/node_modules/npm-run-path': '/Users/guilhermesilva/.gemini/antigravity/scratch/SgpTecnicoExpoApp/node_modules/.npm-run-path-GUvX6WnM',
2940 silly reify   '/Users/guilhermesilva/.gemini/antigravity/scratch/SgpTecnicoExpoApp/node_modules/ob1': '/Users/guilhermesilva/.gemini/antigravity/scratch/SgpTecnicoExpoApp/node_modules/.ob1-HYyOVxev',
2940 silly reify   '/Users/guilhermesilva/.gemini/antigravity/scratch/SgpTecnicoExpoApp/node_modules/object-inspect': '/Users/guilhermesilva/.gemini/antigravity/scratch/SgpTecnicoExpoApp/node_modules/.object-inspect-WIlvjnyO',
2940 silly reify   '/Users/guilhermesilva/.gemini/antigravity/scratch/SgpTecnicoExpoApp/node_modules/object-keys': '/Users/guilhermesilva/.gemini/antigravity/scratch/SgpTecnicoExpoApp/node_modules/.object-keys-CdOQmNgs',
2940 silly reify   '/Users/guilhermesilva/.gemini/antigravity/scratch/SgpTecnicoExpoApp/node_modules/object.assign': '/Users/guilhermesilva/.gemini/antigravity/scratch/SgpTecnicoExpoApp/node_modules/.object.assign-NwQ5KLN2',
2940 silly reify   '/Users/guilhermesilva/.gemini/antigravity/scratch/SgpTecnicoExpoApp/node_modules/open': '/Users/guilhermesilva/.gemini/antigravity/scratch/SgpTecnicoExpoApp/node_modules/.open-pdwkfFnw',
2940 silly reify   '/Users/guilhermesilva/.gemini/antigravity/scratch/SgpTecnicoExpoApp/node_modules/os-homedir': '/Users/guilhermesilva/.gemini/antigravity/scratch/SgpTecnicoExpoApp/node_modules/.os-homedir-pjSg8YzQ',
2940 silly reify   '/Users/guilhermesilva/.gemini/antigravity/scratch/SgpTecnicoExpoApp/node_modules/os-tmpdir': '/Users/guilhermesilva/.gemini/antigravity/scratch/SgpTecnicoExpoApp/node_modules/.os-tmpdir-g0OQELyS',
2940 silly reify   '/Users/guilhermesilva/.gemini/antigravity/scratch/SgpTecnicoExpoApp/node_modules/osenv': '/Users/guilhermesilva/.gemini/antigravity/scratch/SgpTecnicoExpoApp/node_modules/.osenv-Gd0Y5Y92',
2940 silly reify   '/Users/guilhermesilva/.gemini/antigravity/scratch/SgpTecnicoExpoApp/node_modules/own-keys': '/Users/guilhermesilva/.gemini/antigravity/scratch/SgpTecnicoExpoApp/node_modules/.own-keys-06qIDlLz',
2940 silly reify   '/Users/guilhermesilva/.gemini/antigravity/scratch/SgpTecnicoExpoApp/node_modules/p-cancelable': '/Users/guilhermesilva/.gemini/antigravity/scratch/SgpTecnicoExpoApp/node_modules/.p-cancelable-YPolPFvO',
2940 silly reify   '/Users/guilhermesilva/.gemini/antigravity/scratch/SgpTecnicoExpoApp/node_modules/p-finally': '/Users/guilhermesilva/.gemini/antigravity/scratch/SgpTecnicoExpoApp/node_modules/.p-finally-k2VI6YgD',
2940 silly reify   '/Users/guilhermesilva/.gemini/antigravity/scratch/SgpTecnicoExpoApp/node_modules/p-locate': '/Users/guilhermesilva/.gemini/antigravity/scratch/SgpTecnicoExpoApp/node_modules/.p-locate-bh0bBVhT',
2940 silly reify   '/Users/guilhermesilva/.gemini/antigravity/scratch/SgpTecnicoExpoApp/node_modules/p-map': '/Users/guilhermesilva/.gemini/antigravity/scratch/SgpTecnicoExpoApp/node_modules/.p-map-Qp16efGR',
2940 silly reify   '/Users/guilhermesilva/.gemini/antigravity/scratch/SgpTecnicoExpoApp/node_modules/path-scurry': '/Users/guilhermesilva/.gemini/antigravity/scratch/SgpTecnicoExpoApp/node_modules/.path-scurry-VWayI3Lp',
2940 silly reify   '/Users/guilhermesilva/.gemini/antigravity/scratch/SgpTecnicoExpoApp/node_modules/path-type': '/Users/guilhermesilva/.gemini/antigravity/scratch/SgpTecnicoExpoApp/node_modules/.path-type-4tgGEoU0',
2940 silly reify   '/Users/guilhermesilva/.gemini/antigravity/scratch/SgpTecnicoExpoApp/node_modules/picomatch': '/Users/guilhermesilva/.gemini/antigravity/scratch/SgpTecnicoExpoApp/node_modules/.picomatch-BFHat016',
2940 silly reify   '/Users/guilhermesilva/.gemini/antigravity/scratch/SgpTecnicoExpoApp/node_modules/pify': '/Users/guilhermesilva/.gemini/antigravity/scratch/SgpTecnicoExpoApp/node_modules/.pify-i8oGFgMT',
2940 silly reify   '/Users/guilhermesilva/.gemini/antigravity/scratch/SgpTecnicoExpoApp/node_modules/pkg-dir': '/Users/guilhermesilva/.gemini/antigravity/scratch/SgpTecnicoExpoApp/node_modules/.pkg-dir-KSVbKkyJ',
2940 silly reify   '/Users/guilhermesilva/.gemini/antigravity/scratch/SgpTecnicoExpoApp/node_modules/plist/node_modules/xmlbuilder': '/Users/guilhermesilva/.gemini/antigravity/scratch/SgpTecnicoExpoApp/node_modules/plist/node_modules/.xmlbuilder-hFMHd25G',
2940 silly reify   '/Users/guilhermesilva/.gemini/antigravity/scratch/SgpTecnicoExpoApp/node_modules/possible-typed-array-names': '/Users/guilhermesilva/.gemini/antigravity/scratch/SgpTecnicoExpoApp/node_modules/.possible-typed-array-names-o3SnprJ2',
2940 silly reify   '/Users/guilhermesilva/.gemini/antigravity/scratch/SgpTecnicoExpoApp/node_modules/pretty-format': '/Users/guilhermesilva/.gemini/antigravity/scratch/SgpTecnicoExpoApp/node_modules/.pretty-format-Y4nP7nqv',
2940 silly reify   '/Users/guilhermesilva/.gemini/antigravity/scratch/SgpTecnicoExpoApp/node_modules/process-nextick-args': '/Users/guilhermesilva/.gemini/antigravity/scratch/SgpTecnicoExpoApp/node_modules/.process-nextick-args-MemCAOVV',
2940 silly reify   '/Users/guilhermesilva/.gemini/antigravity/scratch/SgpTecnicoExpoApp/node_modules/promise': '/Users/guilhermesilva/.gemini/antigravity/scratch/SgpTecnicoExpoApp/node_modules/.promise-aLTLbxqQ',
2940 silly reify   '/Users/guilhermesilva/.gemini/antigravity/scratch/SgpTecnicoExpoApp/node_modules/pump': '/Users/guilhermesilva/.gemini/antigravity/scratch/SgpTecnicoExpoApp/node_modules/.pump-4WudDB19',
2940 silly reify   '/Users/guilhermesilva/.gemini/antigravity/scratch/SgpTecnicoExpoApp/node_modules/querystring': '/Users/guilhermesilva/.gemini/antigravity/scratch/SgpTecnicoExpoApp/node_modules/.querystring-fN6j8haE',
2940 silly reify   '/Users/guilhermesilva/.gemini/antigravity/scratch/SgpTecnicoExpoApp/node_modules/queue-microtask': '/Users/guilhermesilva/.gemini/antigravity/scratch/SgpTecnicoExpoApp/node_modules/.queue-microtask-U60C1JFh',
2940 silly reify   '/Users/guilhermesilva/.gemini/antigravity/scratch/SgpTecnicoExpoApp/node_modules/quick-lru': '/Users/guilhermesilva/.gemini/antigravity/scratch/SgpTecnicoExpoApp/node_modules/.quick-lru-MTQFRw4p',
2940 silly reify   '/Users/guilhermesilva/.gemini/antigravity/scratch/SgpTecnicoExpoApp/node_modules/react': '/Users/guilhermesilva/.gemini/antigravity/scratch/SgpTecnicoExpoApp/node_modules/.react-fs3s1sBO',
2940 silly reify   '/Users/guilhermesilva/.gemini/antigravity/scratch/SgpTecnicoExpoApp/node_modules/react-devtools-core': '/Users/guilhermesilva/.gemini/antigravity/scratch/SgpTecnicoExpoApp/node_modules/.react-devtools-core-xnBbCg40',
2940 silly reify   '/Users/guilhermesilva/.gemini/antigravity/scratch/SgpTecnicoExpoApp/node_modules/react-native': '/Users/guilhermesilva/.gemini/antigravity/scratch/SgpTecnicoExpoApp/node_modules/.react-native-JD7lPeIs',
2940 silly reify   '/Users/guilhermesilva/.gemini/antigravity/scratch/SgpTecnicoExpoApp/node_modules/.bin/react-native': '/Users/guilhermesilva/.gemini/antigravity/scratch/SgpTecnicoExpoApp/node_modules/.bin/.react-native-GHV3Ozcz',
2940 silly reify   '/Users/guilhermesilva/.gemini/antigravity/scratch/SgpTecnicoExpoApp/node_modules/react-native-safe-area-context': '/Users/guilhermesilva/.gemini/antigravity/scratch/SgpTecnicoExpoApp/node_modules/.react-native-safe-area-context-e65tt0XK',
2940 silly reify   '/Users/guilhermesilva/.gemini/antigravity/scratch/SgpTecnicoExpoApp/node_modules/react-native-screens': '/Users/guilhermesilva/.gemini/antigravity/scratch/SgpTecnicoExpoApp/node_modules/.react-native-screens-3zUQoRkl',
2940 silly reify   '/Users/guilhermesilva/.gemini/antigravity/scratch/SgpTecnicoExpoApp/node_modules/react-native-svg': '/Users/guilhermesilva/.gemini/antigravity/scratch/SgpTecnicoExpoApp/node_modules/.react-native-svg-uC5sHpq0',
2940 silly reify   '/Users/guilhermesilva/.gemini/antigravity/scratch/SgpTecnicoExpoApp/node_modules/react-shallow-renderer': '/Users/guilhermesilva/.gemini/antigravity/scratch/SgpTecnicoExpoApp/node_modules/.react-shallow-renderer-hnaVBlNv',
2940 silly reify   '/Users/guilhermesilva/.gemini/antigravity/scratch/SgpTecnicoExpoApp/node_modules/readable-stream': '/Users/guilhermesilva/.gemini/antigravity/scratch/SgpTecnicoExpoApp/node_modules/.readable-stream-Wb0axZV9',
2940 silly reify   '/Users/guilhermesilva/.gemini/antigravity/scratch/SgpTecnicoExpoApp/node_modules/readline': '/Users/guilhermesilva/.gemini/antigravity/scratch/SgpTecnicoExpoApp/node_modules/.readline-4YeWzLC0',
2940 silly reify   '/Users/guilhermesilva/.gemini/antigravity/scratch/SgpTecnicoExpoApp/node_modules/recast': '/Users/guilhermesilva/.gemini/antigravity/scratch/SgpTecnicoExpoApp/node_modules/.recast-zLRlcuI1',
2940 silly reify   '/Users/guilhermesilva/.gemini/antigravity/scratch/SgpTecnicoExpoApp/node_modules/reflect.getprototypeof': '/Users/guilhermesilva/.gemini/antigravity/scratch/SgpTecnicoExpoApp/node_modules/.reflect.getprototypeof-215Xya9w',
2940 silly reify   '/Users/guilhermesilva/.gemini/antigravity/scratch/SgpTecnicoExpoApp/node_modules/regexp.prototype.flags': '/Users/guilhermesilva/.gemini/antigravity/scratch/SgpTecnicoExpoApp/node_modules/.regexp.prototype.flags-euHpmAsT',
2940 silly reify   '/Users/guilhermesilva/.gemini/antigravity/scratch/SgpTecnicoExpoApp/node_modules/remove-trailing-slash': '/Users/guilhermesilva/.gemini/antigravity/scratch/SgpTecnicoExpoApp/node_modules/.remove-trailing-slash-4ObXXqIS',
2940 silly reify   '/Users/guilhermesilva/.gemini/antigravity/scratch/SgpTecnicoExpoApp/node_modules/require-main-filename': '/Users/guilhermesilva/.gemini/antigravity/scratch/SgpTecnicoExpoApp/node_modules/.require-main-filename-Uq2WmEAo',
2940 silly reify   '/Users/guilhermesilva/.gemini/antigravity/scratch/SgpTecnicoExpoApp/node_modules/resolve-alpn': '/Users/guilhermesilva/.gemini/antigravity/scratch/SgpTecnicoExpoApp/node_modules/.resolve-alpn-xSBLirMO',
2940 silly reify   '/Users/guilhermesilva/.gemini/antigravity/scratch/SgpTecnicoExpoApp/node_modules/responselike': '/Users/guilhermesilva/.gemini/antigravity/scratch/SgpTecnicoExpoApp/node_modules/.responselike-PyGKSnRN',
2940 silly reify   '/Users/guilhermesilva/.gemini/antigravity/scratch/SgpTecnicoExpoApp/node_modules/reusify': '/Users/guilhermesilva/.gemini/antigravity/scratch/SgpTecnicoExpoApp/node_modules/.reusify-WB7CmJbb',
2940 silly reify   '/Users/guilhermesilva/.gemini/antigravity/scratch/SgpTecnicoExpoApp/node_modules/run-parallel': '/Users/guilhermesilva/.gemini/antigravity/scratch/SgpTecnicoExpoApp/node_modules/.run-parallel-u3vrmkVO',
2940 silly reify   '/Users/guilhermesilva/.gemini/antigravity/scratch/SgpTecnicoExpoApp/node_modules/safe-array-concat': '/Users/guilhermesilva/.gemini/antigravity/scratch/SgpTecnicoExpoApp/node_modules/.safe-array-concat-CVAKkg5Q',
2940 silly reify   '/Users/guilhermesilva/.gemini/antigravity/scratch/SgpTecnicoExpoApp/node_modules/safe-push-apply': '/Users/guilhermesilva/.gemini/antigravity/scratch/SgpTecnicoExpoApp/node_modules/.safe-push-apply-OcdvG8cR',
2940 silly reify   '/Users/guilhermesilva/.gemini/antigravity/scratch/SgpTecnicoExpoApp/node_modules/safe-regex-test': '/Users/guilhermesilva/.gemini/antigravity/scratch/SgpTecnicoExpoApp/node_modules/.safe-regex-test-4JXipvTX',
2940 silly reify   '/Users/guilhermesilva/.gemini/antigravity/scratch/SgpTecnicoExpoApp/node_modules/scheduler': '/Users/guilhermesilva/.gemini/antigravity/scratch/SgpTecnicoExpoApp/node_modules/.scheduler-HaLyt4K4',
2940 silly reify   '/Users/guilhermesilva/.gemini/antigravity/scratch/SgpTecnicoExpoApp/node_modules/selfsigned': '/Users/guilhermesilva/.gemini/antigravity/scratch/SgpTecnicoExpoApp/node_modules/.selfsigned-NxJE6qF2',
2940 silly reify   '/Users/guilhermesilva/.gemini/antigravity/scratch/SgpTecnicoExpoApp/node_modules/send': '/Users/guilhermesilva/.gemini/antigravity/scratch/SgpTecnicoExpoApp/node_modules/.send-vKsL0OeH',
2940 silly reify   '/Users/guilhermesilva/.gemini/antigravity/scratch/SgpTecnicoExpoApp/node_modules/serve-static/node_modules/debug': '/Users/guilhermesilva/.gemini/antigravity/scratch/SgpTecnicoExpoApp/node_modules/serve-static/node_modules/.debug-5S2dEOIJ',
2940 silly reify   '/Users/guilhermesilva/.gemini/antigravity/scratch/SgpTecnicoExpoApp/node_modules/serve-static/node_modules/http-errors': '/Users/guilhermesilva/.gemini/antigravity/scratch/SgpTecnicoExpoApp/node_modules/serve-static/node_modules/.http-errors-jgImAq2u',
2940 silly reify   '/Users/guilhermesilva/.gemini/antigravity/scratch/SgpTecnicoExpoApp/node_modules/serve-static/node_modules/mime': '/Users/guilhermesilva/.gemini/antigravity/scratch/SgpTecnicoExpoApp/node_modules/serve-static/node_modules/.mime-NZSe44m8',
2940 silly reify   '/Users/guilhermesilva/.gemini/antigravity/scratch/SgpTecnicoExpoApp/node_modules/serve-static/node_modules/.bin/mime': '/Users/guilhermesilva/.gemini/antigravity/scratch/SgpTecnicoExpoApp/node_modules/serve-static/node_modules/.bin/.mime-4ZJbTZu1',
2940 silly reify   '/Users/guilhermesilva/.gemini/antigravity/scratch/SgpTecnicoExpoApp/node_modules/serve-static/node_modules/on-finished': '/Users/guilhermesilva/.gemini/antigravity/scratch/SgpTecnicoExpoApp/node_modules/serve-static/node_modules/.on-finished-tZxRLgqT',
2940 silly reify   '/Users/guilhermesilva/.gemini/antigravity/scratch/SgpTecnicoExpoApp/node_modules/serve-static/node_modules/send': '/Users/guilhermesilva/.gemini/antigravity/scratch/SgpTecnicoExpoApp/node_modules/serve-static/node_modules/.send-36hHipky',
2940 silly reify   '/Users/guilhermesilva/.gemini/antigravity/scratch/SgpTecnicoExpoApp/node_modules/serve-static/node_modules/statuses': '/Users/guilhermesilva/.gemini/antigravity/scratch/SgpTecnicoExpoApp/node_modules/serve-static/node_modules/.statuses-NnWe7d0Z',
2940 silly reify   '/Users/guilhermesilva/.gemini/antigravity/scratch/SgpTecnicoExpoApp/node_modules/set-blocking': '/Users/guilhermesilva/.gemini/antigravity/scratch/SgpTecnicoExpoApp/node_modules/.set-blocking-SOW5JV8N',
2940 silly reify   '/Users/guilhermesilva/.gemini/antigravity/scratch/SgpTecnicoExpoApp/node_modules/set-function-length': '/Users/guilhermesilva/.gemini/antigravity/scratch/SgpTecnicoExpoApp/node_modules/.set-function-length-8kdTxLaF',
2940 silly reify   '/Users/guilhermesilva/.gemini/antigravity/scratch/SgpTecnicoExpoApp/node_modules/set-function-name': '/Users/guilhermesilva/.gemini/antigravity/scratch/SgpTecnicoExpoApp/node_modules/.set-function-name-yFfaimak',
2940 silly reify   '/Users/guilhermesilva/.gemini/antigravity/scratch/SgpTecnicoExpoApp/node_modules/set-proto': '/Users/guilhermesilva/.gemini/antigravity/scratch/SgpTecnicoExpoApp/node_modules/.set-proto-kdnF3emH',
2940 silly reify   '/Users/guilhermesilva/.gemini/antigravity/scratch/SgpTecnicoExpoApp/node_modules/setimmediate': '/Users/guilhermesilva/.gemini/antigravity/scratch/SgpTecnicoExpoApp/node_modules/.setimmediate-PvOf4yrJ',
2940 silly reify   '/Users/guilhermesilva/.gemini/antigravity/scratch/SgpTecnicoExpoApp/node_modules/shallow-clone': '/Users/guilhermesilva/.gemini/antigravity/scratch/SgpTecnicoExpoApp/node_modules/.shallow-clone-F1AWNRAL',
2940 silly reify   '/Users/guilhermesilva/.gemini/antigravity/scratch/SgpTecnicoExpoApp/node_modules/side-channel': '/Users/guilhermesilva/.gemini/antigravity/scratch/SgpTecnicoExpoApp/node_modules/.side-channel-H8zzrG9I',
2940 silly reify   '/Users/guilhermesilva/.gemini/antigravity/scratch/SgpTecnicoExpoApp/node_modules/side-channel-list': '/Users/guilhermesilva/.gemini/antigravity/scratch/SgpTecnicoExpoApp/node_modules/.side-channel-list-4yGImRCr',
2940 silly reify   '/Users/guilhermesilva/.gemini/antigravity/scratch/SgpTecnicoExpoApp/node_modules/side-channel-map': '/Users/guilhermesilva/.gemini/antigravity/scratch/SgpTecnicoExpoApp/node_modules/.side-channel-map-ArAnS0Tb',
2940 silly reify   '/Users/guilhermesilva/.gemini/antigravity/scratch/SgpTecnicoExpoApp/node_modules/side-channel-weakmap': '/Users/guilhermesilva/.gemini/antigravity/scratch/SgpTecnicoExpoApp/node_modules/.side-channel-weakmap-rTA4pd0k',
2940 silly reify   '/Users/guilhermesilva/.gemini/antigravity/scratch/SgpTecnicoExpoApp/node_modules/simple-plist/node_modules/bplist-creator': '/Users/guilhermesilva/.gemini/antigravity/scratch/SgpTecnicoExpoApp/node_modules/simple-plist/node_modules/.bplist-creator-yjBO4Ew2',
2940 silly reify   '/Users/guilhermesilva/.gemini/antigravity/scratch/SgpTecnicoExpoApp/node_modules/slice-ansi': '/Users/guilhermesilva/.gemini/antigravity/scratch/SgpTecnicoExpoApp/node_modules/.slice-ansi-groCpGjX',
2940 silly reify   '/Users/guilhermesilva/.gemini/antigravity/scratch/SgpTecnicoExpoApp/node_modules/source-map': '/Users/guilhermesilva/.gemini/antigravity/scratch/SgpTecnicoExpoApp/node_modules/.source-map-npz8vCPb',
2940 silly reify   '/Users/guilhermesilva/.gemini/antigravity/scratch/SgpTecnicoExpoApp/node_modules/ssri': '/Users/guilhermesilva/.gemini/antigravity/scratch/SgpTecnicoExpoApp/node_modules/.ssri-mk61iOAU',
2940 silly reify   '/Users/guilhermesilva/.gemini/antigravity/scratch/SgpTecnicoExpoApp/node_modules/stop-iteration-iterator': '/Users/guilhermesilva/.gemini/antigravity/scratch/SgpTecnicoExpoApp/node_modules/.stop-iteration-iterator-gnKGuApK',
2940 silly reify   '/Users/guilhermesilva/.gemini/antigravity/scratch/SgpTecnicoExpoApp/node_modules/string_decoder': '/Users/guilhermesilva/.gemini/antigravity/scratch/SgpTecnicoExpoApp/node_modules/.string_decoder-bFp9YW3k',
2940 silly reify   '/Users/guilhermesilva/.gemini/antigravity/scratch/SgpTecnicoExpoApp/node_modules/string-width/node_modules/ansi-regex': '/Users/guilhermesilva/.gemini/antigravity/scratch/SgpTecnicoExpoApp/node_modules/string-width/node_modules/.ansi-regex-mHRY1RSj',
2940 silly reify   '/Users/guilhermesilva/.gemini/antigravity/scratch/SgpTecnicoExpoApp/node_modules/string-width/node_modules/is-fullwidth-code-point': '/Users/guilhermesilva/.gemini/antigravity/scratch/SgpTecnicoExpoApp/node_modules/string-width/node_modules/.is-fullwidth-code-point-xxQDTNML',
2940 silly reify   '/Users/guilhermesilva/.gemini/antigravity/scratch/SgpTecnicoExpoApp/node_modules/string-width-cjs/node_modules/ansi-regex': '/Users/guilhermesilva/.gemini/antigravity/scratch/SgpTecnicoExpoApp/node_modules/string-width-cjs/node_modules/.ansi-regex-Czic7IIW',
2940 silly reify   '/Users/guilhermesilva/.gemini/antigravity/scratch/SgpTecnicoExpoApp/node_modules/string-width-cjs/node_modules/is-fullwidth-code-point': '/Users/guilhermesilva/.gemini/antigravity/scratch/SgpTecnicoExpoApp/node_modules/string-width-cjs/node_modules/.is-fullwidth-code-point-68xHooFL',
2940 silly reify   '/Users/guilhermesilva/.gemini/antigravity/scratch/SgpTecnicoExpoApp/node_modules/string.prototype.trim': '/Users/guilhermesilva/.gemini/antigravity/scratch/SgpTecnicoExpoApp/node_modules/.string.prototype.trim-daLOkLse',
2940 silly reify   '/Users/guilhermesilva/.gemini/antigravity/scratch/SgpTecnicoExpoApp/node_modules/string.prototype.trimend': '/Users/guilhermesilva/.gemini/antigravity/scratch/SgpTecnicoExpoApp/node_modules/.string.prototype.trimend-1EPYjxIE',
2940 silly reify   '/Users/guilhermesilva/.gemini/antigravity/scratch/SgpTecnicoExpoApp/node_modules/string.prototype.trimstart': '/Users/guilhermesilva/.gemini/antigravity/scratch/SgpTecnicoExpoApp/node_modules/.string.prototype.trimstart-jVXCKP1T',
2940 silly reify   '/Users/guilhermesilva/.gemini/antigravity/scratch/SgpTecnicoExpoApp/node_modules/strip-ansi-cjs/node_modules/ansi-regex': '/Users/guilhermesilva/.gemini/antigravity/scratch/SgpTecnicoExpoApp/node_modules/strip-ansi-cjs/node_modules/.ansi-regex-ei5ehvQu',
2940 silly reify   '/Users/guilhermesilva/.gemini/antigravity/scratch/SgpTecnicoExpoApp/node_modules/strip-eof': '/Users/guilhermesilva/.gemini/antigravity/scratch/SgpTecnicoExpoApp/node_modules/.strip-eof-IJlewKYi',
2940 silly reify   '/Users/guilhermesilva/.gemini/antigravity/scratch/SgpTecnicoExpoApp/node_modules/strip-final-newline': '/Users/guilhermesilva/.gemini/antigravity/scratch/SgpTecnicoExpoApp/node_modules/.strip-final-newline-UmcU0qR9',
2940 silly reify   '/Users/guilhermesilva/.gemini/antigravity/scratch/SgpTecnicoExpoApp/node_modules/strnum': '/Users/guilhermesilva/.gemini/antigravity/scratch/SgpTecnicoExpoApp/node_modules/.strnum-8FTINIEL',
2940 silly reify   '/Users/guilhermesilva/.gemini/antigravity/scratch/SgpTecnicoExpoApp/node_modules/sucrase': '/Users/guilhermesilva/.gemini/antigravity/scratch/SgpTecnicoExpoApp/node_modules/.sucrase-RsxqaJlE',
2940 silly reify   '/Users/guilhermesilva/.gemini/antigravity/scratch/SgpTecnicoExpoApp/node_modules/.bin/sucrase': '/Users/guilhermesilva/.gemini/antigravity/scratch/SgpTecnicoExpoApp/node_modules/.bin/.sucrase-HA9MUvcK',
2940 silly reify   '/Users/guilhermesilva/.gemini/antigravity/scratch/SgpTecnicoExpoApp/node_modules/.bin/sucrase-node': '/Users/guilhermesilva/.gemini/antigravity/scratch/SgpTecnicoExpoApp/node_modules/.bin/.sucrase-node-6rFkJW1i',
2940 silly reify   '/Users/guilhermesilva/.gemini/antigravity/scratch/SgpTecnicoExpoApp/node_modules/sudo-prompt': '/Users/guilhermesilva/.gemini/antigravity/scratch/SgpTecnicoExpoApp/node_modules/.sudo-prompt-zF1DS26t',
2940 silly reify   '/Users/guilhermesilva/.gemini/antigravity/scratch/SgpTecnicoExpoApp/node_modules/tar': '/Users/guilhermesilva/.gemini/antigravity/scratch/SgpTecnicoExpoApp/node_modules/.tar-C8v5InFW',
2940 silly reify   '/Users/guilhermesilva/.gemini/antigravity/scratch/SgpTecnicoExpoApp/node_modules/temp': '/Users/guilhermesilva/.gemini/antigravity/scratch/SgpTecnicoExpoApp/node_modules/.temp-CK8CfLZG',
2940 silly reify   '/Users/guilhermesilva/.gemini/antigravity/scratch/SgpTecnicoExpoApp/node_modules/temp-dir': '/Users/guilhermesilva/.gemini/antigravity/scratch/SgpTecnicoExpoApp/node_modules/.temp-dir-3bDjB7IJ',
2940 silly reify   '/Users/guilhermesilva/.gemini/antigravity/scratch/SgpTecnicoExpoApp/node_modules/tempy': '/Users/guilhermesilva/.gemini/antigravity/scratch/SgpTecnicoExpoApp/node_modules/.tempy-PFtWqnN4',
2940 silly reify   '/Users/guilhermesilva/.gemini/antigravity/scratch/SgpTecnicoExpoApp/node_modules/text-table': '/Users/guilhermesilva/.gemini/antigravity/scratch/SgpTecnicoExpoApp/node_modules/.text-table-uomfz2Ab',
2940 silly reify   '/Users/guilhermesilva/.gemini/antigravity/scratch/SgpTecnicoExpoApp/node_modules/through2': '/Users/guilhermesilva/.gemini/antigravity/scratch/SgpTecnicoExpoApp/node_modules/.through2-VYEpr1aY',
2940 silly reify   '/Users/guilhermesilva/.gemini/antigravity/scratch/SgpTecnicoExpoApp/node_modules/tr46': '/Users/guilhermesilva/.gemini/antigravity/scratch/SgpTecnicoExpoApp/node_modules/.tr46-dpd1SMcp',
2940 silly reify   '/Users/guilhermesilva/.gemini/antigravity/scratch/SgpTecnicoExpoApp/node_modules/traverse': '/Users/guilhermesilva/.gemini/antigravity/scratch/SgpTecnicoExpoApp/node_modules/.traverse-7AH1H5HI',
2940 silly reify   '/Users/guilhermesilva/.gemini/antigravity/scratch/SgpTecnicoExpoApp/node_modules/trim-right': '/Users/guilhermesilva/.gemini/antigravity/scratch/SgpTecnicoExpoApp/node_modules/.trim-right-9VyOUvG2',
2940 silly reify   '/Users/guilhermesilva/.gemini/antigravity/scratch/SgpTecnicoExpoApp/node_modules/tslib': '/Users/guilhermesilva/.gemini/antigravity/scratch/SgpTecnicoExpoApp/node_modules/.tslib-Z7pvXkKO',
2940 silly reify   '/Users/guilhermesilva/.gemini/antigravity/scratch/SgpTecnicoExpoApp/node_modules/typed-array-buffer': '/Users/guilhermesilva/.gemini/antigravity/scratch/SgpTecnicoExpoApp/node_modules/.typed-array-buffer-n5dupIwF',
2940 silly reify   '/Users/guilhermesilva/.gemini/antigravity/scratch/SgpTecnicoExpoApp/node_modules/typed-array-byte-length': '/Users/guilhermesilva/.gemini/antigravity/scratch/SgpTecnicoExpoApp/node_modules/.typed-array-byte-length-iX4z9UiM',
2940 silly reify   '/Users/guilhermesilva/.gemini/antigravity/scratch/SgpTecnicoExpoApp/node_modules/typed-array-byte-offset': '/Users/guilhermesilva/.gemini/antigravity/scratch/SgpTecnicoExpoApp/node_modules/.typed-array-byte-offset-XpyCOsl2',
2940 silly reify   '/Users/guilhermesilva/.gemini/antigravity/scratch/SgpTecnicoExpoApp/node_modules/typed-array-length': '/Users/guilhermesilva/.gemini/antigravity/scratch/SgpTecnicoExpoApp/node_modules/.typed-array-length-RIDSElBO',
2940 silly reify   '/Users/guilhermesilva/.gemini/antigravity/scratch/SgpTecnicoExpoApp/node_modules/typedarray.prototype.slice': '/Users/guilhermesilva/.gemini/antigravity/scratch/SgpTecnicoExpoApp/node_modules/.typedarray.prototype.slice-FmNhZ5QL',
2940 silly reify   '/Users/guilhermesilva/.gemini/antigravity/scratch/SgpTecnicoExpoApp/node_modules/ua-parser-js': '/Users/guilhermesilva/.gemini/antigravity/scratch/SgpTecnicoExpoApp/node_modules/.ua-parser-js-XjiKRakH',
2940 silly reify   '/Users/guilhermesilva/.gemini/antigravity/scratch/SgpTecnicoExpoApp/node_modules/.bin/ua-parser-js': '/Users/guilhermesilva/.gemini/antigravity/scratch/SgpTecnicoExpoApp/node_modules/.bin/.ua-parser-js-w20sfIUy',
2940 silly reify   '/Users/guilhermesilva/.gemini/antigravity/scratch/SgpTecnicoExpoApp/node_modules/unbox-primitive': '/Users/guilhermesilva/.gemini/antigravity/scratch/SgpTecnicoExpoApp/node_modules/.unbox-primitive-nKgMscZo',
2940 silly reify   '/Users/guilhermesilva/.gemini/antigravity/scratch/SgpTecnicoExpoApp/node_modules/unique-filename': '/Users/guilhermesilva/.gemini/antigravity/scratch/SgpTecnicoExpoApp/node_modules/.unique-filename-WHJ8G8rK',
2940 silly reify   '/Users/guilhermesilva/.gemini/antigravity/scratch/SgpTecnicoExpoApp/node_modules/unique-slug': '/Users/guilhermesilva/.gemini/antigravity/scratch/SgpTecnicoExpoApp/node_modules/.unique-slug-ft4xzAxk',
2940 silly reify   '/Users/guilhermesilva/.gemini/antigravity/scratch/SgpTecnicoExpoApp/node_modules/unique-string': '/Users/guilhermesilva/.gemini/antigravity/scratch/SgpTecnicoExpoApp/node_modules/.unique-string-b72GTgsX',
2940 silly reify   '/Users/guilhermesilva/.gemini/antigravity/scratch/SgpTecnicoExpoApp/node_modules/universalify': '/Users/guilhermesilva/.gemini/antigravity/scratch/SgpTecnicoExpoApp/node_modules/.universalify-98MFdVfp',
2940 silly reify   '/Users/guilhermesilva/.gemini/antigravity/scratch/SgpTecnicoExpoApp/node_modules/url-join': '/Users/guilhermesilva/.gemini/antigravity/scratch/SgpTecnicoExpoApp/node_modules/.url-join-y4OYNsBe',
2940 silly reify   '/Users/guilhermesilva/.gemini/antigravity/scratch/SgpTecnicoExpoApp/node_modules/util-deprecate': '/Users/guilhermesilva/.gemini/antigravity/scratch/SgpTecnicoExpoApp/node_modules/.util-deprecate-SeEz37C3',
2940 silly reify   '/Users/guilhermesilva/.gemini/antigravity/scratch/SgpTecnicoExpoApp/node_modules/uuid': '/Users/guilhermesilva/.gemini/antigravity/scratch/SgpTecnicoExpoApp/node_modules/.uuid-eXs9YEwk',
2940 silly reify   '/Users/guilhermesilva/.gemini/antigravity/scratch/SgpTecnicoExpoApp/node_modules/.bin/uuid': '/Users/guilhermesilva/.gemini/antigravity/scratch/SgpTecnicoExpoApp/node_modules/.bin/.uuid-KRUCWhnP',
2940 silly reify   '/Users/guilhermesilva/.gemini/antigravity/scratch/SgpTecnicoExpoApp/node_modules/valid-url': '/Users/guilhermesilva/.gemini/antigravity/scratch/SgpTecnicoExpoApp/node_modules/.valid-url-C63N8FnM',
2940 silly reify   '/Users/guilhermesilva/.gemini/antigravity/scratch/SgpTecnicoExpoApp/node_modules/validate-npm-package-name': '/Users/guilhermesilva/.gemini/antigravity/scratch/SgpTecnicoExpoApp/node_modules/.validate-npm-package-name-tDxmfjGp',
2940 silly reify   '/Users/guilhermesilva/.gemini/antigravity/scratch/SgpTecnicoExpoApp/node_modules/webidl-conversions': '/Users/guilhermesilva/.gemini/antigravity/scratch/SgpTecnicoExpoApp/node_modules/.webidl-conversions-7mZhPlL7',
2940 silly reify   '/Users/guilhermesilva/.gemini/antigravity/scratch/SgpTecnicoExpoApp/node_modules/whatwg-url': '/Users/guilhermesilva/.gemini/antigravity/scratch/SgpTecnicoExpoApp/node_modules/.whatwg-url-RDvukGlg',
2940 silly reify   '/Users/guilhermesilva/.gemini/antigravity/scratch/SgpTecnicoExpoApp/node_modules/which-boxed-primitive': '/Users/guilhermesilva/.gemini/antigravity/scratch/SgpTecnicoExpoApp/node_modules/.which-boxed-primitive-bHaBt2tu',
2940 silly reify   '/Users/guilhermesilva/.gemini/antigravity/scratch/SgpTecnicoExpoApp/node_modules/which-builtin-type': '/Users/guilhermesilva/.gemini/antigravity/scratch/SgpTecnicoExpoApp/node_modules/.which-builtin-type-8dZ0O1sX',
2940 silly reify   '/Users/guilhermesilva/.gemini/antigravity/scratch/SgpTecnicoExpoApp/node_modules/which-collection': '/Users/guilhermesilva/.gemini/antigravity/scratch/SgpTecnicoExpoApp/node_modules/.which-collection-2Xz03Urm',
2940 silly reify   '/Users/guilhermesilva/.gemini/antigravity/scratch/SgpTecnicoExpoApp/node_modules/which-module': '/Users/guilhermesilva/.gemini/antigravity/scratch/SgpTecnicoExpoApp/node_modules/.which-module-k691nhl4',
2940 silly reify   '/Users/guilhermesilva/.gemini/antigravity/scratch/SgpTecnicoExpoApp/node_modules/which-typed-array': '/Users/guilhermesilva/.gemini/antigravity/scratch/SgpTecnicoExpoApp/node_modules/.which-typed-array-WrDwkdtG',
2940 silly reify   '/Users/guilhermesilva/.gemini/antigravity/scratch/SgpTecnicoExpoApp/node_modules/wonka': '/Users/guilhermesilva/.gemini/antigravity/scratch/SgpTecnicoExpoApp/node_modules/.wonka-1KyszBSp',
2940 silly reify   '/Users/guilhermesilva/.gemini/antigravity/scratch/SgpTecnicoExpoApp/node_modules/wrap-ansi/node_modules/ansi-regex': '/Users/guilhermesilva/.gemini/antigravity/scratch/SgpTecnicoExpoApp/node_modules/wrap-ansi/node_modules/.ansi-regex-HsGffcnF',
2940 silly reify   '/Users/guilhermesilva/.gemini/antigravity/scratch/SgpTecnicoExpoApp/node_modules/wrap-ansi-cjs/node_modules/ansi-regex': '/Users/guilhermesilva/.gemini/antigravity/scratch/SgpTecnicoExpoApp/node_modules/wrap-ansi-cjs/node_modules/.ansi-regex-tOGwhE7w',
2940 silly reify   '/Users/guilhermesilva/.gemini/antigravity/scratch/SgpTecnicoExpoApp/node_modules/write-file-atomic': '/Users/guilhermesilva/.gemini/antigravity/scratch/SgpTecnicoExpoApp/node_modules/.write-file-atomic-Vpx2UipF',
2940 silly reify   '/Users/guilhermesilva/.gemini/antigravity/scratch/SgpTecnicoExpoApp/node_modules/xcode/node_modules/uuid': '/Users/guilhermesilva/.gemini/antigravity/scratch/SgpTecnicoExpoApp/node_modules/xcode/node_modules/.uuid-CVjXQgcs',
2940 silly reify   '/Users/guilhermesilva/.gemini/antigravity/scratch/SgpTecnicoExpoApp/node_modules/xcode/node_modules/.bin/uuid': '/Users/guilhermesilva/.gemini/antigravity/scratch/SgpTecnicoExpoApp/node_modules/xcode/node_modules/.bin/.uuid-szCDHlIA',
2940 silly reify   '/Users/guilhermesilva/.gemini/antigravity/scratch/SgpTecnicoExpoApp/node_modules/xmlbuilder': '/Users/guilhermesilva/.gemini/antigravity/scratch/SgpTecnicoExpoApp/node_modules/.xmlbuilder-ylLow9LX',
2940 silly reify   '/Users/guilhermesilva/.gemini/antigravity/scratch/SgpTecnicoExpoApp/node_modules/xtend': '/Users/guilhermesilva/.gemini/antigravity/scratch/SgpTecnicoExpoApp/node_modules/.xtend-1VpEahPp',
2940 silly reify   '/Users/guilhermesilva/.gemini/antigravity/scratch/SgpTecnicoExpoApp/node_modules/zod': '/Users/guilhermesilva/.gemini/antigravity/scratch/SgpTecnicoExpoApp/node_modules/.zod-tK6247I4',
2940 silly reify   '/Users/guilhermesilva/.gemini/antigravity/scratch/SgpTecnicoExpoApp/node_modules/zod-validation-error': '/Users/guilhermesilva/.gemini/antigravity/scratch/SgpTecnicoExpoApp/node_modules/.zod-validation-error-0DemiWzw'
2940 silly reify }
2941 silly audit bulk request {
2941 silly audit   '@babel/code-frame': [ '7.29.7', '7.10.4' ],
2941 silly audit   '@babel/compat-data': [ '7.29.7' ],
2941 silly audit   '@babel/core': [ '7.29.7' ],
2941 silly audit   '@babel/generator': [ '7.29.8' ],
2941 silly audit   '@babel/helper-annotate-as-pure': [ '7.29.7' ],
2941 silly audit   '@babel/helper-compilation-targets': [ '7.29.7' ],
2941 silly audit   '@babel/helper-create-class-features-plugin': [ '7.29.7' ],
2941 silly audit   '@babel/helper-create-regexp-features-plugin': [ '7.29.7' ],
2941 silly audit   '@babel/helper-define-polyfill-provider': [ '0.6.8' ],
2941 silly audit   '@babel/helper-globals': [ '7.29.7' ],
2941 silly audit   '@babel/helper-member-expression-to-functions': [ '7.29.7' ],
2941 silly audit   '@babel/helper-module-imports': [ '7.29.7' ],
2941 silly audit   '@babel/helper-module-transforms': [ '7.29.7' ],
2941 silly audit   '@babel/helper-optimise-call-expression': [ '7.29.7' ],
2941 silly audit   '@babel/helper-plugin-utils': [ '7.29.7' ],
2941 silly audit   '@babel/helper-remap-async-to-generator': [ '7.29.7' ],
2941 silly audit   '@babel/helper-replace-supers': [ '7.29.7' ],
2941 silly audit   '@babel/helper-skip-transparent-expression-wrappers': [ '7.29.7' ],
2941 silly audit   '@babel/helper-string-parser': [ '7.29.7' ],
2941 silly audit   '@babel/helper-validator-identifier': [ '7.29.7' ],
2941 silly audit   '@babel/helper-validator-option': [ '7.29.7' ],
2941 silly audit   '@babel/helper-wrap-function': [ '7.29.7' ],
2941 silly audit   '@babel/helpers': [ '7.29.7' ],
2941 silly audit   'ansi-styles': [ '4.3.0', '5.2.0', '3.2.1', '6.2.3' ],
2941 silly audit   chalk: [ '4.1.2', '2.4.2' ],
2941 silly audit   'color-convert': [ '2.0.1', '1.9.3' ],
2941 silly audit   'color-name': [ '1.1.4', '1.1.3' ],
2941 silly audit   'escape-string-regexp': [ '4.0.0', '2.0.0', '1.0.5' ],
2941 silly audit   'has-flag': [ '4.0.0', '3.0.0' ],
2941 silly audit   'supports-color': [ '7.2.0', '8.1.1', '5.5.0' ],
2941 silly audit   '@babel/parser': [ '7.29.8' ],
2941 silly audit   '@babel/plugin-syntax-import-attributes': [ '7.29.7' ],
2941 silly audit   '@babel/plugin-transform-arrow-functions': [ '7.29.7' ],
2941 silly audit   '@babel/plugin-transform-async-generator-functions': [ '7.29.7' ],
2941 silly audit   '@babel/plugin-transform-async-to-generator': [ '7.29.7' ],
2941 silly audit   '@babel/plugin-transform-block-scoping': [ '7.29.7' ],
2941 silly audit   '@babel/plugin-transform-class-properties': [ '7.29.7' ],
2941 silly audit   '@babel/plugin-transform-class-static-block': [ '7.29.7' ],
2941 silly audit   '@babel/plugin-transform-classes': [ '7.29.7' ],
2941 silly audit   '@babel/plugin-transform-computed-properties': [ '7.29.7' ],
2941 silly audit   '@babel/plugin-transform-destructuring': [ '7.29.7' ],
2941 silly audit   '@babel/plugin-transform-export-namespace-from': [ '7.29.7' ],
2941 silly audit   '@babel/plugin-transform-for-of': [ '7.29.7' ],
2941 silly audit   '@babel/plugin-transform-function-name': [ '7.29.7' ],
2941 silly audit   '@babel/plugin-transform-literals': [ '7.29.7' ],
2941 silly audit   '@babel/plugin-transform-logical-assignment-operators': [ '7.29.7' ],
2941 silly audit   '@babel/plugin-transform-modules-commonjs': [ '7.29.7' ],
2941 silly audit   '@babel/plugin-transform-named-capturing-groups-regex': [ '7.29.7' ],
2941 silly audit   '@babel/plugin-transform-nullish-coalescing-operator': [ '7.29.7' ],
2941 silly audit   '@babel/plugin-transform-numeric-separator': [ '7.29.7' ],
2941 silly audit   '@babel/plugin-transform-object-rest-spread': [ '7.29.7' ],
2941 silly audit   '@babel/plugin-transform-optional-catch-binding': [ '7.29.7' ],
2941 silly audit   '@babel/plugin-transform-optional-chaining': [ '7.29.7' ],
2941 silly audit   '@babel/plugin-transform-parameters': [ '7.29.7' ],
2941 silly audit   '@babel/plugin-transform-private-methods': [ '7.29.7' ],
2941 silly audit   '@babel/plugin-transform-private-property-in-object': [ '7.29.7' ],
2941 silly audit   '@babel/plugin-transform-regenerator': [ '7.29.8' ],
2941 silly audit   '@babel/plugin-transform-shorthand-properties': [ '7.29.7' ],
2941 silly audit   '@babel/plugin-transform-spread': [ '7.29.8' ],
2941 silly audit   '@babel/plugin-transform-sticky-regex': [ '7.29.7' ],
2941 silly audit   '@babel/plugin-transform-unicode-regex': [ '7.29.7' ],
2941 silly audit   'babel-plugin-polyfill-corejs3': [ '0.13.0' ],
2941 silly audit   '@babel/runtime': [ '7.29.7' ],
2941 silly audit   '@babel/template': [ '7.29.7' ],
2941 silly audit   '@babel/traverse': [ '7.29.8' ],
2941 silly audit   '@babel/types': [ '7.29.8' ],
2941 silly audit   'form-data': [ '4.0.6' ],
2941 silly audit   semver: [ '6.3.1', '7.8.5' ],
2941 silly audit   debug: [ '4.4.3', '3.2.7', '2.6.9' ],
2941 silly audit   'type-fest': [ '0.7.1', '0.21.3' ],
2941 silly audit   uuid: [ '7.0.3' ],
2941 silly audit   yaml: [ '2.9.0' ],
2941 silly audit   'lru-cache': [ '5.1.1', '10.4.3', '11.5.2' ],
2941 silly audit   '@jest/create-cache-key-function': [ '29.7.0' ],
2941 silly audit   '@jest/types': [ '29.6.3' ],
2941 silly audit   '@jest/environment': [ '29.7.0' ],
2941 silly audit   '@jest/fake-timers': [ '29.7.0' ],
2941 silly audit   '@jest/schemas': [ '29.6.3' ],
2941 silly audit   '@jridgewell/gen-mapping': [ '0.3.13' ],
2941 silly audit   '@jridgewell/remapping': [ '2.3.5' ],
2941 silly audit   '@jridgewell/resolve-uri': [ '3.1.2' ],
2941 silly audit   '@jridgewell/sourcemap-codec': [ '1.5.5' ],
2941 silly audit   '@jridgewell/trace-mapping': [ '0.3.31' ],
2941 silly audit   'pretty-format': [ '29.7.0' ],
2941 silly audit   'react-is': [ '16.13.1', '18.3.1' ],
2941 silly audit   ws: [ '6.2.6', '8.21.3', '7.5.13' ],
2941 silly audit   ms: [ '2.1.3', '2.0.0' ],
2941 silly audit   '@react-navigation/core': [ '6.4.17' ],
2941 silly audit   '@react-navigation/elements': [ '1.3.31' ],
2941 silly audit   '@react-navigation/native': [ '6.1.18' ],
2941 silly audit   '@react-navigation/native-stack': [ '6.11.0' ],
2941 silly audit   '@react-navigation/routers': [ '6.1.9' ],
2941 silly audit   '@sinclair/typebox': [ '0.27.12' ],
2941 silly audit   '@sinonjs/commons': [ '3.0.1' ],
2941 silly audit   '@sinonjs/fake-timers': [ '10.3.0' ],
2941 silly audit   '@types/istanbul-lib-coverage': [ '2.0.6' ],
2941 silly audit   '@types/node': [ '18.19.130' ],
2941 silly audit   '@types/prop-types': [ '15.7.15' ],
2941 silly audit   '@types/stack-utils': [ '2.0.3' ],
2941 silly audit   'abort-controller': [ '3.0.0' ],
2941 silly audit   'agent-base': [ '6.0.2', '7.1.4' ],
2941 silly audit   anser: [ '1.4.10' ],
2941 silly audit   picomatch: [ '2.3.2', '4.0.5' ],
2941 silly audit   asap: [ '2.0.6' ],
2941 silly audit   'async-limiter': [ '1.0.1' ],
2941 silly audit   asynckit: [ '0.4.0' ],
2941 silly audit   axios: [ '1.19.0' ],
2941 silly audit   'babel-plugin-polyfill-corejs2': [ '0.4.17' ],
2941 silly audit   'babel-plugin-polyfill-regenerator': [ '0.6.8' ],
2941 silly audit   jsesc: [ '3.1.0' ],
2941 silly audit   'source-map': [ '0.6.1', '0.5.7' ],
2941 silly audit   'base64-js': [ '1.5.1' ],
2941 silly audit   'baseline-browser-mapping': [ '2.11.14' ],
2941 silly audit   boolbase: [ '1.0.0' ],
2941 silly audit   braces: [ '3.0.3' ],
2941 silly audit   browserslist: [ '4.28.8' ],
2941 silly audit   buffer: [ '5.7.1' ],
2941 silly audit   'call-bind-apply-helpers': [ '1.0.2' ],
2941 silly audit   'caniuse-lite': [ '1.0.30001809' ],
2941 silly audit   'ci-info': [ '3.9.0', '2.0.0' ],
2941 silly audit   'combined-stream': [ '1.0.8' ],
2941 silly audit   'convert-source-map': [ '2.0.0' ],
2941 silly audit   'core-js-compat': [ '3.50.0' ],
2941 silly audit   'css-select': [ '5.2.2' ],
2941 silly audit   'css-tree': [ '1.1.3' ],
2941 silly audit   'css-what': [ '6.2.2' ],
2941 silly audit   csstype: [ '3.2.3' ],
2941 silly audit   'decode-uri-component': [ '0.2.2' ],
2941 silly audit   'delayed-stream': [ '1.0.0' ],
2941 silly audit   'dom-serializer': [ '2.0.0' ],
2941 silly audit   domelementtype: [ '2.3.0' ],
2941 silly audit   domhandler: [ '5.0.3' ],
2941 silly audit   domutils: [ '3.2.2' ],
2941 silly audit   'dunder-proto': [ '1.0.1' ],
2941 silly audit   'electron-to-chromium': [ '1.5.406' ],
2941 silly audit   entities: [ '4.5.0' ],
2941 silly audit   'es-define-property': [ '1.0.1' ],
2941 silly audit   'es-errors': [ '1.3.0' ],
2941 silly audit   'es-object-atoms': [ '1.1.2' ],
2941 silly audit   'es-set-tostringtag': [ '2.1.0' ],
2941 silly audit   escalade: [ '3.2.0' ],
2941 silly audit   'event-target-shim': [ '5.0.1' ],
2941 silly audit   'fast-deep-equal': [ '3.1.3' ],
2941 silly audit   'fill-range': [ '7.1.1' ],
2941 silly audit   'filter-obj': [ '1.1.0' ],
2941 silly audit   'follow-redirects': [ '1.16.0' ],
2941 silly audit   'function-bind': [ '1.1.2' ],
2941 silly audit   gensync: [ '1.0.0-beta.2' ],
2941 silly audit   'get-intrinsic': [ '1.3.0' ],
2941 silly audit   'get-proto': [ '1.0.1' ],
2941 silly audit   gopd: [ '1.2.0' ],
2941 silly audit   'graceful-fs': [ '4.2.11' ],
2941 silly audit   'has-symbols': [ '1.1.0' ],
2941 silly audit   'has-tostringtag': [ '1.0.2' ],
2941 silly audit   hasown: [ '2.0.4' ],
2941 silly audit   yallist: [ '3.1.1', '5.0.0' ],
2941 silly audit   'https-proxy-agent': [ '5.0.1', '7.0.6' ],
2941 silly audit   ieee754: [ '1.2.1' ],
2941 silly audit   invariant: [ '2.2.4' ],
2941 silly audit   'is-core-module': [ '2.16.2' ],
2941 silly audit   'is-number': [ '7.0.0' ],
2941 silly audit   'jest-environment-node': [ '29.7.0' ],
2941 silly audit   'jest-message-util': [ '29.7.0' ],
2941 silly audit   'jest-mock': [ '29.7.0' ],
2941 silly audit   'jest-util': [ '29.7.0' ],
2941 silly audit   'js-tokens': [ '4.0.0' ],
2941 silly audit   json5: [ '2.2.3' ],
2941 silly audit   'lodash.debounce': [ '4.0.8' ],
2941 silly audit   'loose-envify': [ '1.4.0' ],
2941 silly audit   'lucide-react-native': [ '0.428.0' ],
2941 silly audit   'math-intrinsics': [ '1.1.0' ],
2941 silly audit   'mdn-data': [ '2.0.14' ],
2941 silly audit   'memoize-one': [ '5.2.1' ],
2941 silly audit   micromatch: [ '4.0.8' ],
2941 silly audit   'mime-db': [ '1.52.0' ],
2941 silly audit   'mime-types': [ '2.1.35' ],
2941 silly audit   nanoid: [ '3.3.18' ],
2941 silly audit   'node-releases': [ '2.0.53' ],
2941 silly audit   'nth-check': [ '2.1.1' ],
2941 silly audit   once: [ '1.4.0' ],
2941 silly audit   'path-parse': [ '1.0.7' ],
2941 silly audit   picocolors: [ '1.1.1' ],
2941 silly audit   'proxy-from-env': [ '2.1.0' ],
2941 silly audit   punycode: [ '2.3.1' ],
2941 silly audit   'query-string': [ '7.1.3' ],
2941 silly audit   'react-freeze': [ '1.0.4' ],
2941 silly audit   'react-refresh': [ '0.14.2' ],
2941 silly audit   regenerate: [ '1.4.2' ],
2941 silly audit   'regenerate-unicode-properties': [ '10.2.2' ],
2941 silly audit   'regenerator-runtime': [ '0.13.11' ],
2941 silly audit   'regexpu-core': [ '6.4.0' ],
2941 silly audit   regjsgen: [ '0.8.0' ],
2941 silly audit   regjsparser: [ '0.13.2' ],
2941 silly audit   resolve: [ '1.22.12', '1.7.1' ],
2941 silly audit   slash: [ '3.0.0' ],
2941 silly audit   'split-on-first': [ '1.1.0' ],
2941 silly audit   'stack-utils': [ '2.0.6' ],
2941 silly audit   'stacktrace-parser': [ '0.1.11' ],
2941 silly audit   'strict-uri-encode': [ '2.0.0' ],
2941 silly audit   'supports-preserve-symlinks-flag': [ '1.0.0' ],
2941 silly audit   'to-regex-range': [ '5.0.1' ],
2941 silly audit   'type-detect': [ '4.0.8' ],
2941 silly audit   typescript: [ '5.9.3' ],
2941 silly audit   'undici-types': [ '5.26.5' ],
2941 silly audit   'unicode-canonical-property-names-ecmascript': [ '2.0.1' ],
2941 silly audit   'unicode-match-property-ecmascript': [ '2.0.0' ],
2941 silly audit   'unicode-match-property-value-ecmascript': [ '2.2.1' ],
2941 silly audit   'unicode-property-aliases-ecmascript': [ '2.2.0' ],
2941 silly audit   'update-browserslist-db': [ '1.3.1' ],
2941 silly audit   'use-latest-callback': [ '0.2.6' ],
2941 silly audit   'warn-once': [ '0.1.1' ],
2941 silly audit   'webidl-conversions': [ '5.0.0' ],
2941 silly audit   'whatwg-fetch': [ '3.6.20' ],
2941 silly audit   'whatwg-url-without-unicode': [ '8.0.0-3' ],
2941 silly audit   wrappy: [ '1.0.2' ],
2941 silly audit   '@types/react': [ '18.3.31' ],
2941 silly audit   expo: [ '54.0.36' ],
2941 silly audit   'expo-linking': [ '7.0.5' ],
2941 silly audit   'expo-location': [ '18.0.10' ],
2941 silly audit   'expo-status-bar': [ '2.2.3' ],
2941 silly audit   react: [ '18.3.1' ],
2941 silly audit   'react-native': [ '0.79.2' ],
2941 silly audit   promise: [ '8.3.0' ],
2941 silly audit   'react-native-safe-area-context': [ '5.2.0' ],
2941 silly audit   'react-native-screens': [ '4.4.0' ],
2941 silly audit   'react-native-svg': [ '15.11.2' ],
2941 silly audit   '@expo/cli': [ '54.0.26' ],
2941 silly audit   '@expo/config': [ '12.0.14', '10.0.11' ],
2941 silly audit   '@expo/config-plugins': [ '54.0.5', '9.0.17' ],
2941 silly audit   '@expo/devtools': [ '0.1.8' ],
2941 silly audit   '@expo/fingerprint': [ '0.15.5' ],
2941 silly audit   '@expo/metro': [ '54.2.0' ],
2941 silly audit   '@expo/metro-config': [ '54.0.17' ],
2941 silly audit   '@expo/vector-icons': [ '15.1.1' ],
2941 silly audit   '@ungap/structured-clone': [ '1.3.3' ],
2941 silly audit   'babel-preset-expo': [ '54.0.12' ],
2941 silly audit   'expo-asset': [ '12.0.13' ],
2941 silly audit   'expo-constants': [ '18.0.13', '17.0.8' ],
2941 silly audit   'expo-file-system': [ '19.0.23' ],
2941 silly audit   'expo-font': [ '14.0.12' ],
2941 silly audit   'expo-keep-awake': [ '15.0.8' ],
2941 silly audit   'expo-modules-autolinking': [ '3.0.26' ],
2941 silly audit   'expo-modules-core': [ '3.0.30' ],
2941 silly audit   '@0no-co/graphql.web': [ '1.3.3' ],
2941 silly audit   '@expo/code-signing-certificates': [ '0.0.6' ],
2941 silly audit   '@expo/devcert': [ '1.2.1' ],
2941 silly audit   '@expo/env': [ '2.0.12', '0.4.2' ],
2941 silly audit   '@expo/image-utils': [ '0.8.15' ],
2941 silly audit   '@expo/json-file': [ '10.2.0', '10.0.16', '11.0.1', '9.1.5', '9.0.2' ],
2941 silly audit   '@expo/osascript': [ '2.7.1' ],
2941 silly audit   '@expo/package-manager': [ '1.13.1' ],
2941 silly audit   '@expo/plist': [ '0.4.9', '0.2.2' ],
2941 silly audit   '@expo/prebuild-config': [ '54.0.9' ],
2941 silly audit   '@expo/schema-utils': [ '0.1.9' ],
2941 silly audit   '@expo/spawn-async': [ '1.8.0' ],
2941 silly audit   '@expo/ws-tunnel': [ '1.0.6' ],
2941 silly audit   '@expo/xcpretty': [ '4.4.4' ],
2941 silly audit   '@react-native/dev-middleware': [ '0.81.5', '0.79.2' ],
2941 silly audit   '@urql/core': [ '5.2.0' ],
2941 silly audit   '@urql/exchange-retry': [ '1.3.2' ],
2941 silly audit   accepts: [ '1.3.8' ],
2941 silly audit   arg: [ '5.0.2' ],
2941 silly audit   'better-opn': [ '3.0.2' ],
2941 silly audit   'bplist-creator': [ '0.1.0' ],
2941 silly audit   'bplist-parser': [ '0.3.2', '0.3.1' ],
2941 silly audit   compression: [ '1.8.1' ],
2941 silly audit   connect: [ '3.7.0' ],
2941 silly audit   'env-editor': [ '0.4.2' ],
2941 silly audit   'expo-server': [ '1.0.7' ],
2941 silly audit   'freeport-async': [ '2.0.0' ],
2941 silly audit   getenv: [ '2.0.0', '1.0.0' ],
2941 silly audit   glob: [ '13.0.6', '7.2.3', '10.5.0' ],
2941 silly audit   'lan-network': [ '0.2.1' ],
2941 silly audit   minimatch: [ '9.0.9', '10.2.6', '3.1.5' ],
2941 silly audit   'node-forge': [ '1.4.0' ],
2941 silly audit   'npm-package-arg': [ '11.0.3' ],
2941 silly audit   ora: [ '3.4.0' ],
2941 silly audit   'pretty-bytes': [ '5.6.0' ],
2941 silly audit   progress: [ '2.0.3' ],
2941 silly audit   prompts: [ '2.4.2' ],
2941 silly audit   'qrcode-terminal': [ '0.11.0' ],
2941 silly audit   'require-from-string': [ '2.0.2' ],
2941 silly audit   requireg: [ '0.2.2' ],
2941 silly audit   'resolve-from': [ '5.0.0', '3.0.0' ],
2941 silly audit   'resolve.exports': [ '2.0.3' ],
2941 silly audit   send: [ '0.19.2' ],
2941 silly audit   slugify: [ '1.6.9' ],
2941 silly audit   'source-map-support': [ '0.5.21' ],
2941 silly audit   'structured-headers': [ '0.4.1' ],
2941 silly audit   tar: [ '7.5.22' ],
2941 silly audit   'terminal-link': [ '2.1.1' ],
2941 silly audit   undici: [ '6.28.0' ],
2941 silly audit   'wrap-ansi': [ '7.0.0', '8.1.0' ],
2941 silly audit   '@expo/config-types': [ '54.0.10', '52.0.5' ],
2941 silly audit   deepmerge: [ '4.3.1' ],
2941 silly audit   'resolve-workspace-root': [ '2.0.1' ],
2941 silly audit   sucrase: [ '3.35.1', '3.35.0' ],
2941 silly audit   '@expo/sdk-runtime-versions': [ '1.0.0' ],
2941 silly audit   xcode: [ '3.0.1' ],
2941 silly audit   xml2js: [ '0.6.0' ],
2941 silly audit   '@expo/sudo-prompt': [ '9.3.2' ],
2941 silly audit   dotenv: [ '16.4.7' ],
2941 silly audit   'dotenv-expand': [ '11.0.7' ],
2941 silly audit   ignore: [ '5.3.2' ],
2941 silly audit   'p-limit': [ '3.1.0', '2.3.0' ],
2941 silly audit   '@expo/require-utils': [ '55.0.6' ],
2941 silly audit   'jimp-compact': [ '0.16.1' ],
2941 silly audit   'parse-png': [ '2.1.0' ],
2941 silly audit   metro: [ '0.83.3', '0.82.5' ],
2941 silly audit   'metro-babel-transformer': [ '0.83.3', '0.82.5' ],
2941 silly audit   'metro-cache': [ '0.83.3', '0.82.5' ],
2941 silly audit   'metro-cache-key': [ '0.83.3', '0.82.5' ],
2941 silly audit   'metro-config': [ '0.83.3', '0.82.5' ],
2941 silly audit   'metro-core': [ '0.83.3', '0.82.5' ],
2941 silly audit   'metro-file-map': [ '0.83.3', '0.82.5' ],
2941 silly audit   'metro-minify-terser': [ '0.83.3', '0.82.5' ],
2941 silly audit   'metro-resolver': [ '0.83.3', '0.82.5' ],
2941 silly audit   'metro-runtime': [ '0.83.3', '0.82.5' ],
2941 silly audit   'metro-source-map': [ '0.83.3', '0.82.5' ],
2941 silly audit   'metro-symbolicate': [ '0.83.3', '0.82.5' ],
2941 silly audit   'metro-transform-plugins': [ '0.83.3', '0.82.5' ],
2941 silly audit   'metro-transform-worker': [ '0.83.3', '0.82.5' ],
2941 silly audit   'hermes-parser': [ '0.29.1', '0.32.0', '0.25.1' ],
2941 silly audit   'jsc-safe-url': [ '0.2.4' ],
2941 silly audit   lightningcss: [ '1.33.0' ],
2941 silly audit   postcss: [ '8.4.49' ],
2941 silly audit   '@xmldom/xmldom': [ '0.8.14', '0.9.11', '0.7.13' ],
2941 silly audit   xmlbuilder: [ '15.1.1', '11.0.1', '14.0.0' ],
2941 silly audit   '@react-native/normalize-colors': [ '0.81.5', '0.79.2' ],
2941 silly audit   'cross-spawn': [ '7.0.6' ],
2941 silly audit   'js-yaml': [ '4.3.1', '3.15.1' ],
2941 silly audit   '@isaacs/ttlcache': [ '1.4.1' ],
2941 silly audit   '@react-native/debugger-frontend': [ '0.81.5', '0.79.2' ],
2941 silly audit   'chrome-launcher': [ '0.15.2' ],
2941 silly audit   'chromium-edge-launcher': [ '0.2.0' ],
2941 silly audit   nullthrows: [ '1.1.1' ],
2941 silly audit   open: [ '7.4.2', '8.4.2' ],
2941 silly audit   'serve-static': [ '1.16.3' ],
2941 silly audit   wonka: [ '6.3.6' ],
2941 silly audit   negotiator: [ '0.6.3', '0.6.4' ],
2941 silly audit   '@babel/plugin-proposal-decorators': [ '7.29.7' ],
2941 silly audit   '@babel/plugin-proposal-export-default-from': [ '7.29.7' ],
2941 silly audit   '@babel/plugin-syntax-export-default-from': [ '7.29.7' ],
2941 silly audit   '@babel/plugin-transform-flow-strip-types': [ '7.29.7' ],
2941 silly audit   '@babel/plugin-transform-runtime': [ '7.29.7' ],
2941 silly audit   '@babel/preset-react': [ '7.29.7' ],
2941 silly audit   '@babel/preset-typescript': [ '7.29.7' ],
2941 silly audit   '@react-native/babel-preset': [ '0.81.5' ],
2941 silly audit   'babel-plugin-react-compiler': [ '1.0.0' ],
2941 silly audit   'babel-plugin-react-native-web': [ '0.21.2' ],
2941 silly audit   'babel-plugin-syntax-hermes-parser': [ '0.29.1', '0.25.1' ],
2941 silly audit   'babel-plugin-transform-flow-enums': [ '0.0.2' ],
2941 silly audit   '@babel/plugin-syntax-decorators': [ '7.29.7' ],
2941 silly audit   '@babel/plugin-syntax-flow': [ '7.29.7' ],
2941 silly audit   '@babel/plugin-transform-react-display-name': [ '7.29.7' ],
2941 silly audit   '@babel/plugin-transform-react-jsx': [ '7.29.7' ],
2941 silly audit   '@babel/plugin-transform-react-jsx-development': [ '7.29.7' ],
2941 silly audit   '@babel/plugin-transform-react-pure-annotations': [ '7.29.7' ],
2941 silly audit   '@babel/plugin-syntax-jsx': [ '7.29.7' ],
2941 silly audit   '@babel/plugin-transform-typescript': [ '7.29.7' ],
2941 silly audit   '@babel/plugin-syntax-typescript': [ '7.29.7' ],
2941 silly audit   '@babel/plugin-syntax-dynamic-import': [ '7.8.3' ],
2941 silly audit   '@babel/plugin-syntax-nullish-coalescing-operator': [ '7.8.3' ],
2941 silly audit   '@babel/plugin-syntax-optional-chaining': [ '7.8.3' ],
2941 silly audit   '@babel/plugin-transform-react-jsx-self': [ '7.29.7' ],
2941 silly audit   '@babel/plugin-transform-react-jsx-source': [ '7.29.7' ],
2941 silly audit   '@react-native/babel-plugin-codegen': [ '0.81.5' ],
2941 silly audit   '@react-native/codegen': [ '0.81.5', '0.79.2' ],
2941 silly audit   yargs: [ '17.7.3' ],
2941 silly audit   'stream-buffers': [ '2.2.0' ],
2941 silly audit   'big-integer': [ '1.6.52' ],
2941 silly audit   'is-wsl': [ '2.2.0' ],
2941 silly audit   'lighthouse-logger': [ '1.4.2' ],
2941 silly audit   mkdirp: [ '1.0.4' ],
2941 silly audit   rimraf: [ '3.0.2' ],
2941 silly audit   bytes: [ '3.1.2' ],
2941 silly audit   compressible: [ '2.0.18' ],
2941 silly audit   'on-headers': [ '1.1.0' ],
2941 silly audit   'safe-buffer': [ '5.2.1' ],
2941 silly audit   vary: [ '1.1.2' ],
2941 silly audit   finalhandler: [ '1.1.2' ],
2941 silly audit   parseurl: [ '1.3.3' ],
2941 silly audit   'utils-merge': [ '1.0.1' ],
2941 silly audit   'path-key': [ '3.1.1' ],
2941 silly audit   'shebang-command': [ '2.0.0' ],
2941 silly audit   which: [ '2.0.2' ],
2941 silly audit   fontfaceobserver: [ '2.3.0' ],
2941 silly audit   commander: [ '7.2.0', '12.1.0', '4.1.1', '2.20.3' ],
2941 silly audit   'react-native-edge-to-edge': [ '1.6.0' ],
2941 silly audit   'react-native-is-edge-to-edge': [ '1.3.1' ],
2941 silly audit   encodeurl: [ '1.0.2', '2.0.0' ],
2941 silly audit   'escape-html': [ '1.0.3' ],
2941 silly audit   'on-finished': [ '2.3.0', '2.4.1' ],
2941 silly audit   statuses: [ '1.5.0', '2.0.2' ],
2941 silly audit   unpipe: [ '1.0.0' ],
2941 silly audit   minipass: [ '7.1.3' ],
2941 silly audit   'path-scurry': [ '2.0.2', '1.11.1' ],
2941 silly audit   'hermes-estree': [ '0.29.1', '0.32.0', '0.25.1' ],
2941 silly audit   'is-docker': [ '2.2.1' ],
2941 silly audit   argparse: [ '2.0.1', '1.0.10' ],
2941 silly audit   marky: [ '1.3.0' ],
2941 silly audit   'detect-libc': [ '2.1.2' ],
2941 silly audit   'lightningcss-android-arm64': [ '1.33.0' ],
2941 silly audit   'lightningcss-darwin-arm64': [ '1.33.0' ],
2941 silly audit   'lightningcss-darwin-x64': [ '1.33.0' ],
2941 silly audit   'lightningcss-freebsd-x64': [ '1.33.0' ],
2941 silly audit   'lightningcss-linux-arm-gnueabihf': [ '1.33.0' ],
2941 silly audit   'lightningcss-linux-arm64-gnu': [ '1.33.0' ],
2941 silly audit   'lightningcss-linux-arm64-musl': [ '1.33.0' ],
2941 silly audit   'lightningcss-linux-x64-gnu': [ '1.33.0' ],
2941 silly audit   'lightningcss-linux-x64-musl': [ '1.33.0' ],
2941 silly audit   'lightningcss-win32-arm64-msvc': [ '1.33.0' ],
2941 silly audit   'lightningcss-win32-x64-msvc': [ '1.33.0' ],
2941 silly audit   'error-stack-parser': [ '2.1.4' ],
2941 silly audit   'flow-enums-runtime': [ '0.0.6' ],
2941 silly audit   'image-size': [ '1.2.1' ],
2941 silly audit   'jest-worker': [ '29.7.0' ],
2941 silly audit   'lodash.throttle': [ '4.1.1' ],
2941 silly audit   'serialize-error': [ '2.1.0' ],
2941 silly audit   throat: [ '5.0.0' ],
2941 silly audit   stackframe: [ '1.3.4' ],
2941 silly audit   queue: [ '6.0.2' ],
2941 silly audit   'merge-stream': [ '2.0.0' ],
2941 silly audit   'exponential-backoff': [ '3.1.3' ],
2941 silly audit   'jest-validate': [ '29.7.0' ],
2941 silly audit   camelcase: [ '6.3.0', '5.3.1' ],
2941 silly audit   'jest-get-type': [ '29.6.3' ],
2941 silly audit   leven: [ '3.1.0' ],
2941 silly audit   '@types/istanbul-reports': [ '3.0.4' ],
2941 silly audit   '@types/yargs': [ '17.0.35' ],
2941 silly audit   '@types/istanbul-lib-report': [ '3.0.3' ],
2941 silly audit   '@types/yargs-parser': [ '21.0.3' ],
2941 silly audit   'fb-watchman': [ '2.0.2' ],
2941 silly audit   walker: [ '1.0.8' ],
2941 silly audit   bser: [ '2.1.1' ],
2941 silly audit   'node-int64': [ '0.4.0' ],
2941 silly audit   terser: [ '5.50.0' ],
2941 silly audit   ob1: [ '0.83.3', '0.82.5' ],
2941 silly audit   vlq: [ '1.0.1' ],
2941 silly audit   'brace-expansion': [ '2.1.4', '5.0.9', '1.1.18' ],
2941 silly audit   'balanced-match': [ '1.0.2', '4.0.4' ],
2941 silly audit   'hosted-git-info': [ '7.0.2' ],
2941 silly audit   'proc-log': [ '4.2.0' ],
2941 silly audit   'validate-npm-package-name': [ '5.0.1' ],
2941 silly audit   'ee-first': [ '1.1.1' ],
2941 silly audit   'cli-cursor': [ '2.1.0' ],
2941 silly audit   'cli-spinners': [ '2.9.2' ],
2941 silly audit   'log-symbols': [ '2.2.0' ],
2941 silly audit   'strip-ansi': [ '5.2.0', '6.0.1', '7.2.0' ],
2941 silly audit   wcwidth: [ '1.0.1' ],
2941 silly audit   'restore-cursor': [ '2.0.0' ],
2941 silly audit   'yocto-queue': [ '0.1.0' ],
2941 silly audit   pngjs: [ '3.4.0' ],
2941 silly audit   'source-map-js': [ '1.2.1' ],
2941 silly audit   kleur: [ '3.0.3' ],
2941 silly audit   sisteransi: [ '1.0.5' ],
2941 silly audit   inherits: [ '2.0.4' ],
2941 silly audit   '@react-native/assets-registry': [ '0.79.2' ],
2941 silly audit   '@react-native/community-cli-plugin': [ '0.79.2' ],
2941 silly audit   '@react-native/gradle-plugin': [ '0.79.2' ],
2941 silly audit   '@react-native/js-polyfills': [ '0.79.2' ],
2941 silly audit   '@react-native/virtualized-lists': [ '0.79.2' ],
2941 silly audit   'ansi-regex': [ '5.0.1', '4.1.1', '6.3.0' ],
2941 silly audit   'babel-jest': [ '29.7.0' ],
2941 silly audit   'react-devtools-core': [ '6.1.5' ],
2941 silly audit   scheduler: [ '0.25.0' ],
2941 silly audit   '@jest/transform': [ '29.7.0' ],
2941 silly audit   '@types/babel__core': [ '7.20.5' ],
2941 silly audit   'babel-plugin-istanbul': [ '6.1.1' ],
2941 silly audit   'babel-preset-jest': [ '29.6.3' ],
2941 silly audit   'fast-json-stable-stringify': [ '2.1.0' ],
2941 silly audit   'jest-haste-map': [ '29.7.0' ],
2941 silly audit   'jest-regex-util': [ '29.6.3' ],
2941 silly audit   pirates: [ '4.0.7' ],
2941 silly audit   'write-file-atomic': [ '4.0.2', '2.4.3' ],
2941 silly audit   '@types/babel__generator': [ '7.27.0' ],
2941 silly audit   '@types/babel__template': [ '7.4.4' ],
2941 silly audit   '@types/babel__traverse': [ '7.28.0' ],
2941 silly audit   '@istanbuljs/load-nyc-config': [ '1.1.0' ],
2941 silly audit   '@istanbuljs/schema': [ '0.1.6' ],
2941 silly audit   'istanbul-lib-instrument': [ '5.2.1' ],
2941 silly audit   'test-exclude': [ '6.0.0' ],
2941 silly audit   'find-up': [ '4.1.0' ],
2941 silly audit   'get-package-type': [ '0.1.0' ],
2941 silly audit   'babel-plugin-jest-hoist': [ '29.6.3' ],
2941 silly audit   'babel-preset-current-node-syntax': [ '1.2.0' ],
2941 silly audit   '@babel/plugin-syntax-async-generators': [ '7.8.4' ],
2941 silly audit   '@babel/plugin-syntax-bigint': [ '7.8.3' ],
2941 silly audit   '@babel/plugin-syntax-class-properties': [ '7.12.13' ],
2941 silly audit   '@babel/plugin-syntax-class-static-block': [ '7.14.5' ],
2941 silly audit   '@babel/plugin-syntax-import-meta': [ '7.10.4' ],
2941 silly audit   '@babel/plugin-syntax-json-strings': [ '7.8.3' ],
2941 silly audit   '@babel/plugin-syntax-logical-assignment-operators': [ '7.10.4' ],
2941 silly audit   '@babel/plugin-syntax-numeric-separator': [ '7.10.4' ],
2941 silly audit   '@babel/plugin-syntax-object-rest-spread': [ '7.8.3' ],
2941 silly audit   '@babel/plugin-syntax-optional-catch-binding': [ '7.8.3' ],
2941 silly audit   '@babel/plugin-syntax-private-property-in-object': [ '7.14.5' ],
2941 silly audit   '@babel/plugin-syntax-top-level-await': [ '7.14.5' ],
2941 silly audit   'locate-path': [ '5.0.0' ],
2941 silly audit   'path-exists': [ '4.0.0' ],
2941 silly audit   'istanbul-lib-coverage': [ '3.2.2' ],
2941 silly audit   '@types/graceful-fs': [ '4.1.9' ],
2941 silly audit   anymatch: [ '3.1.3' ],
2941 silly audit   fsevents: [ '2.3.3' ],
2941 silly audit   'normalize-path': [ '3.0.0' ],
2941 silly audit   'p-locate': [ '4.1.0' ],
2941 silly audit   'shell-quote': [ '1.10.0' ],
2941 silly audit   'nested-error-stacks': [ '2.0.1' ],
2941 silly audit   rc: [ '1.2.8' ],
2941 silly audit   'deep-extend': [ '0.6.0' ],
2941 silly audit   ini: [ '1.3.8' ],
2941 silly audit   minimist: [ '1.2.8' ],
2941 silly audit   'strip-json-comments': [ '2.0.1' ],
2941 silly audit   onetime: [ '2.0.1' ],
2941 silly audit   'signal-exit': [ '3.0.7', '4.1.0' ],
2941 silly audit   'mimic-fn': [ '1.2.0' ],
2941 silly audit   depd: [ '2.0.0' ],
2941 silly audit   destroy: [ '1.2.0' ],
2941 silly audit   etag: [ '1.8.1' ],
2941 silly audit   fresh: [ '0.5.2' ],
2941 silly audit   'http-errors': [ '2.0.1' ],
2941 silly audit   mime: [ '1.6.0' ],
2941 silly audit   'range-parser': [ '1.2.1' ],
2941 silly audit   setprototypeof: [ '1.2.0' ],
2941 silly audit   toidentifier: [ '1.0.1' ],
2941 silly audit   'shebang-regex': [ '3.0.0' ],
2941 silly audit   'buffer-from': [ '1.1.2' ],
2941 silly audit   'lines-and-columns': [ '1.2.4' ],
2941 silly audit   mz: [ '2.7.0' ],
2941 silly audit   tinyglobby: [ '0.2.17' ],
2941 silly audit   'ts-interface-checker': [ '0.1.13' ],
2941 silly audit   'any-promise': [ '1.3.0' ],
2941 silly audit   'object-assign': [ '4.1.1' ],
2941 silly audit   'thenify-all': [ '1.6.0' ],
2941 silly audit   '@isaacs/fs-minipass': [ '4.0.1' ],
2941 silly audit   chownr: [ '3.0.0' ],
2941 silly audit   minizlib: [ '3.1.0' ],
2941 silly audit   'ansi-escapes': [ '4.3.2' ],
2941 silly audit   'supports-hyperlinks': [ '2.3.0' ],
2941 silly audit   '@jridgewell/source-map': [ '0.3.11' ],
2941 silly audit   acorn: [ '8.18.0' ],
2941 silly audit   thenify: [ '3.3.1' ],
2941 silly audit   fdir: [ '6.5.0' ],
2941 silly audit   makeerror: [ '1.0.12' ],
2941 silly audit   tmpl: [ '1.0.5' ],
2941 silly audit   defaults: [ '1.0.4' ],
2941 silly audit   clone: [ '1.0.4' ],
2941 silly audit   isexe: [ '2.0.0' ],
2941 silly audit   'string-width': [ '4.2.3', '5.1.2' ],
2941 silly audit   'emoji-regex': [ '8.0.0', '9.2.2' ],
2941 silly audit   'is-fullwidth-code-point': [ '3.0.0' ],
2941 silly audit   imurmurhash: [ '0.1.4' ],
2941 silly audit   'simple-plist': [ '1.3.1' ],
2941 silly audit   plist: [ '3.1.1' ],
2941 silly audit   sax: [ '1.6.1' ],
2941 silly audit   cliui: [ '8.0.1' ],
2941 silly audit   'get-caller-file': [ '2.0.5' ],
2941 silly audit   'require-directory': [ '2.1.1' ],
2941 silly audit   y18n: [ '5.0.8' ],
2941 silly audit   'yargs-parser': [ '21.1.1' ],
2941 silly audit   '@babel/highlight': [ '7.25.9' ],
2941 silly audit   esprima: [ '4.0.1' ],
2941 silly audit   'sprintf-js': [ '1.0.3' ],
2941 silly audit   'fs.realpath': [ '1.0.0' ],
2941 silly audit   inflight: [ '1.0.6' ],
2941 silly audit   'path-is-absolute': [ '1.0.1' ],
2941 silly audit   'concat-map': [ '0.0.1' ],
2941 silly audit   cosmiconfig: [ '5.2.1' ],
2941 silly audit   'import-fresh': [ '2.0.0' ],
2941 silly audit   'is-directory': [ '0.3.1' ],
2941 silly audit   'parse-json': [ '4.0.0' ],
2941 silly audit   'caller-path': [ '2.0.0' ],
2941 silly audit   'caller-callsite': [ '2.0.0' ],
2941 silly audit   callsites: [ '2.0.0' ],
2941 silly audit   'error-ex': [ '1.3.4' ],
2941 silly audit   'json-parse-better-errors': [ '1.0.2' ],
2941 silly audit   'is-arrayish': [ '0.2.1' ],
2941 silly audit   'define-lazy-prop': [ '2.0.0' ],
2941 silly audit   'foreground-child': [ '3.3.1' ],
2941 silly audit   jackspeak: [ '3.4.3' ],
2941 silly audit   'package-json-from-dist': [ '1.0.1' ],
2941 silly audit   '@isaacs/cliui': [ '8.0.2' ],
2941 silly audit   '@pkgjs/parseargs': [ '0.11.0' ],
2941 silly audit   eastasianwidth: [ '0.2.0' ],
2941 silly audit   'p-try': [ '2.2.0' ]
2941 silly audit }
2942 http cache sucrase@https://registry.npmjs.org/sucrase/-/sucrase-3.35.1.tgz 0ms (cache hit)
2943 http cache minizlib@https://registry.npmjs.org/minizlib/-/minizlib-3.1.0.tgz 0ms (cache hit)
2944 http cache metro-symbolicate@https://registry.npmjs.org/metro-symbolicate/-/metro-symbolicate-0.83.3.tgz 0ms (cache hit)
2945 http cache metro-source-map@https://registry.npmjs.org/metro-source-map/-/metro-source-map-0.83.3.tgz 0ms (cache hit)
2946 http cache metro-file-map@https://registry.npmjs.org/metro-file-map/-/metro-file-map-0.83.3.tgz 0ms (cache hit)
2947 http cache expo-modules-autolinking@https://registry.npmjs.org/expo-modules-autolinking/-/expo-modules-autolinking-3.0.26.tgz 0ms (cache hit)
2948 http cache babel-plugin-react-compiler@https://registry.npmjs.org/babel-plugin-react-compiler/-/babel-plugin-react-compiler-1.0.0.tgz 0ms (cache hit)
2949 http cache @react-native/dev-middleware@https://registry.npmjs.org/@react-native/dev-middleware/-/dev-middleware-0.81.5.tgz 0ms (cache hit)
2950 http cache @expo/prebuild-config@https://registry.npmjs.org/@expo/prebuild-config/-/prebuild-config-54.0.9.tgz 0ms (cache hit)
2951 http cache @expo/json-file@https://registry.npmjs.org/@expo/json-file/-/json-file-10.2.0.tgz 0ms (cache hit)
2952 http cache @expo/image-utils@https://registry.npmjs.org/@expo/image-utils/-/image-utils-0.8.15.tgz 0ms (cache hit)
2953 http cache @expo/config@https://registry.npmjs.org/@expo/config/-/config-12.0.14.tgz 0ms (cache hit)
2954 http cache @expo/cli@https://registry.npmjs.org/@expo/cli/-/cli-54.0.26.tgz 0ms (cache hit)
2955 http cache fdir@https://registry.npmjs.org/fdir/-/fdir-6.5.0.tgz 0ms (cache hit)
2956 http cache @isaacs/fs-minipass@https://registry.npmjs.org/@isaacs/fs-minipass/-/fs-minipass-4.0.1.tgz 0ms (cache hit)
2957 http cache tinyglobby@https://registry.npmjs.org/tinyglobby/-/tinyglobby-0.2.17.tgz 0ms (cache hit)
2958 http cache @types/graceful-fs@https://registry.npmjs.org/@types/graceful-fs/-/graceful-fs-4.1.9.tgz 0ms (cache hit)
2959 http cache istanbul-lib-coverage@https://registry.npmjs.org/istanbul-lib-coverage/-/istanbul-lib-coverage-3.2.2.tgz 0ms (cache hit)
2960 http cache @babel/plugin-syntax-top-level-await@https://registry.npmjs.org/@babel/plugin-syntax-top-level-await/-/plugin-syntax-top-level-await-7.14.5.tgz 0ms (cache hit)
2961 http cache @babel/plugin-syntax-private-property-in-object@https://registry.npmjs.org/@babel/plugin-syntax-private-property-in-object/-/plugin-syntax-private-property-in-object-7.14.5.tgz 0ms (cache hit)
2962 http cache @babel/plugin-syntax-json-strings@https://registry.npmjs.org/@babel/plugin-syntax-json-strings/-/plugin-syntax-json-strings-7.8.3.tgz 0ms (cache hit)
2963 http cache @babel/plugin-syntax-import-meta@https://registry.npmjs.org/@babel/plugin-syntax-import-meta/-/plugin-syntax-import-meta-7.10.4.tgz 0ms (cache hit)
2964 http cache @babel/plugin-syntax-class-static-block@https://registry.npmjs.org/@babel/plugin-syntax-class-static-block/-/plugin-syntax-class-static-block-7.14.5.tgz 0ms (cache hit)
2965 http cache @babel/plugin-syntax-class-properties@https://registry.npmjs.org/@babel/plugin-syntax-class-properties/-/plugin-syntax-class-properties-7.12.13.tgz 0ms (cache hit)
2966 http cache @babel/plugin-syntax-bigint@https://registry.npmjs.org/@babel/plugin-syntax-bigint/-/plugin-syntax-bigint-7.8.3.tgz 0ms (cache hit)
2967 http cache babel-preset-current-node-syntax@https://registry.npmjs.org/babel-preset-current-node-syntax/-/babel-preset-current-node-syntax-1.2.0.tgz 0ms (cache hit)
2968 http cache babel-plugin-jest-hoist@https://registry.npmjs.org/babel-plugin-jest-hoist/-/babel-plugin-jest-hoist-29.6.3.tgz 0ms (cache hit)
2969 http cache get-package-type@https://registry.npmjs.org/get-package-type/-/get-package-type-0.1.0.tgz 0ms (cache hit)
2970 http cache istanbul-lib-instrument@https://registry.npmjs.org/istanbul-lib-instrument/-/istanbul-lib-instrument-5.2.1.tgz 0ms (cache hit)
2971 http cache @istanbuljs/schema@https://registry.npmjs.org/@istanbuljs/schema/-/schema-0.1.6.tgz 0ms (cache hit)
2972 http cache test-exclude@https://registry.npmjs.org/test-exclude/-/test-exclude-6.0.0.tgz 0ms (cache hit)
2973 http cache @istanbuljs/load-nyc-config@https://registry.npmjs.org/@istanbuljs/load-nyc-config/-/load-nyc-config-1.1.0.tgz 0ms (cache hit)
2974 http cache @types/babel__traverse@https://registry.npmjs.org/@types/babel__traverse/-/babel__traverse-7.28.0.tgz 0ms (cache hit)
2975 http cache @types/babel__template@https://registry.npmjs.org/@types/babel__template/-/babel__template-7.4.4.tgz 0ms (cache hit)
2976 http cache jest-regex-util@https://registry.npmjs.org/jest-regex-util/-/jest-regex-util-29.6.3.tgz 0ms (cache hit)
2977 http cache @types/babel__generator@https://registry.npmjs.org/@types/babel__generator/-/babel__generator-7.27.0.tgz 0ms (cache hit)
2978 http cache jest-haste-map@https://registry.npmjs.org/jest-haste-map/-/jest-haste-map-29.7.0.tgz 0ms (cache hit)
2979 http cache fast-json-stable-stringify@https://registry.npmjs.org/fast-json-stable-stringify/-/fast-json-stable-stringify-2.1.0.tgz 0ms (cache hit)
2980 http cache babel-plugin-istanbul@https://registry.npmjs.org/babel-plugin-istanbul/-/babel-plugin-istanbul-6.1.1.tgz 0ms (cache hit)
2981 http cache babel-preset-jest@https://registry.npmjs.org/babel-preset-jest/-/babel-preset-jest-29.6.3.tgz 0ms (cache hit)
2982 http cache @types/babel__core@https://registry.npmjs.org/@types/babel__core/-/babel__core-7.20.5.tgz 0ms (cache hit)
2983 http cache @jest/transform@https://registry.npmjs.org/@jest/transform/-/transform-29.7.0.tgz 0ms (cache hit)
2984 http cache @react-native/virtualized-lists@https://registry.npmjs.org/@react-native/virtualized-lists/-/virtualized-lists-0.79.2.tgz 0ms (cache hit)
2985 http cache @babel/traverse--for-generate-function-map@https://registry.npmjs.org/@babel/traverse/-/traverse-7.29.8.tgz 0ms (cache hit)
2986 http cache react-native-is-edge-to-edge@https://registry.npmjs.org/react-native-is-edge-to-edge/-/react-native-is-edge-to-edge-1.3.1.tgz 0ms (cache hit)
2987 http cache react-native-edge-to-edge@https://registry.npmjs.org/react-native-edge-to-edge/-/react-native-edge-to-edge-1.6.0.tgz 0ms (cache hit)
2988 http cache babel-plugin-syntax-hermes-parser@https://registry.npmjs.org/babel-plugin-syntax-hermes-parser/-/babel-plugin-syntax-hermes-parser-0.29.1.tgz 0ms (cache hit)
2989 http cache chromium-edge-launcher@https://registry.npmjs.org/chromium-edge-launcher/-/chromium-edge-launcher-0.2.0.tgz 0ms (cache hit)
2990 http cache @expo/require-utils@https://registry.npmjs.org/@expo/require-utils/-/require-utils-55.0.6.tgz 0ms (cache hit)
2991 http cache undici@https://registry.npmjs.org/undici/-/undici-6.28.0.tgz 0ms (cache hit)
2992 http cache lan-network@https://registry.npmjs.org/lan-network/-/lan-network-0.2.1.tgz 0ms (cache hit)
2993 http cache expo-server@https://registry.npmjs.org/expo-server/-/expo-server-1.0.7.tgz 0ms (cache hit)
2994 http cache @expo/ws-tunnel@https://registry.npmjs.org/@expo/ws-tunnel/-/ws-tunnel-1.0.6.tgz 0ms (cache hit)
2995 http cache @expo/schema-utils@https://registry.npmjs.org/@expo/schema-utils/-/schema-utils-0.1.9.tgz 0ms (cache hit)
2996 http cache @0no-co/graphql.web@https://registry.npmjs.org/@0no-co/graphql.web/-/graphql.web-1.3.3.tgz 0ms (cache hit)
2997 http cache @ungap/structured-clone@https://registry.npmjs.org/@ungap/structured-clone/-/structured-clone-1.3.3.tgz 0ms (cache hit)
2998 http cache @expo/fingerprint@https://registry.npmjs.org/@expo/fingerprint/-/fingerprint-0.15.5.tgz 0ms (cache hit)
2999 http cache @expo/devtools@https://registry.npmjs.org/@expo/devtools/-/devtools-0.1.8.tgz 0ms (cache hit)
3000 http cache babel-jest@https://registry.npmjs.org/babel-jest/-/babel-jest-29.7.0.tgz 0ms (cache hit)
3001 http cache xmlbuilder@https://registry.npmjs.org/xmlbuilder/-/xmlbuilder-15.1.1.tgz 0ms (cache hit)
3002 http cache write-file-atomic@https://registry.npmjs.org/write-file-atomic/-/write-file-atomic-4.0.2.tgz 0ms (cache hit)
3003 http cache wonka@https://registry.npmjs.org/wonka/-/wonka-6.3.6.tgz 0ms (cache hit)
3004 http cache validate-npm-package-name@https://registry.npmjs.org/validate-npm-package-name/-/validate-npm-package-name-5.0.1.tgz 0ms (cache hit)
3005 http cache uuid@https://registry.npmjs.org/uuid/-/uuid-7.0.3.tgz 0ms (cache hit)
3006 http cache tar@https://registry.npmjs.org/tar/-/tar-7.5.22.tgz 0ms (cache hit)
3007 http cache source-map@https://registry.npmjs.org/source-map/-/source-map-0.5.7.tgz 0ms (cache hit)
3008 http cache send@https://registry.npmjs.org/send/-/send-0.19.2.tgz 0ms (cache hit)
3009 http cache scheduler@https://registry.npmjs.org/scheduler/-/scheduler-0.25.0.tgz 0ms (cache hit)
3010 http cache react-native-svg@https://registry.npmjs.org/react-native-svg/-/react-native-svg-15.11.2.tgz 0ms (cache hit)
3011 http cache react-native-screens@https://registry.npmjs.org/react-native-screens/-/react-native-screens-4.4.0.tgz 0ms (cache hit)
3012 http cache react-native-safe-area-context@https://registry.npmjs.org/react-native-safe-area-context/-/react-native-safe-area-context-5.2.0.tgz 0ms (cache hit)
3013 http cache react-native@https://registry.npmjs.org/react-native/-/react-native-0.79.2.tgz 0ms (cache hit)
3014 http cache react-devtools-core@https://registry.npmjs.org/react-devtools-core/-/react-devtools-core-6.1.5.tgz 0ms (cache hit)
3015 http cache react@https://registry.npmjs.org/react/-/react-18.3.1.tgz 0ms (cache hit)
3016 http cache pretty-format@https://registry.npmjs.org/pretty-format/-/pretty-format-29.7.0.tgz 0ms (cache hit)
3017 http cache picomatch@https://registry.npmjs.org/picomatch/-/picomatch-4.0.5.tgz 0ms (cache hit)
3018 http cache path-scurry@https://registry.npmjs.org/path-scurry/-/path-scurry-2.0.2.tgz 0ms (cache hit)
3019 http cache p-locate@https://registry.npmjs.org/p-locate/-/p-locate-4.1.0.tgz 0ms (cache hit)
3020 http cache open@https://registry.npmjs.org/open/-/open-7.4.2.tgz 0ms (cache hit)
3021 http cache ob1@https://registry.npmjs.org/ob1/-/ob1-0.83.3.tgz 0ms (cache hit)
3022 http cache @expo/metro@https://registry.npmjs.org/@expo/metro/-/metro-54.2.0.tgz 0ms (cache hit)
3023 silly tarball no local data for sucrase@https://registry.npmjs.org/sucrase/-/sucrase-3.35.1.tgz. Extracting by manifest.
3024 http cache npm-package-arg@https://registry.npmjs.org/npm-package-arg/-/npm-package-arg-11.0.3.tgz 0ms (cache hit)
3025 http cache minimatch@https://registry.npmjs.org/minimatch/-/minimatch-9.0.9.tgz 0ms (cache hit)
3026 http cache mime@https://registry.npmjs.org/mime/-/mime-1.6.0.tgz 0ms (cache hit)
3027 silly tarball no local data for minizlib@https://registry.npmjs.org/minizlib/-/minizlib-3.1.0.tgz. Extracting by manifest.
3028 http cache metro-transform-worker@https://registry.npmjs.org/metro-transform-worker/-/metro-transform-worker-0.83.3.tgz 0ms (cache hit)
3029 http cache metro-transform-plugins@https://registry.npmjs.org/metro-transform-plugins/-/metro-transform-plugins-0.83.3.tgz 0ms (cache hit)
3030 silly tarball no local data for metro-symbolicate@https://registry.npmjs.org/metro-symbolicate/-/metro-symbolicate-0.83.3.tgz. Extracting by manifest.
3031 http cache metro-resolver@https://registry.npmjs.org/metro-resolver/-/metro-resolver-0.83.3.tgz 0ms (cache hit)
3032 http cache metro-runtime@https://registry.npmjs.org/metro-runtime/-/metro-runtime-0.83.3.tgz 0ms (cache hit)
3033 http cache metro-core@https://registry.npmjs.org/metro-core/-/metro-core-0.83.3.tgz 0ms (cache hit)
3034 http cache metro-minify-terser@https://registry.npmjs.org/metro-minify-terser/-/metro-minify-terser-0.83.3.tgz 0ms (cache hit)
3035 http cache metro-cache-key@https://registry.npmjs.org/metro-cache-key/-/metro-cache-key-0.83.3.tgz 0ms (cache hit)
3036 http cache metro-config@https://registry.npmjs.org/metro-config/-/metro-config-0.83.3.tgz 0ms (cache hit)
3037 http cache metro-cache@https://registry.npmjs.org/metro-cache/-/metro-cache-0.83.3.tgz 0ms (cache hit)
3038 silly tarball no local data for metro-source-map@https://registry.npmjs.org/metro-source-map/-/metro-source-map-0.83.3.tgz. Extracting by manifest.
3039 http cache metro-babel-transformer@https://registry.npmjs.org/metro-babel-transformer/-/metro-babel-transformer-0.83.3.tgz 0ms (cache hit)
3040 http cache metro@https://registry.npmjs.org/metro/-/metro-0.83.3.tgz 0ms (cache hit)
3041 http cache locate-path@https://registry.npmjs.org/locate-path/-/locate-path-5.0.0.tgz 0ms (cache hit)
3042 http cache lightningcss-darwin-arm64@https://registry.npmjs.org/lightningcss-darwin-arm64/-/lightningcss-darwin-arm64-1.33.0.tgz 0ms (cache hit)
3043 http cache lightningcss@https://registry.npmjs.org/lightningcss/-/lightningcss-1.33.0.tgz 0ms (cache hit)
3044 http cache js-yaml@https://registry.npmjs.org/js-yaml/-/js-yaml-4.3.1.tgz 0ms (cache hit)
3045 silly tarball no local data for metro-file-map@https://registry.npmjs.org/metro-file-map/-/metro-file-map-0.83.3.tgz. Extracting by manifest.
3046 http cache is-fullwidth-code-point@https://registry.npmjs.org/is-fullwidth-code-point/-/is-fullwidth-code-point-3.0.0.tgz 0ms (cache hit)
3047 http cache http-errors@https://registry.npmjs.org/http-errors/-/http-errors-2.0.1.tgz 0ms (cache hit)
3048 http cache hosted-git-info@https://registry.npmjs.org/hosted-git-info/-/hosted-git-info-7.0.2.tgz 0ms (cache hit)
3049 http cache hermes-parser@https://registry.npmjs.org/hermes-parser/-/hermes-parser-0.29.1.tgz 0ms (cache hit)
3050 http cache hermes-estree@https://registry.npmjs.org/hermes-estree/-/hermes-estree-0.29.1.tgz 0ms (cache hit)
3051 http cache glob@https://registry.npmjs.org/glob/-/glob-13.0.6.tgz 0ms (cache hit)
3052 http cache getenv@https://registry.npmjs.org/getenv/-/getenv-2.0.0.tgz 0ms (cache hit)
3053 http cache find-up@https://registry.npmjs.org/find-up/-/find-up-4.1.0.tgz 0ms (cache hit)
3054 http cache expo-status-bar@https://registry.npmjs.org/expo-status-bar/-/expo-status-bar-2.2.3.tgz 0ms (cache hit)
3055 http cache expo-location@https://registry.npmjs.org/expo-location/-/expo-location-18.0.10.tgz 0ms (cache hit)
3056 http cache expo-linking@https://registry.npmjs.org/expo-linking/-/expo-linking-7.0.5.tgz 0ms (cache hit)
3057 http cache expo-keep-awake@https://registry.npmjs.org/expo-keep-awake/-/expo-keep-awake-15.0.8.tgz 0ms (cache hit)
3058 http cache expo-font@https://registry.npmjs.org/expo-font/-/expo-font-14.0.12.tgz 0ms (cache hit)
3059 http cache expo-file-system@https://registry.npmjs.org/expo-file-system/-/expo-file-system-19.0.23.tgz 0ms (cache hit)
3060 http cache expo-constants@https://registry.npmjs.org/expo-constants/-/expo-constants-18.0.13.tgz 0ms (cache hit)
3061 http cache expo-asset@https://registry.npmjs.org/expo-asset/-/expo-asset-12.0.13.tgz 0ms (cache hit)
3062 http cache expo-modules-core@https://registry.npmjs.org/expo-modules-core/-/expo-modules-core-3.0.30.tgz 0ms (cache hit)
3063 silly tarball no local data for expo-modules-autolinking@https://registry.npmjs.org/expo-modules-autolinking/-/expo-modules-autolinking-3.0.26.tgz. Extracting by manifest.
3064 http cache expo@https://registry.npmjs.org/expo/-/expo-54.0.36.tgz 0ms (cache hit)
3065 http cache detect-libc@https://registry.npmjs.org/detect-libc/-/detect-libc-2.1.2.tgz 0ms (cache hit)
3066 http cache clone@https://registry.npmjs.org/clone/-/clone-1.0.4.tgz 0ms (cache hit)
3067 http cache chownr@https://registry.npmjs.org/chownr/-/chownr-3.0.0.tgz 0ms (cache hit)
3068 http cache brace-expansion@https://registry.npmjs.org/brace-expansion/-/brace-expansion-2.1.4.tgz 0ms (cache hit)
3069 http cache bplist-creator@https://registry.npmjs.org/bplist-creator/-/bplist-creator-0.1.0.tgz 0ms (cache hit)
3070 http cache babel-preset-expo@https://registry.npmjs.org/babel-preset-expo/-/babel-preset-expo-54.0.12.tgz 0ms (cache hit)
3071 http cache babel-plugin-react-native-web@https://registry.npmjs.org/babel-plugin-react-native-web/-/babel-plugin-react-native-web-0.21.2.tgz 0ms (cache hit)
3072 http cache argparse@https://registry.npmjs.org/argparse/-/argparse-2.0.1.tgz 0ms (cache hit)
3073 http cache ansi-regex@https://registry.npmjs.org/ansi-regex/-/ansi-regex-5.0.1.tgz 0ms (cache hit)
3074 http cache @xmldom/xmldom@https://registry.npmjs.org/@xmldom/xmldom/-/xmldom-0.8.14.tgz 0ms (cache hit)
3075 http cache @urql/exchange-retry@https://registry.npmjs.org/@urql/exchange-retry/-/exchange-retry-1.3.2.tgz 0ms (cache hit)
3076 http cache @urql/core@https://registry.npmjs.org/@urql/core/-/core-5.2.0.tgz 0ms (cache hit)
3077 silly tarball no local data for babel-plugin-react-compiler@https://registry.npmjs.org/babel-plugin-react-compiler/-/babel-plugin-react-compiler-1.0.0.tgz. Extracting by manifest.
3078 http cache @types/yargs@https://registry.npmjs.org/@types/yargs/-/yargs-17.0.35.tgz 0ms (cache hit)
3079 http cache @types/react@https://registry.npmjs.org/@types/react/-/react-18.3.31.tgz 0ms (cache hit)
3080 http cache @types/istanbul-reports@https://registry.npmjs.org/@types/istanbul-reports/-/istanbul-reports-3.0.4.tgz 0ms (cache hit)
3081 http cache @react-native/normalize-colors@https://registry.npmjs.org/@react-native/normalize-colors/-/normalize-colors-0.81.5.tgz 0ms (cache hit)
3082 http cache @react-native/js-polyfills@https://registry.npmjs.org/@react-native/js-polyfills/-/js-polyfills-0.79.2.tgz 0ms (cache hit)
3083 http cache @react-native/gradle-plugin@https://registry.npmjs.org/@react-native/gradle-plugin/-/gradle-plugin-0.79.2.tgz 0ms (cache hit)
3084 http cache @react-native/debugger-frontend@https://registry.npmjs.org/@react-native/debugger-frontend/-/debugger-frontend-0.81.5.tgz 0ms (cache hit)
3085 http cache @react-native/community-cli-plugin@https://registry.npmjs.org/@react-native/community-cli-plugin/-/community-cli-plugin-0.79.2.tgz 0ms (cache hit)
3086 http cache @react-native/codegen@https://registry.npmjs.org/@react-native/codegen/-/codegen-0.81.5.tgz 0ms (cache hit)
3087 http cache @react-native/babel-preset@https://registry.npmjs.org/@react-native/babel-preset/-/babel-preset-0.81.5.tgz 0ms (cache hit)
3088 http cache @react-native/babel-plugin-codegen@https://registry.npmjs.org/@react-native/babel-plugin-codegen/-/babel-plugin-codegen-0.81.5.tgz 0ms (cache hit)
3089 http cache @react-native/assets-registry@https://registry.npmjs.org/@react-native/assets-registry/-/assets-registry-0.79.2.tgz 0ms (cache hit)
3090 http cache @jest/types@https://registry.npmjs.org/@jest/types/-/types-29.6.3.tgz 0ms (cache hit)
3091 silly tarball no local data for @react-native/dev-middleware@https://registry.npmjs.org/@react-native/dev-middleware/-/dev-middleware-0.81.5.tgz. Extracting by manifest.
3092 http cache @expo/vector-icons@https://registry.npmjs.org/@expo/vector-icons/-/vector-icons-15.1.1.tgz 0ms (cache hit)
3093 http cache @expo/plist@https://registry.npmjs.org/@expo/plist/-/plist-0.4.9.tgz 0ms (cache hit)
3094 http cache @expo/metro-config@https://registry.npmjs.org/@expo/metro-config/-/metro-config-54.0.17.tgz 0ms (cache hit)
3095 silly tarball no local data for @expo/prebuild-config@https://registry.npmjs.org/@expo/prebuild-config/-/prebuild-config-54.0.9.tgz. Extracting by manifest.
3096 http cache @expo/env@https://registry.npmjs.org/@expo/env/-/env-2.0.12.tgz 0ms (cache hit)
3097 http cache @expo/config-types@https://registry.npmjs.org/@expo/config-types/-/config-types-54.0.10.tgz 0ms (cache hit)
3098 http cache @expo/config-plugins@https://registry.npmjs.org/@expo/config-plugins/-/config-plugins-54.0.5.tgz 0ms (cache hit)
3099 silly tarball no local data for @expo/json-file@https://registry.npmjs.org/@expo/json-file/-/json-file-10.2.0.tgz. Extracting by manifest.
3100 silly tarball no local data for @expo/image-utils@https://registry.npmjs.org/@expo/image-utils/-/image-utils-0.8.15.tgz. Extracting by manifest.
3101 silly tarball no local data for @expo/config@https://registry.npmjs.org/@expo/config/-/config-12.0.14.tgz. Extracting by manifest.
3102 http cache @expo/code-signing-certificates@https://registry.npmjs.org/@expo/code-signing-certificates/-/code-signing-certificates-0.0.6.tgz 0ms (cache hit)
3103 http cache brace-expansion@https://registry.npmjs.org/brace-expansion/-/brace-expansion-1.1.18.tgz 0ms (cache hit)
3104 http cache minimatch@https://registry.npmjs.org/minimatch/-/minimatch-3.1.5.tgz 0ms (cache hit)
3105 http cache glob@https://registry.npmjs.org/glob/-/glob-7.2.3.tgz 0ms (cache hit)
3106 http cache argparse@https://registry.npmjs.org/argparse/-/argparse-1.0.10.tgz 0ms (cache hit)
3107 http cache js-yaml@https://registry.npmjs.org/js-yaml/-/js-yaml-3.15.1.tgz 0ms (cache hit)
3108 http cache camelcase@https://registry.npmjs.org/camelcase/-/camelcase-5.3.1.tgz 0ms (cache hit)
3109 http cache balanced-match@https://registry.npmjs.org/balanced-match/-/balanced-match-4.0.4.tgz 0ms (cache hit)
3110 http cache brace-expansion@https://registry.npmjs.org/brace-expansion/-/brace-expansion-5.0.9.tgz 0ms (cache hit)
3111 http cache minimatch@https://registry.npmjs.org/minimatch/-/minimatch-10.2.6.tgz 0ms (cache hit)
3112 http cache semver@https://registry.npmjs.org/semver/-/semver-7.8.5.tgz 0ms (cache hit)
3113 http cache yallist@https://registry.npmjs.org/yallist/-/yallist-5.0.0.tgz 0ms (cache hit)
3114 http cache ansi-regex@https://registry.npmjs.org/ansi-regex/-/ansi-regex-4.1.1.tgz 0ms (cache hit)
3115 http cache brace-expansion@https://registry.npmjs.org/brace-expansion/-/brace-expansion-1.1.18.tgz 0ms (cache hit)
3116 http cache encodeurl@https://registry.npmjs.org/encodeurl/-/encodeurl-2.0.0.tgz 0ms (cache hit)
3117 http cache glob@https://registry.npmjs.org/glob/-/glob-7.2.3.tgz 0ms (cache hit)
3118 http cache brace-expansion@https://registry.npmjs.org/brace-expansion/-/brace-expansion-1.1.18.tgz 0ms (cache hit)
3119 http cache minimatch@https://registry.npmjs.org/minimatch/-/minimatch-3.1.5.tgz 0ms (cache hit)
3120 http cache ob1@https://registry.npmjs.org/ob1/-/ob1-0.82.5.tgz 0ms (cache hit)
3121 http cache statuses@https://registry.npmjs.org/statuses/-/statuses-2.0.2.tgz 0ms (cache hit)
3122 http cache hermes-estree@https://registry.npmjs.org/hermes-estree/-/hermes-estree-0.25.1.tgz 0ms (cache hit)
3123 http cache minimatch@https://registry.npmjs.org/minimatch/-/minimatch-3.1.5.tgz 0ms (cache hit)
3124 http cache metro-symbolicate@https://registry.npmjs.org/metro-symbolicate/-/metro-symbolicate-0.82.5.tgz 0ms (cache hit)
3125 http cache hermes-parser@https://registry.npmjs.org/hermes-parser/-/hermes-parser-0.25.1.tgz 0ms (cache hit)
3126 http cache semver@https://registry.npmjs.org/semver/-/semver-7.8.5.tgz 0ms (cache hit)
3127 http cache metro-source-map@https://registry.npmjs.org/metro-source-map/-/metro-source-map-0.82.5.tgz 0ms (cache hit)
3128 http cache metro-runtime@https://registry.npmjs.org/metro-runtime/-/metro-runtime-0.82.5.tgz 0ms (cache hit)
3129 http cache glob@https://registry.npmjs.org/glob/-/glob-7.2.3.tgz 0ms (cache hit)
3130 http cache commander@https://registry.npmjs.org/commander/-/commander-12.1.0.tgz 0ms (cache hit)
3131 http cache babel-plugin-syntax-hermes-parser@https://registry.npmjs.org/babel-plugin-syntax-hermes-parser/-/babel-plugin-syntax-hermes-parser-0.25.1.tgz 0ms (cache hit)
3132 http cache @react-native/codegen@https://registry.npmjs.org/@react-native/codegen/-/codegen-0.79.2.tgz 0ms (cache hit)
3133 http cache @react-native/normalize-colors@https://registry.npmjs.org/@react-native/normalize-colors/-/normalize-colors-0.79.2.tgz 0ms (cache hit)
3134 http cache react-is@https://registry.npmjs.org/react-is/-/react-is-18.3.1.tgz 0ms (cache hit)
3135 http cache ansi-styles@https://registry.npmjs.org/ansi-styles/-/ansi-styles-5.2.0.tgz 0ms (cache hit)
3136 http cache lru-cache@https://registry.npmjs.org/lru-cache/-/lru-cache-11.5.2.tgz 0ms (cache hit)
3137 http cache p-limit@https://registry.npmjs.org/p-limit/-/p-limit-2.3.0.tgz 0ms (cache hit)
3138 http cache semver@https://registry.npmjs.org/semver/-/semver-7.8.5.tgz 0ms (cache hit)
3139 http cache agent-base@https://registry.npmjs.org/agent-base/-/agent-base-7.1.4.tgz 0ms (cache hit)
3140 http cache hermes-parser@https://registry.npmjs.org/hermes-parser/-/hermes-parser-0.32.0.tgz 0ms (cache hit)
3141 http cache https-proxy-agent@https://registry.npmjs.org/https-proxy-agent/-/https-proxy-agent-7.0.6.tgz 0ms (cache hit)
3142 http cache hermes-estree@https://registry.npmjs.org/hermes-estree/-/hermes-estree-0.32.0.tgz 0ms (cache hit)
3143 http cache hermes-parser@https://registry.npmjs.org/hermes-parser/-/hermes-parser-0.32.0.tgz 0ms (cache hit)
3144 http cache hermes-estree@https://registry.npmjs.org/hermes-estree/-/hermes-estree-0.32.0.tgz 0ms (cache hit)
3145 http cache statuses@https://registry.npmjs.org/statuses/-/statuses-2.0.2.tgz 0ms (cache hit)
3146 http cache lru-cache@https://registry.npmjs.org/lru-cache/-/lru-cache-10.4.3.tgz 0ms (cache hit)
3147 http cache balanced-match@https://registry.npmjs.org/balanced-match/-/balanced-match-4.0.4.tgz 0ms (cache hit)
3148 http cache brace-expansion@https://registry.npmjs.org/brace-expansion/-/brace-expansion-5.0.9.tgz 0ms (cache hit)
3149 http cache minimatch@https://registry.npmjs.org/minimatch/-/minimatch-10.2.6.tgz 0ms (cache hit)
3150 http cache write-file-atomic@https://registry.npmjs.org/write-file-atomic/-/write-file-atomic-2.4.3.tgz 0ms (cache hit)
3151 http cache commander@https://registry.npmjs.org/commander/-/commander-4.1.1.tgz 0ms (cache hit)
3152 http cache path-scurry@https://registry.npmjs.org/path-scurry/-/path-scurry-1.11.1.tgz 0ms (cache hit)
3153 http cache lru-cache@https://registry.npmjs.org/lru-cache/-/lru-cache-10.4.3.tgz 0ms (cache hit)
3154 http cache xmlbuilder@https://registry.npmjs.org/xmlbuilder/-/xmlbuilder-14.0.0.tgz 0ms (cache hit)
3155 http cache @xmldom/xmldom@https://registry.npmjs.org/@xmldom/xmldom/-/xmldom-0.7.13.tgz 0ms (cache hit)
3156 http cache @expo/plist@https://registry.npmjs.org/@expo/plist/-/plist-0.2.2.tgz 0ms (cache hit)
3157 http cache sucrase@https://registry.npmjs.org/sucrase/-/sucrase-3.35.0.tgz 0ms (cache hit)
3158 http cache semver@https://registry.npmjs.org/semver/-/semver-7.8.5.tgz 0ms (cache hit)
3159 http cache glob@https://registry.npmjs.org/glob/-/glob-10.5.0.tgz 0ms (cache hit)
3160 http cache getenv@https://registry.npmjs.org/getenv/-/getenv-1.0.0.tgz 0ms (cache hit)
3161 http cache @expo/json-file@https://registry.npmjs.org/@expo/json-file/-/json-file-9.1.5.tgz 0ms (cache hit)
3162 http cache @expo/config-types@https://registry.npmjs.org/@expo/config-types/-/config-types-52.0.5.tgz 0ms (cache hit)
3163 http cache @expo/config-plugins@https://registry.npmjs.org/@expo/config-plugins/-/config-plugins-9.0.17.tgz 0ms (cache hit)
3164 http cache @babel/code-frame@https://registry.npmjs.org/@babel/code-frame/-/code-frame-7.10.4.tgz 0ms (cache hit)
3165 http cache @expo/json-file@https://registry.npmjs.org/@expo/json-file/-/json-file-9.0.2.tgz 0ms (cache hit)
3166 http cache @expo/env@https://registry.npmjs.org/@expo/env/-/env-0.4.2.tgz 0ms (cache hit)
3167 http cache @expo/config@https://registry.npmjs.org/@expo/config/-/config-10.0.11.tgz 0ms (cache hit)
3168 http cache expo-constants@https://registry.npmjs.org/expo-constants/-/expo-constants-17.0.8.tgz 0ms (cache hit)
3169 http cache argparse@https://registry.npmjs.org/argparse/-/argparse-1.0.10.tgz 0ms (cache hit)
3170 http cache js-yaml@https://registry.npmjs.org/js-yaml/-/js-yaml-3.15.1.tgz 0ms (cache hit)
3171 http cache open@https://registry.npmjs.org/open/-/open-8.4.2.tgz 0ms (cache hit)
3172 http cache metro-minify-terser@https://registry.npmjs.org/metro-minify-terser/-/metro-minify-terser-0.82.5.tgz 0ms (cache hit)
3173 http cache ob1@https://registry.npmjs.org/ob1/-/ob1-0.82.5.tgz 0ms (cache hit)
3174 http cache agent-base@https://registry.npmjs.org/agent-base/-/agent-base-7.1.4.tgz 0ms (cache hit)
3175 http cache ms@https://registry.npmjs.org/ms/-/ms-2.1.3.tgz 0ms (cache hit)
3176 http cache debug@https://registry.npmjs.org/debug/-/debug-4.4.3.tgz 0ms (cache hit)
3177 http cache metro-transform-worker@https://registry.npmjs.org/metro-transform-worker/-/metro-transform-worker-0.82.5.tgz 0ms (cache hit)
3178 http cache metro-transform-plugins@https://registry.npmjs.org/metro-transform-plugins/-/metro-transform-plugins-0.82.5.tgz 0ms (cache hit)
3179 http cache metro-symbolicate@https://registry.npmjs.org/metro-symbolicate/-/metro-symbolicate-0.82.5.tgz 0ms (cache hit)
3180 http cache https-proxy-agent@https://registry.npmjs.org/https-proxy-agent/-/https-proxy-agent-7.0.6.tgz 0ms (cache hit)
3181 http cache metro-source-map@https://registry.npmjs.org/metro-source-map/-/metro-source-map-0.82.5.tgz 0ms (cache hit)
3182 http cache metro-runtime@https://registry.npmjs.org/metro-runtime/-/metro-runtime-0.82.5.tgz 0ms (cache hit)
3183 http cache metro-resolver@https://registry.npmjs.org/metro-resolver/-/metro-resolver-0.82.5.tgz 1ms (cache hit)
3184 http cache metro-file-map@https://registry.npmjs.org/metro-file-map/-/metro-file-map-0.82.5.tgz 0ms (cache hit)
3185 http cache ms@https://registry.npmjs.org/ms/-/ms-2.1.3.tgz 0ms (cache hit)
3186 http cache debug@https://registry.npmjs.org/debug/-/debug-4.4.3.tgz 0ms (cache hit)
3187 http cache metro-cache-key@https://registry.npmjs.org/metro-cache-key/-/metro-cache-key-0.82.5.tgz 0ms (cache hit)
3188 http cache metro-cache@https://registry.npmjs.org/metro-cache/-/metro-cache-0.82.5.tgz 0ms (cache hit)
3189 http cache metro-babel-transformer@https://registry.npmjs.org/metro-babel-transformer/-/metro-babel-transformer-0.82.5.tgz 0ms (cache hit)
3190 http cache ci-info@https://registry.npmjs.org/ci-info/-/ci-info-2.0.0.tgz 0ms (cache hit)
3191 http cache semver@https://registry.npmjs.org/semver/-/semver-7.8.5.tgz 0ms (cache hit)
3192 http cache metro-core@https://registry.npmjs.org/metro-core/-/metro-core-0.82.5.tgz 0ms (cache hit)
3193 http cache metro-config@https://registry.npmjs.org/metro-config/-/metro-config-0.82.5.tgz 0ms (cache hit)
3194 http cache metro@https://registry.npmjs.org/metro/-/metro-0.82.5.tgz 0ms (cache hit)
3195 http cache ms@https://registry.npmjs.org/ms/-/ms-2.1.3.tgz 0ms (cache hit)
3196 http cache ws@https://registry.npmjs.org/ws/-/ws-7.5.13.tgz 0ms (cache hit)
3197 http cache @react-native/dev-middleware@https://registry.npmjs.org/@react-native/dev-middleware/-/dev-middleware-0.79.2.tgz 0ms (cache hit)
3198 http cache debug@https://registry.npmjs.org/debug/-/debug-4.4.3.tgz 0ms (cache hit)
3199 http cache @react-native/debugger-frontend@https://registry.npmjs.org/@react-native/debugger-frontend/-/debugger-frontend-0.79.2.tgz 0ms (cache hit)
3200 http cache brace-expansion@https://registry.npmjs.org/brace-expansion/-/brace-expansion-1.1.18.tgz 0ms (cache hit)
3201 http cache minimatch@https://registry.npmjs.org/minimatch/-/minimatch-3.1.5.tgz 0ms (cache hit)
3202 http cache glob@https://registry.npmjs.org/glob/-/glob-7.2.3.tgz 0ms (cache hit)
3203 http cache @expo/json-file@https://registry.npmjs.org/@expo/json-file/-/json-file-10.0.16.tgz 0ms (cache hit)
3204 http cache @babel/code-frame@https://registry.npmjs.org/@babel/code-frame/-/code-frame-7.10.4.tgz 0ms (cache hit)
3205 http cache @babel/code-frame@https://registry.npmjs.org/@babel/code-frame/-/code-frame-7.10.4.tgz 0ms (cache hit)
3206 http cache @expo/json-file@https://registry.npmjs.org/@expo/json-file/-/json-file-10.0.16.tgz 0ms (cache hit)
3207 silly tarball no local data for fdir@https://registry.npmjs.org/fdir/-/fdir-6.5.0.tgz. Extracting by manifest.
3208 silly tarball no local data for @expo/cli@https://registry.npmjs.org/@expo/cli/-/cli-54.0.26.tgz. Extracting by manifest.
3209 silly tarball no local data for @isaacs/fs-minipass@https://registry.npmjs.org/@isaacs/fs-minipass/-/fs-minipass-4.0.1.tgz. Extracting by manifest.
3210 silly tarball no local data for tinyglobby@https://registry.npmjs.org/tinyglobby/-/tinyglobby-0.2.17.tgz. Extracting by manifest.
3211 silly tarball no local data for @types/graceful-fs@https://registry.npmjs.org/@types/graceful-fs/-/graceful-fs-4.1.9.tgz. Extracting by manifest.
3212 silly tarball no local data for istanbul-lib-coverage@https://registry.npmjs.org/istanbul-lib-coverage/-/istanbul-lib-coverage-3.2.2.tgz. Extracting by manifest.
3213 silly tarball no local data for @babel/plugin-syntax-top-level-await@https://registry.npmjs.org/@babel/plugin-syntax-top-level-await/-/plugin-syntax-top-level-await-7.14.5.tgz. Extracting by manifest.
3214 silly tarball no local data for @babel/plugin-syntax-private-property-in-object@https://registry.npmjs.org/@babel/plugin-syntax-private-property-in-object/-/plugin-syntax-private-property-in-object-7.14.5.tgz. Extracting by manifest.
3215 silly tarball no local data for @babel/plugin-syntax-json-strings@https://registry.npmjs.org/@babel/plugin-syntax-json-strings/-/plugin-syntax-json-strings-7.8.3.tgz. Extracting by manifest.
3216 silly tarball no local data for @babel/plugin-syntax-import-meta@https://registry.npmjs.org/@babel/plugin-syntax-import-meta/-/plugin-syntax-import-meta-7.10.4.tgz. Extracting by manifest.
3217 silly tarball no local data for @babel/plugin-syntax-class-static-block@https://registry.npmjs.org/@babel/plugin-syntax-class-static-block/-/plugin-syntax-class-static-block-7.14.5.tgz. Extracting by manifest.
3218 silly tarball no local data for @babel/plugin-syntax-class-properties@https://registry.npmjs.org/@babel/plugin-syntax-class-properties/-/plugin-syntax-class-properties-7.12.13.tgz. Extracting by manifest.
3219 silly tarball no local data for @babel/plugin-syntax-bigint@https://registry.npmjs.org/@babel/plugin-syntax-bigint/-/plugin-syntax-bigint-7.8.3.tgz. Extracting by manifest.
3220 silly tarball no local data for babel-preset-current-node-syntax@https://registry.npmjs.org/babel-preset-current-node-syntax/-/babel-preset-current-node-syntax-1.2.0.tgz. Extracting by manifest.
3221 silly tarball no local data for babel-plugin-jest-hoist@https://registry.npmjs.org/babel-plugin-jest-hoist/-/babel-plugin-jest-hoist-29.6.3.tgz. Extracting by manifest.
3222 silly tarball no local data for istanbul-lib-instrument@https://registry.npmjs.org/istanbul-lib-instrument/-/istanbul-lib-instrument-5.2.1.tgz. Extracting by manifest.
3223 silly tarball no local data for @istanbuljs/schema@https://registry.npmjs.org/@istanbuljs/schema/-/schema-0.1.6.tgz. Extracting by manifest.
3224 silly tarball no local data for get-package-type@https://registry.npmjs.org/get-package-type/-/get-package-type-0.1.0.tgz. Extracting by manifest.
3225 silly tarball no local data for test-exclude@https://registry.npmjs.org/test-exclude/-/test-exclude-6.0.0.tgz. Extracting by manifest.
3226 silly tarball no local data for @istanbuljs/load-nyc-config@https://registry.npmjs.org/@istanbuljs/load-nyc-config/-/load-nyc-config-1.1.0.tgz. Extracting by manifest.
3227 silly tarball no local data for @types/babel__traverse@https://registry.npmjs.org/@types/babel__traverse/-/babel__traverse-7.28.0.tgz. Extracting by manifest.
3228 silly tarball no local data for @types/babel__template@https://registry.npmjs.org/@types/babel__template/-/babel__template-7.4.4.tgz. Extracting by manifest.
3229 silly tarball no local data for jest-regex-util@https://registry.npmjs.org/jest-regex-util/-/jest-regex-util-29.6.3.tgz. Extracting by manifest.
3230 silly tarball no local data for @types/babel__generator@https://registry.npmjs.org/@types/babel__generator/-/babel__generator-7.27.0.tgz. Extracting by manifest.
3231 silly tarball no local data for jest-haste-map@https://registry.npmjs.org/jest-haste-map/-/jest-haste-map-29.7.0.tgz. Extracting by manifest.
3232 silly tarball no local data for babel-plugin-istanbul@https://registry.npmjs.org/babel-plugin-istanbul/-/babel-plugin-istanbul-6.1.1.tgz. Extracting by manifest.
3233 silly tarball no local data for babel-preset-jest@https://registry.npmjs.org/babel-preset-jest/-/babel-preset-jest-29.6.3.tgz. Extracting by manifest.
3234 silly tarball no local data for fast-json-stable-stringify@https://registry.npmjs.org/fast-json-stable-stringify/-/fast-json-stable-stringify-2.1.0.tgz. Extracting by manifest.
3235 silly tarball no local data for @types/babel__core@https://registry.npmjs.org/@types/babel__core/-/babel__core-7.20.5.tgz. Extracting by manifest.
3236 silly tarball no local data for @jest/transform@https://registry.npmjs.org/@jest/transform/-/transform-29.7.0.tgz. Extracting by manifest.
3237 silly tarball no local data for @react-native/virtualized-lists@https://registry.npmjs.org/@react-native/virtualized-lists/-/virtualized-lists-0.79.2.tgz. Extracting by manifest.
3238 silly tarball no local data for react-native-is-edge-to-edge@https://registry.npmjs.org/react-native-is-edge-to-edge/-/react-native-is-edge-to-edge-1.3.1.tgz. Extracting by manifest.
3239 silly tarball no local data for react-native-edge-to-edge@https://registry.npmjs.org/react-native-edge-to-edge/-/react-native-edge-to-edge-1.6.0.tgz. Extracting by manifest.
3240 silly tarball no local data for babel-plugin-syntax-hermes-parser@https://registry.npmjs.org/babel-plugin-syntax-hermes-parser/-/babel-plugin-syntax-hermes-parser-0.29.1.tgz. Extracting by manifest.
3241 silly tarball no local data for chromium-edge-launcher@https://registry.npmjs.org/chromium-edge-launcher/-/chromium-edge-launcher-0.2.0.tgz. Extracting by manifest.
3242 silly tarball no local data for @expo/require-utils@https://registry.npmjs.org/@expo/require-utils/-/require-utils-55.0.6.tgz. Extracting by manifest.
3243 silly tarball no local data for undici@https://registry.npmjs.org/undici/-/undici-6.28.0.tgz. Extracting by manifest.
3244 silly tarball no local data for lan-network@https://registry.npmjs.org/lan-network/-/lan-network-0.2.1.tgz. Extracting by manifest.
3245 silly tarball no local data for expo-server@https://registry.npmjs.org/expo-server/-/expo-server-1.0.7.tgz. Extracting by manifest.
3246 silly tarball no local data for @expo/ws-tunnel@https://registry.npmjs.org/@expo/ws-tunnel/-/ws-tunnel-1.0.6.tgz. Extracting by manifest.
3247 silly tarball no local data for @expo/schema-utils@https://registry.npmjs.org/@expo/schema-utils/-/schema-utils-0.1.9.tgz. Extracting by manifest.
3248 silly tarball no local data for @0no-co/graphql.web@https://registry.npmjs.org/@0no-co/graphql.web/-/graphql.web-1.3.3.tgz. Extracting by manifest.
3249 silly tarball no local data for @ungap/structured-clone@https://registry.npmjs.org/@ungap/structured-clone/-/structured-clone-1.3.3.tgz. Extracting by manifest.
3250 silly tarball no local data for @expo/fingerprint@https://registry.npmjs.org/@expo/fingerprint/-/fingerprint-0.15.5.tgz. Extracting by manifest.
3251 silly tarball no local data for babel-jest@https://registry.npmjs.org/babel-jest/-/babel-jest-29.7.0.tgz. Extracting by manifest.
3252 silly tarball no local data for @expo/devtools@https://registry.npmjs.org/@expo/devtools/-/devtools-0.1.8.tgz. Extracting by manifest.
3253 silly tarball no local data for write-file-atomic@https://registry.npmjs.org/write-file-atomic/-/write-file-atomic-4.0.2.tgz. Extracting by manifest.
3254 silly tarball no local data for wonka@https://registry.npmjs.org/wonka/-/wonka-6.3.6.tgz. Extracting by manifest.
3255 silly tarball no local data for tar@https://registry.npmjs.org/tar/-/tar-7.5.22.tgz. Extracting by manifest.
3256 silly tarball no local data for scheduler@https://registry.npmjs.org/scheduler/-/scheduler-0.25.0.tgz. Extracting by manifest.
3257 silly tarball no local data for react-native-svg@https://registry.npmjs.org/react-native-svg/-/react-native-svg-15.11.2.tgz. Extracting by manifest.
3258 silly tarball no local data for react-native-safe-area-context@https://registry.npmjs.org/react-native-safe-area-context/-/react-native-safe-area-context-5.2.0.tgz. Extracting by manifest.
3259 silly tarball no local data for react-native@https://registry.npmjs.org/react-native/-/react-native-0.79.2.tgz. Extracting by manifest.
3260 silly tarball no local data for react-native-screens@https://registry.npmjs.org/react-native-screens/-/react-native-screens-4.4.0.tgz. Extracting by manifest.
3261 silly tarball no local data for react-devtools-core@https://registry.npmjs.org/react-devtools-core/-/react-devtools-core-6.1.5.tgz. Extracting by manifest.
3262 silly tarball no local data for react@https://registry.npmjs.org/react/-/react-18.3.1.tgz. Extracting by manifest.
3263 silly tarball no local data for picomatch@https://registry.npmjs.org/picomatch/-/picomatch-4.0.5.tgz. Extracting by manifest.
3264 silly tarball no local data for path-scurry@https://registry.npmjs.org/path-scurry/-/path-scurry-2.0.2.tgz. Extracting by manifest.
3265 silly tarball no local data for ob1@https://registry.npmjs.org/ob1/-/ob1-0.83.3.tgz. Extracting by manifest.
3266 silly tarball no local data for @expo/metro@https://registry.npmjs.org/@expo/metro/-/metro-54.2.0.tgz. Extracting by manifest.
3267 silly tarball no local data for metro-transform-worker@https://registry.npmjs.org/metro-transform-worker/-/metro-transform-worker-0.83.3.tgz. Extracting by manifest.
3268 silly tarball no local data for metro-transform-plugins@https://registry.npmjs.org/metro-transform-plugins/-/metro-transform-plugins-0.83.3.tgz. Extracting by manifest.
3269 silly tarball no local data for metro-resolver@https://registry.npmjs.org/metro-resolver/-/metro-resolver-0.83.3.tgz. Extracting by manifest.
3270 silly tarball no local data for metro-runtime@https://registry.npmjs.org/metro-runtime/-/metro-runtime-0.83.3.tgz. Extracting by manifest.
3271 silly tarball no local data for metro-core@https://registry.npmjs.org/metro-core/-/metro-core-0.83.3.tgz. Extracting by manifest.
3272 silly tarball no local data for metro-minify-terser@https://registry.npmjs.org/metro-minify-terser/-/metro-minify-terser-0.83.3.tgz. Extracting by manifest.
3273 silly tarball no local data for metro-cache-key@https://registry.npmjs.org/metro-cache-key/-/metro-cache-key-0.83.3.tgz. Extracting by manifest.
3274 silly tarball no local data for metro-config@https://registry.npmjs.org/metro-config/-/metro-config-0.83.3.tgz. Extracting by manifest.
3275 silly tarball no local data for metro-cache@https://registry.npmjs.org/metro-cache/-/metro-cache-0.83.3.tgz. Extracting by manifest.
3276 silly tarball no local data for metro@https://registry.npmjs.org/metro/-/metro-0.83.3.tgz. Extracting by manifest.
3277 silly tarball no local data for metro-babel-transformer@https://registry.npmjs.org/metro-babel-transformer/-/metro-babel-transformer-0.83.3.tgz. Extracting by manifest.
3278 silly tarball no local data for lightningcss-darwin-arm64@https://registry.npmjs.org/lightningcss-darwin-arm64/-/lightningcss-darwin-arm64-1.33.0.tgz. Extracting by manifest.
3279 silly tarball no local data for lightningcss@https://registry.npmjs.org/lightningcss/-/lightningcss-1.33.0.tgz. Extracting by manifest.
3280 silly tarball no local data for hermes-parser@https://registry.npmjs.org/hermes-parser/-/hermes-parser-0.29.1.tgz. Extracting by manifest.
3281 silly tarball no local data for hermes-estree@https://registry.npmjs.org/hermes-estree/-/hermes-estree-0.29.1.tgz. Extracting by manifest.
3282 silly tarball no local data for glob@https://registry.npmjs.org/glob/-/glob-13.0.6.tgz. Extracting by manifest.
3283 silly tarball no local data for getenv@https://registry.npmjs.org/getenv/-/getenv-2.0.0.tgz. Extracting by manifest.
3284 silly tarball no local data for expo-status-bar@https://registry.npmjs.org/expo-status-bar/-/expo-status-bar-2.2.3.tgz. Extracting by manifest.
3285 silly tarball no local data for expo-location@https://registry.npmjs.org/expo-location/-/expo-location-18.0.10.tgz. Extracting by manifest.
3286 silly tarball no local data for expo-linking@https://registry.npmjs.org/expo-linking/-/expo-linking-7.0.5.tgz. Extracting by manifest.
3287 silly tarball no local data for expo-keep-awake@https://registry.npmjs.org/expo-keep-awake/-/expo-keep-awake-15.0.8.tgz. Extracting by manifest.
3288 silly tarball no local data for expo-font@https://registry.npmjs.org/expo-font/-/expo-font-14.0.12.tgz. Extracting by manifest.
3289 silly tarball no local data for expo-file-system@https://registry.npmjs.org/expo-file-system/-/expo-file-system-19.0.23.tgz. Extracting by manifest.
3290 silly tarball no local data for expo-constants@https://registry.npmjs.org/expo-constants/-/expo-constants-18.0.13.tgz. Extracting by manifest.
3291 silly tarball no local data for expo-asset@https://registry.npmjs.org/expo-asset/-/expo-asset-12.0.13.tgz. Extracting by manifest.
3292 silly tarball no local data for expo-modules-core@https://registry.npmjs.org/expo-modules-core/-/expo-modules-core-3.0.30.tgz. Extracting by manifest.
3293 silly tarball no local data for expo@https://registry.npmjs.org/expo/-/expo-54.0.36.tgz. Extracting by manifest.
3294 silly tarball no local data for detect-libc@https://registry.npmjs.org/detect-libc/-/detect-libc-2.1.2.tgz. Extracting by manifest.
3295 silly tarball no local data for chownr@https://registry.npmjs.org/chownr/-/chownr-3.0.0.tgz. Extracting by manifest.
3296 silly tarball no local data for babel-preset-expo@https://registry.npmjs.org/babel-preset-expo/-/babel-preset-expo-54.0.12.tgz. Extracting by manifest.
3297 silly tarball no local data for babel-plugin-react-native-web@https://registry.npmjs.org/babel-plugin-react-native-web/-/babel-plugin-react-native-web-0.21.2.tgz. Extracting by manifest.
3298 silly tarball no local data for @xmldom/xmldom@https://registry.npmjs.org/@xmldom/xmldom/-/xmldom-0.8.14.tgz. Extracting by manifest.
3299 silly tarball no local data for @urql/exchange-retry@https://registry.npmjs.org/@urql/exchange-retry/-/exchange-retry-1.3.2.tgz. Extracting by manifest.
3300 silly tarball no local data for @urql/core@https://registry.npmjs.org/@urql/core/-/core-5.2.0.tgz. Extracting by manifest.
3301 silly tarball no local data for @types/react@https://registry.npmjs.org/@types/react/-/react-18.3.31.tgz. Extracting by manifest.
3302 silly tarball no local data for @react-native/normalize-colors@https://registry.npmjs.org/@react-native/normalize-colors/-/normalize-colors-0.81.5.tgz. Extracting by manifest.
3303 silly tarball no local data for @react-native/gradle-plugin@https://registry.npmjs.org/@react-native/gradle-plugin/-/gradle-plugin-0.79.2.tgz. Extracting by manifest.
3304 silly tarball no local data for @react-native/debugger-frontend@https://registry.npmjs.org/@react-native/debugger-frontend/-/debugger-frontend-0.81.5.tgz. Extracting by manifest.
3305 silly tarball no local data for @react-native/community-cli-plugin@https://registry.npmjs.org/@react-native/community-cli-plugin/-/community-cli-plugin-0.79.2.tgz. Extracting by manifest.
3306 silly tarball no local data for @react-native/js-polyfills@https://registry.npmjs.org/@react-native/js-polyfills/-/js-polyfills-0.79.2.tgz. Extracting by manifest.
3307 silly tarball no local data for @react-native/codegen@https://registry.npmjs.org/@react-native/codegen/-/codegen-0.81.5.tgz. Extracting by manifest.
3308 silly tarball no local data for @react-native/babel-preset@https://registry.npmjs.org/@react-native/babel-preset/-/babel-preset-0.81.5.tgz. Extracting by manifest.
3309 silly tarball no local data for @react-native/babel-plugin-codegen@https://registry.npmjs.org/@react-native/babel-plugin-codegen/-/babel-plugin-codegen-0.81.5.tgz. Extracting by manifest.
3310 silly tarball no local data for @react-native/assets-registry@https://registry.npmjs.org/@react-native/assets-registry/-/assets-registry-0.79.2.tgz. Extracting by manifest.
3311 silly tarball no local data for @expo/vector-icons@https://registry.npmjs.org/@expo/vector-icons/-/vector-icons-15.1.1.tgz. Extracting by manifest.
3312 silly tarball no local data for @expo/plist@https://registry.npmjs.org/@expo/plist/-/plist-0.4.9.tgz. Extracting by manifest.
3313 silly tarball no local data for @expo/metro-config@https://registry.npmjs.org/@expo/metro-config/-/metro-config-54.0.17.tgz. Extracting by manifest.
3314 silly tarball no local data for @expo/env@https://registry.npmjs.org/@expo/env/-/env-2.0.12.tgz. Extracting by manifest.
3315 silly tarball no local data for @expo/config-types@https://registry.npmjs.org/@expo/config-types/-/config-types-54.0.10.tgz. Extracting by manifest.
3316 silly tarball no local data for @expo/config-plugins@https://registry.npmjs.org/@expo/config-plugins/-/config-plugins-54.0.5.tgz. Extracting by manifest.
3317 silly tarball no local data for @expo/code-signing-certificates@https://registry.npmjs.org/@expo/code-signing-certificates/-/code-signing-certificates-0.0.6.tgz. Extracting by manifest.
3318 silly tarball no local data for brace-expansion@https://registry.npmjs.org/brace-expansion/-/brace-expansion-5.0.9.tgz. Extracting by manifest.
3319 silly tarball no local data for minimatch@https://registry.npmjs.org/minimatch/-/minimatch-10.2.6.tgz. Extracting by manifest.
3320 silly tarball no local data for balanced-match@https://registry.npmjs.org/balanced-match/-/balanced-match-4.0.4.tgz. Extracting by manifest.
3321 silly tarball no local data for yallist@https://registry.npmjs.org/yallist/-/yallist-5.0.0.tgz. Extracting by manifest.
3322 silly tarball no local data for ob1@https://registry.npmjs.org/ob1/-/ob1-0.82.5.tgz. Extracting by manifest.
3323 silly tarball no local data for hermes-estree@https://registry.npmjs.org/hermes-estree/-/hermes-estree-0.25.1.tgz. Extracting by manifest.
3324 silly tarball no local data for metro-symbolicate@https://registry.npmjs.org/metro-symbolicate/-/metro-symbolicate-0.82.5.tgz. Extracting by manifest.
3325 silly tarball no local data for hermes-parser@https://registry.npmjs.org/hermes-parser/-/hermes-parser-0.25.1.tgz. Extracting by manifest.
3326 silly tarball no local data for metro-source-map@https://registry.npmjs.org/metro-source-map/-/metro-source-map-0.82.5.tgz. Extracting by manifest.
3327 silly tarball no local data for metro-runtime@https://registry.npmjs.org/metro-runtime/-/metro-runtime-0.82.5.tgz. Extracting by manifest.
3328 silly tarball no local data for commander@https://registry.npmjs.org/commander/-/commander-12.1.0.tgz. Extracting by manifest.
3329 silly tarball no local data for babel-plugin-syntax-hermes-parser@https://registry.npmjs.org/babel-plugin-syntax-hermes-parser/-/babel-plugin-syntax-hermes-parser-0.25.1.tgz. Extracting by manifest.
3330 silly tarball no local data for @react-native/codegen@https://registry.npmjs.org/@react-native/codegen/-/codegen-0.79.2.tgz. Extracting by manifest.
3331 silly tarball no local data for @react-native/normalize-colors@https://registry.npmjs.org/@react-native/normalize-colors/-/normalize-colors-0.79.2.tgz. Extracting by manifest.
3332 silly tarball no local data for lru-cache@https://registry.npmjs.org/lru-cache/-/lru-cache-11.5.2.tgz. Extracting by manifest.
3333 silly tarball no local data for agent-base@https://registry.npmjs.org/agent-base/-/agent-base-7.1.4.tgz. Extracting by manifest.
3334 silly tarball no local data for hermes-parser@https://registry.npmjs.org/hermes-parser/-/hermes-parser-0.32.0.tgz. Extracting by manifest.
3335 silly tarball no local data for https-proxy-agent@https://registry.npmjs.org/https-proxy-agent/-/https-proxy-agent-7.0.6.tgz. Extracting by manifest.
3336 silly tarball no local data for hermes-estree@https://registry.npmjs.org/hermes-estree/-/hermes-estree-0.32.0.tgz. Extracting by manifest.
3337 silly tarball no local data for hermes-parser@https://registry.npmjs.org/hermes-parser/-/hermes-parser-0.32.0.tgz. Extracting by manifest.
3338 silly tarball no local data for hermes-estree@https://registry.npmjs.org/hermes-estree/-/hermes-estree-0.32.0.tgz. Extracting by manifest.
3339 silly tarball no local data for balanced-match@https://registry.npmjs.org/balanced-match/-/balanced-match-4.0.4.tgz. Extracting by manifest.
3340 silly tarball no local data for brace-expansion@https://registry.npmjs.org/brace-expansion/-/brace-expansion-5.0.9.tgz. Extracting by manifest.
3341 silly tarball no local data for minimatch@https://registry.npmjs.org/minimatch/-/minimatch-10.2.6.tgz. Extracting by manifest.
3342 silly tarball no local data for @expo/plist@https://registry.npmjs.org/@expo/plist/-/plist-0.2.2.tgz. Extracting by manifest.
3343 silly tarball no local data for sucrase@https://registry.npmjs.org/sucrase/-/sucrase-3.35.0.tgz. Extracting by manifest.
3344 silly tarball no local data for @expo/json-file@https://registry.npmjs.org/@expo/json-file/-/json-file-9.1.5.tgz. Extracting by manifest.
3345 silly tarball no local data for @expo/config-types@https://registry.npmjs.org/@expo/config-types/-/config-types-52.0.5.tgz. Extracting by manifest.
3346 silly tarball no local data for @expo/config-plugins@https://registry.npmjs.org/@expo/config-plugins/-/config-plugins-9.0.17.tgz. Extracting by manifest.
3347 silly tarball no local data for @expo/json-file@https://registry.npmjs.org/@expo/json-file/-/json-file-9.0.2.tgz. Extracting by manifest.
3348 silly tarball no local data for @expo/env@https://registry.npmjs.org/@expo/env/-/env-0.4.2.tgz. Extracting by manifest.
3349 silly tarball no local data for @expo/config@https://registry.npmjs.org/@expo/config/-/config-10.0.11.tgz. Extracting by manifest.
3350 silly tarball no local data for expo-constants@https://registry.npmjs.org/expo-constants/-/expo-constants-17.0.8.tgz. Extracting by manifest.
3351 silly tarball no local data for metro-minify-terser@https://registry.npmjs.org/metro-minify-terser/-/metro-minify-terser-0.82.5.tgz. Extracting by manifest.
3352 silly tarball no local data for ob1@https://registry.npmjs.org/ob1/-/ob1-0.82.5.tgz. Extracting by manifest.
3353 silly tarball no local data for agent-base@https://registry.npmjs.org/agent-base/-/agent-base-7.1.4.tgz. Extracting by manifest.
3354 silly tarball no local data for metro-transform-worker@https://registry.npmjs.org/metro-transform-worker/-/metro-transform-worker-0.82.5.tgz. Extracting by manifest.
3355 silly tarball no local data for metro-transform-plugins@https://registry.npmjs.org/metro-transform-plugins/-/metro-transform-plugins-0.82.5.tgz. Extracting by manifest.
3356 silly tarball no local data for metro-symbolicate@https://registry.npmjs.org/metro-symbolicate/-/metro-symbolicate-0.82.5.tgz. Extracting by manifest.
3357 silly tarball no local data for https-proxy-agent@https://registry.npmjs.org/https-proxy-agent/-/https-proxy-agent-7.0.6.tgz. Extracting by manifest.
3358 silly tarball no local data for metro-source-map@https://registry.npmjs.org/metro-source-map/-/metro-source-map-0.82.5.tgz. Extracting by manifest.
3359 silly tarball no local data for metro-runtime@https://registry.npmjs.org/metro-runtime/-/metro-runtime-0.82.5.tgz. Extracting by manifest.
3360 silly tarball no local data for metro-resolver@https://registry.npmjs.org/metro-resolver/-/metro-resolver-0.82.5.tgz. Extracting by manifest.
3361 silly tarball no local data for metro-file-map@https://registry.npmjs.org/metro-file-map/-/metro-file-map-0.82.5.tgz. Extracting by manifest.
3362 silly tarball no local data for metro-cache-key@https://registry.npmjs.org/metro-cache-key/-/metro-cache-key-0.82.5.tgz. Extracting by manifest.
3363 silly tarball no local data for metro-cache@https://registry.npmjs.org/metro-cache/-/metro-cache-0.82.5.tgz. Extracting by manifest.
3364 silly tarball no local data for metro-babel-transformer@https://registry.npmjs.org/metro-babel-transformer/-/metro-babel-transformer-0.82.5.tgz. Extracting by manifest.
3365 silly tarball no local data for metro-core@https://registry.npmjs.org/metro-core/-/metro-core-0.82.5.tgz. Extracting by manifest.
3366 silly tarball no local data for metro-config@https://registry.npmjs.org/metro-config/-/metro-config-0.82.5.tgz. Extracting by manifest.
3367 silly tarball no local data for metro@https://registry.npmjs.org/metro/-/metro-0.82.5.tgz. Extracting by manifest.
3368 silly tarball no local data for @react-native/dev-middleware@https://registry.npmjs.org/@react-native/dev-middleware/-/dev-middleware-0.79.2.tgz. Extracting by manifest.
3369 silly tarball no local data for @react-native/debugger-frontend@https://registry.npmjs.org/@react-native/debugger-frontend/-/debugger-frontend-0.79.2.tgz. Extracting by manifest.
3370 silly tarball no local data for @expo/json-file@https://registry.npmjs.org/@expo/json-file/-/json-file-10.0.16.tgz. Extracting by manifest.
3371 silly tarball no local data for @expo/json-file@https://registry.npmjs.org/@expo/json-file/-/json-file-10.0.16.tgz. Extracting by manifest.
3372 warn deprecated glob@7.2.3: Old versions of glob are not supported, and contain widely publicized security vulnerabilities, which have been fixed in the current version. Please update. Support for old versions may be purchased (at exorbitant rates) by contacting i@izs.me
3373 warn deprecated glob@7.2.3: Old versions of glob are not supported, and contain widely publicized security vulnerabilities, which have been fixed in the current version. Please update. Support for old versions may be purchased (at exorbitant rates) by contacting i@izs.me
3374 warn deprecated glob@7.2.3: Old versions of glob are not supported, and contain widely publicized security vulnerabilities, which have been fixed in the current version. Please update. Support for old versions may be purchased (at exorbitant rates) by contacting i@izs.me
3375 warn deprecated glob@7.2.3: Old versions of glob are not supported, and contain widely publicized security vulnerabilities, which have been fixed in the current version. Please update. Support for old versions may be purchased (at exorbitant rates) by contacting i@izs.me
3376 warn deprecated @xmldom/xmldom@0.7.13: this version has critical issues, please update to the latest version
3377 http fetch GET 200 https://registry.npmjs.org/metro-symbolicate/-/metro-symbolicate-0.83.3.tgz 176ms (cache miss)
3378 http fetch GET 200 https://registry.npmjs.org/minizlib/-/minizlib-3.1.0.tgz 207ms (cache miss)
3379 http fetch GET 200 https://registry.npmjs.org/@isaacs/fs-minipass/-/fs-minipass-4.0.1.tgz 211ms (cache miss)
3380 warn deprecated uuid@7.0.3: uuid@10 and below is no longer supported.  For ESM codebases, update to uuid@latest.  For CommonJS codebases, use uuid@11 (but be aware this version will likely be deprecated in 2028).
3381 http fetch GET 200 https://registry.npmjs.org/metro-source-map/-/metro-source-map-0.83.3.tgz 239ms (cache miss)
3382 http fetch GET 200 https://registry.npmjs.org/@expo/image-utils/-/image-utils-0.8.15.tgz 242ms (cache miss)
3383 warn deprecated glob@10.5.0: Old versions of glob are not supported, and contain widely publicized security vulnerabilities, which have been fixed in the current version. Please update. Support for old versions may be purchased (at exorbitant rates) by contacting i@izs.me
3384 http fetch GET 200 https://registry.npmjs.org/@react-native/dev-middleware/-/dev-middleware-0.81.5.tgz 252ms (cache miss)
3385 http fetch GET 200 https://registry.npmjs.org/metro-file-map/-/metro-file-map-0.83.3.tgz 261ms (cache miss)
3386 http fetch GET 200 https://registry.npmjs.org/sucrase/-/sucrase-3.35.1.tgz 299ms (cache miss)
3387 http fetch GET 200 https://registry.npmjs.org/@expo/prebuild-config/-/prebuild-config-54.0.9.tgz 298ms (cache miss)
3388 http fetch GET 200 https://registry.npmjs.org/expo-modules-autolinking/-/expo-modules-autolinking-3.0.26.tgz 301ms (cache miss)
3389 http fetch GET 200 https://registry.npmjs.org/fdir/-/fdir-6.5.0.tgz 344ms (cache miss)
3390 http fetch GET 200 https://registry.npmjs.org/@expo/json-file/-/json-file-10.2.0.tgz 391ms (cache miss)
3391 http fetch GET 200 https://registry.npmjs.org/@expo/config/-/config-12.0.14.tgz 397ms (cache miss)
3392 http fetch GET 200 https://registry.npmjs.org/@types/graceful-fs/-/graceful-fs-4.1.9.tgz 405ms (cache miss)
3393 http fetch GET 200 https://registry.npmjs.org/tinyglobby/-/tinyglobby-0.2.17.tgz 405ms (cache miss)
3394 http fetch GET 200 https://registry.npmjs.org/istanbul-lib-coverage/-/istanbul-lib-coverage-3.2.2.tgz 405ms (cache miss)
3395 http fetch GET 200 https://registry.npmjs.org/babel-plugin-react-compiler/-/babel-plugin-react-compiler-1.0.0.tgz 415ms (cache miss)
3396 http fetch POST 200 https://registry.npmjs.org/-/npm/v1/security/advisories/bulk 458ms
3397 silly audit report {
3397 silly audit report   uuid: [
3397 silly audit report     {
3397 silly audit report       id: 1119441,
3397 silly audit report       url: 'https://github.com/advisories/GHSA-w5hq-g745-h8pq',
3397 silly audit report       title: 'uuid: Missing buffer bounds check in v3/v5/v6 when buf is provided',
3397 silly audit report       severity: 'moderate',
3397 silly audit report       vulnerable_versions: '<11.1.1',
3397 silly audit report       cwe: [Array],
3397 silly audit report       cvss: [Object]
3397 silly audit report     }
3397 silly audit report   ],
3397 silly audit report   postcss: [
3397 silly audit report     {
3397 silly audit report       id: 1130709,
3397 silly audit report       url: 'https://github.com/advisories/GHSA-fxqj-rqcc-2cmp',
3397 silly audit report       title: 'PostCSS: incomplete fix of GHSA-6g55-p6wh-862q — attacker-controlled sourceMappingURL reads arbitrary .map files when `from` is unset',
3397 silly audit report       severity: 'moderate',
3397 silly audit report       vulnerable_versions: '<=8.5.22',
3397 silly audit report       cwe: [Array],
3397 silly audit report       cvss: [Object]
3397 silly audit report     },
3397 silly audit report     {
3397 silly audit report       id: 1117015,
3397 silly audit report       url: 'https://github.com/advisories/GHSA-qx2v-qp2m-jg93',
3397 silly audit report       title: 'PostCSS has XSS via Unescaped </style> in its CSS Stringify Output',
3397 silly audit report       severity: 'moderate',
3397 silly audit report       vulnerable_versions: '<8.5.10',
3397 silly audit report       cwe: [Array],
3397 silly audit report       cvss: [Object]
3397 silly audit report     },
3397 silly audit report     {
3397 silly audit report       id: 1124252,
3397 silly audit report       url: 'https://github.com/advisories/GHSA-6g55-p6wh-862q',
3397 silly audit report       title: 'PostCSS: Arbitrary file read and information disclosure via attacker-controlled sourceMappingURL in CSS comments',
3397 silly audit report       severity: 'high',
3397 silly audit report       vulnerable_versions: '<=8.5.11',
3397 silly audit report       cwe: [Array],
3397 silly audit report       cvss: [Object]
3397 silly audit report     },
3397 silly audit report     {
3397 silly audit report       id: 1139510,
3397 silly audit report       url: 'https://github.com/advisories/GHSA-r28c-9q8g-f849',
3397 silly audit report       title: 'PostCSS: Path Traversal in Previous Source Map Auto-Loading (sourceMappingURL) leads to Arbitrary .map File Disclosure',
3397 silly audit report       severity: 'high',
3397 silly audit report       vulnerable_versions: '<=8.5.17',
3397 silly audit report       cwe: [Array],
3397 silly audit report       cvss: [Object]
3397 silly audit report     }
3397 silly audit report   ],
3397 silly audit report   '@xmldom/xmldom': [
3397 silly audit report     {
3397 silly audit report       id: 1117097,
3397 silly audit report       url: 'https://github.com/advisories/GHSA-wh4c-j3r5-mjhp',
3397 silly audit report       title: 'xmldom: XML injection via unsafe CDATA serialization allows attacker-controlled markup insertion',
3397 silly audit report       severity: 'high',
3397 silly audit report       vulnerable_versions: '<0.8.12',
3397 silly audit report       cwe: [Array],
3397 silly audit report       cvss: [Object]
3397 silly audit report     },
3397 silly audit report     {
3397 silly audit report       id: 1117894,
3397 silly audit report       url: 'https://github.com/advisories/GHSA-2v35-w6hq-6mfw',
3397 silly audit report       title: 'xmldom: Uncontrolled recursion in XML serialization leads to DoS',
3397 silly audit report       severity: 'high',
3397 silly audit report       vulnerable_versions: '<0.8.13',
3397 silly audit report       cwe: [Array],
3397 silly audit report       cvss: [Object]
3397 silly audit report     },
3397 silly audit report     {
3397 silly audit report       id: 1117897,
3397 silly audit report       url: 'https://github.com/advisories/GHSA-f6ww-3ggp-fr8h',
3397 silly audit report       title: 'xmldom has XML injection through unvalidated DocumentType serialization',
3397 silly audit report       severity: 'high',
3397 silly audit report       vulnerable_versions: '<0.8.13',
3397 silly audit report       cwe: [Array],
3397 silly audit report       cvss: [Object]
3397 silly audit report     },
3397 silly audit report     {
3397 silly audit report       id: 1117900,
3397 silly audit report       url: 'https://github.com/advisories/GHSA-x6wf-f3px-wcqx',
3397 silly audit report       title: 'xmldom has XML node injection through unvalidated processing instruction serialization',
3397 silly audit report       severity: 'high',
3397 silly audit report       vulnerable_versions: '<0.8.13',
3397 silly audit report       cwe: [Array],
3397 silly audit report       cvss: [Object]
3397 silly audit report     },
3397 silly audit report     {
3397 silly audit report       id: 1117903,
3397 silly audit report       url: 'https://github.com/advisories/GHSA-j759-j44w-7fr8',
3397 silly audit report       title: 'xmldom has XML node injection through unvalidated comment serialization',
3397 silly audit report       severity: 'high',
3397 silly audit report       vulnerable_versions: '<0.8.13',
3397 silly audit report       cwe: [Array],
3397 silly audit report       cvss: [Object]
3397 silly audit report     }
3397 silly audit report   ],
3397 silly audit report   'image-size': [
3397 silly audit report     {
3397 silly audit report       id: 1138808,
3397 silly audit report       url: 'https://github.com/advisories/GHSA-w3rx-r6r6-pgpr',
3397 silly audit report       title: 'image-size: ICNS parser allows denial of service through an infinite loop',
3397 silly audit report       severity: 'high',
3397 silly audit report       vulnerable_versions: '<=2.0.2',
3397 silly audit report       cwe: [Array],
3397 silly audit report       cvss: [Object]
3397 silly audit report     },
3397 silly audit report     {
3397 silly audit report       id: 1138809,
3397 silly audit report       url: 'https://github.com/advisories/GHSA-5p2g-fcmc-qvqq',
3397 silly audit report       title: 'image-size: JXL and HEIF parsers allow denial of service through infinite loops',
3397 silly audit report       severity: 'high',
3397 silly audit report       vulnerable_versions: '<=2.0.2',
3397 silly audit report       cwe: [Array],
3397 silly audit report       cvss: [Object]
3397 silly audit report     }
3397 silly audit report   ]
3397 silly audit report }
3398 silly packumentCache corgi:https://registry.npmjs.org/uuid cache-miss
3399 silly packumentCache corgi:https://registry.npmjs.org/postcss cache-miss
3400 silly packumentCache corgi:https://registry.npmjs.org/@xmldom%2fxmldom cache-miss
3401 silly packumentCache corgi:https://registry.npmjs.org/image-size cache-miss
3402 http fetch GET 200 https://registry.npmjs.org/@babel/plugin-syntax-top-level-await/-/plugin-syntax-top-level-await-7.14.5.tgz 423ms (cache miss)
3403 http fetch GET 200 https://registry.npmjs.org/@babel/plugin-syntax-private-property-in-object/-/plugin-syntax-private-property-in-object-7.14.5.tgz 422ms (cache miss)
3404 http fetch GET 200 https://registry.npmjs.org/@babel/plugin-syntax-json-strings/-/plugin-syntax-json-strings-7.8.3.tgz 601ms (cache miss)
3405 http fetch GET 200 https://registry.npmjs.org/@babel/plugin-syntax-import-meta/-/plugin-syntax-import-meta-7.10.4.tgz 601ms (cache miss)
3406 http fetch GET 200 https://registry.npmjs.org/@babel/plugin-syntax-bigint/-/plugin-syntax-bigint-7.8.3.tgz 601ms (cache miss)
3407 http fetch GET 200 https://registry.npmjs.org/@babel/plugin-syntax-class-static-block/-/plugin-syntax-class-static-block-7.14.5.tgz 602ms (cache miss)
3408 http fetch GET 200 https://registry.npmjs.org/@istanbuljs/load-nyc-config/-/load-nyc-config-1.1.0.tgz 601ms (cache miss)
3409 http fetch GET 200 https://registry.npmjs.org/istanbul-lib-instrument/-/istanbul-lib-instrument-5.2.1.tgz 601ms (cache miss)
3410 http fetch GET 200 https://registry.npmjs.org/@babel/plugin-syntax-class-properties/-/plugin-syntax-class-properties-7.12.13.tgz 602ms (cache miss)
3411 http fetch GET 200 https://registry.npmjs.org/babel-preset-current-node-syntax/-/babel-preset-current-node-syntax-1.2.0.tgz 602ms (cache miss)
3412 http fetch GET 200 https://registry.npmjs.org/babel-plugin-jest-hoist/-/babel-plugin-jest-hoist-29.6.3.tgz 602ms (cache miss)
3413 http fetch GET 200 https://registry.npmjs.org/test-exclude/-/test-exclude-6.0.0.tgz 601ms (cache miss)
3414 http fetch GET 200 https://registry.npmjs.org/get-package-type/-/get-package-type-0.1.0.tgz 601ms (cache miss)
3415 http fetch GET 200 https://registry.npmjs.org/@istanbuljs/schema/-/schema-0.1.6.tgz 601ms (cache miss)
3416 http fetch GET 200 https://registry.npmjs.org/@types/babel__traverse/-/babel__traverse-7.28.0.tgz 708ms (cache miss)
3417 http fetch GET 200 https://registry.npmjs.org/fast-json-stable-stringify/-/fast-json-stable-stringify-2.1.0.tgz 736ms (cache miss)
3418 http fetch GET 200 https://registry.npmjs.org/jest-regex-util/-/jest-regex-util-29.6.3.tgz 737ms (cache miss)
3419 http fetch GET 200 https://registry.npmjs.org/@types/babel__template/-/babel__template-7.4.4.tgz 737ms (cache miss)
3420 http fetch GET 200 https://registry.npmjs.org/babel-plugin-istanbul/-/babel-plugin-istanbul-6.1.1.tgz 737ms (cache miss)
3421 http fetch GET 200 https://registry.npmjs.org/babel-preset-jest/-/babel-preset-jest-29.6.3.tgz 768ms (cache miss)
3422 http fetch GET 200 https://registry.npmjs.org/react-native-is-edge-to-edge/-/react-native-is-edge-to-edge-1.3.1.tgz 770ms (cache miss)
3423 http fetch GET 200 https://registry.npmjs.org/@types/babel__generator/-/babel__generator-7.27.0.tgz 772ms (cache miss)
3424 http fetch GET 200 https://registry.npmjs.org/@types/babel__core/-/babel__core-7.20.5.tgz 771ms (cache miss)
3425 http fetch GET 200 https://registry.npmjs.org/@jest/transform/-/transform-29.7.0.tgz 771ms (cache miss)
3426 http fetch GET 200 https://registry.npmjs.org/chromium-edge-launcher/-/chromium-edge-launcher-0.2.0.tgz 773ms (cache miss)
3427 http fetch GET 200 https://registry.npmjs.org/jest-haste-map/-/jest-haste-map-29.7.0.tgz 775ms (cache miss)
3428 http fetch GET 200 https://registry.npmjs.org/@expo/cli/-/cli-54.0.26.tgz 784ms (cache miss)
3429 http fetch GET 200 https://registry.npmjs.org/react-native-edge-to-edge/-/react-native-edge-to-edge-1.6.0.tgz 782ms (cache miss)
3430 http fetch GET 200 https://registry.npmjs.org/babel-plugin-syntax-hermes-parser/-/babel-plugin-syntax-hermes-parser-0.29.1.tgz 864ms (cache miss)
3431 http fetch GET 200 https://registry.npmjs.org/lan-network/-/lan-network-0.2.1.tgz 1027ms (cache miss)
3432 http fetch GET 200 https://registry.npmjs.org/babel-jest/-/babel-jest-29.7.0.tgz 1027ms (cache miss)
3433 http fetch GET 200 https://registry.npmjs.org/undici/-/undici-6.28.0.tgz 1053ms (cache miss)
3434 http fetch GET 200 https://registry.npmjs.org/expo-server/-/expo-server-1.0.7.tgz 1064ms (cache miss)
3435 http fetch GET 200 https://registry.npmjs.org/write-file-atomic/-/write-file-atomic-4.0.2.tgz 1069ms (cache miss)
3436 http fetch GET 200 https://registry.npmjs.org/@expo/require-utils/-/require-utils-55.0.6.tgz 1075ms (cache miss)
3437 http fetch GET 200 https://registry.npmjs.org/wonka/-/wonka-6.3.6.tgz 1076ms (cache miss)
3438 http fetch GET 200 https://registry.npmjs.org/@0no-co/graphql.web/-/graphql.web-1.3.3.tgz 1079ms (cache miss)
3439 http fetch GET 200 https://registry.npmjs.org/@ungap/structured-clone/-/structured-clone-1.3.3.tgz 1086ms (cache miss)
3440 http fetch GET 200 https://registry.npmjs.org/@expo/schema-utils/-/schema-utils-0.1.9.tgz 1091ms (cache miss)
3441 http fetch GET 200 https://registry.npmjs.org/@react-native/virtualized-lists/-/virtualized-lists-0.79.2.tgz 1094ms (cache miss)
3442 http fetch GET 200 https://registry.npmjs.org/@expo/devtools/-/devtools-0.1.8.tgz 1101ms (cache miss)
3443 http fetch GET 200 https://registry.npmjs.org/@expo/fingerprint/-/fingerprint-0.15.5.tgz 1111ms (cache miss)
3444 http fetch GET 200 https://registry.npmjs.org/@expo/ws-tunnel/-/ws-tunnel-1.0.6.tgz 1126ms (cache miss)
3445 http fetch GET 200 https://registry.npmjs.org/scheduler/-/scheduler-0.25.0.tgz 1127ms (cache miss)
3446 http fetch GET 200 https://registry.npmjs.org/react-native-safe-area-context/-/react-native-safe-area-context-5.2.0.tgz 1204ms (cache miss)
3447 http fetch GET 200 https://registry.npmjs.org/picomatch/-/picomatch-4.0.5.tgz 1496ms (cache miss)
3448 http fetch GET 200 https://registry.npmjs.org/ob1/-/ob1-0.83.3.tgz 1498ms (cache miss)
3449 http fetch GET 200 https://registry.npmjs.org/react/-/react-18.3.1.tgz 1500ms (cache miss)
3450 http fetch GET 200 https://registry.npmjs.org/path-scurry/-/path-scurry-2.0.2.tgz 1504ms (cache miss)
3451 http fetch GET 200 https://registry.npmjs.org/metro-transform-worker/-/metro-transform-worker-0.83.3.tgz 1509ms (cache miss)
3452 http fetch GET 200 https://registry.npmjs.org/metro-transform-plugins/-/metro-transform-plugins-0.83.3.tgz 1511ms (cache miss)
3453 http fetch GET 200 https://registry.npmjs.org/tar/-/tar-7.5.22.tgz 1551ms (cache miss)
3454 http fetch GET 200 https://registry.npmjs.org/@expo/metro/-/metro-54.2.0.tgz 1613ms (cache miss)
3455 http fetch GET 200 https://registry.npmjs.org/metro-runtime/-/metro-runtime-0.83.3.tgz 1741ms (cache miss)
3456 http fetch GET 200 https://registry.npmjs.org/metro-resolver/-/metro-resolver-0.83.3.tgz 1753ms (cache miss)
3457 http fetch GET 200 https://registry.npmjs.org/metro-core/-/metro-core-0.83.3.tgz 1765ms (cache miss)
3458 http fetch GET 200 https://registry.npmjs.org/react-native-screens/-/react-native-screens-4.4.0.tgz 1773ms (cache miss)
3459 http fetch GET 200 https://registry.npmjs.org/react-native-svg/-/react-native-svg-15.11.2.tgz 1802ms (cache miss)
3460 http fetch GET 200 https://registry.npmjs.org/metro-minify-terser/-/metro-minify-terser-0.83.3.tgz 1939ms (cache miss)
3461 http fetch GET 200 https://registry.npmjs.org/metro-cache-key/-/metro-cache-key-0.83.3.tgz 1939ms (cache miss)
3462 http fetch GET 200 https://registry.npmjs.org/metro-cache/-/metro-cache-0.83.3.tgz 1938ms (cache miss)
3463 http fetch GET 200 https://registry.npmjs.org/metro-config/-/metro-config-0.83.3.tgz 1946ms (cache miss)
3464 http fetch GET 200 https://registry.npmjs.org/metro-babel-transformer/-/metro-babel-transformer-0.83.3.tgz 1957ms (cache miss)
3465 http fetch GET 200 https://registry.npmjs.org/lightningcss/-/lightningcss-1.33.0.tgz 2092ms (cache miss)
3466 http fetch GET 200 https://registry.npmjs.org/expo-status-bar/-/expo-status-bar-2.2.3.tgz 2113ms (cache miss)
3467 http fetch GET 200 https://registry.npmjs.org/getenv/-/getenv-2.0.0.tgz 2114ms (cache miss)
3468 http fetch GET 200 https://registry.npmjs.org/hermes-estree/-/hermes-estree-0.29.1.tgz 2123ms (cache miss)
3469 http fetch GET 200 https://registry.npmjs.org/metro/-/metro-0.83.3.tgz 2126ms (cache miss)
3470 http fetch GET 200 https://registry.npmjs.org/glob/-/glob-13.0.6.tgz 2189ms (cache miss)
3471 http fetch GET 200 https://registry.npmjs.org/expo-linking/-/expo-linking-7.0.5.tgz 2189ms (cache miss)
3472 http fetch GET 200 https://registry.npmjs.org/expo-keep-awake/-/expo-keep-awake-15.0.8.tgz 2192ms (cache miss)
3473 http fetch GET 200 https://registry.npmjs.org/expo-font/-/expo-font-14.0.12.tgz 2199ms (cache miss)
3474 http fetch GET 200 https://registry.npmjs.org/hermes-parser/-/hermes-parser-0.29.1.tgz 2228ms (cache miss)
3475 http fetch GET 200 https://registry.npmjs.org/expo-location/-/expo-location-18.0.10.tgz 2236ms (cache miss)
3476 http fetch GET 200 https://registry.npmjs.org/detect-libc/-/detect-libc-2.1.2.tgz 2431ms (cache miss)
3477 http fetch GET 200 https://registry.npmjs.org/expo-constants/-/expo-constants-18.0.13.tgz 2441ms (cache miss)
3478 http fetch GET 200 https://registry.npmjs.org/expo-asset/-/expo-asset-12.0.13.tgz 2447ms (cache miss)
3479 http fetch GET 200 https://registry.npmjs.org/expo-file-system/-/expo-file-system-19.0.23.tgz 2513ms (cache miss)
3480 http fetch GET 200 https://registry.npmjs.org/babel-plugin-react-native-web/-/babel-plugin-react-native-web-0.21.2.tgz 2664ms (cache miss)
3481 http fetch GET 200 https://registry.npmjs.org/chownr/-/chownr-3.0.0.tgz 2667ms (cache miss)
3482 http fetch GET 200 https://registry.npmjs.org/@xmldom/xmldom/-/xmldom-0.8.14.tgz 2669ms (cache miss)
3483 http fetch GET 200 https://registry.npmjs.org/babel-preset-expo/-/babel-preset-expo-54.0.12.tgz 2669ms (cache miss)
3484 http fetch GET 200 https://registry.npmjs.org/@urql/exchange-retry/-/exchange-retry-1.3.2.tgz 2689ms (cache miss)
3485 http fetch GET 200 https://registry.npmjs.org/@urql/core/-/core-5.2.0.tgz 2694ms (cache miss)
3486 http fetch GET 200 https://registry.npmjs.org/@react-native/normalize-colors/-/normalize-colors-0.81.5.tgz 2742ms (cache miss)
3487 http fetch GET 200 https://registry.npmjs.org/@types/react/-/react-18.3.31.tgz 2745ms (cache miss)
3488 http fetch GET 200 https://registry.npmjs.org/expo/-/expo-54.0.36.tgz 2751ms (cache miss)
3489 http fetch GET 200 https://registry.npmjs.org/expo-modules-core/-/expo-modules-core-3.0.30.tgz 2769ms (cache miss)
3490 http fetch GET 200 https://registry.npmjs.org/@react-native/gradle-plugin/-/gradle-plugin-0.79.2.tgz 3011ms (cache miss)
3491 http fetch GET 200 https://registry.npmjs.org/@react-native/babel-preset/-/babel-preset-0.81.5.tgz 3369ms (cache miss)
3492 http fetch GET 200 https://registry.npmjs.org/@react-native/babel-plugin-codegen/-/babel-plugin-codegen-0.81.5.tgz 3479ms (cache miss)
3493 http fetch GET 200 https://registry.npmjs.org/@expo/plist/-/plist-0.4.9.tgz 3489ms (cache miss)
3494 http fetch GET 200 https://registry.npmjs.org/@expo/env/-/env-2.0.12.tgz 3741ms (cache miss)
3495 http fetch GET 200 https://registry.npmjs.org/@react-native/js-polyfills/-/js-polyfills-0.79.2.tgz 3742ms (cache miss)
3496 http fetch GET 200 https://registry.npmjs.org/@react-native/community-cli-plugin/-/community-cli-plugin-0.79.2.tgz 3760ms (cache miss)
3497 http fetch GET 200 https://registry.npmjs.org/@expo/metro-config/-/metro-config-54.0.17.tgz 3760ms (cache miss)
3498 http fetch GET 200 https://registry.npmjs.org/@react-native/codegen/-/codegen-0.81.5.tgz 3767ms (cache miss)
3499 http fetch GET 200 https://registry.npmjs.org/@react-native/assets-registry/-/assets-registry-0.79.2.tgz 3783ms (cache miss)
3500 http fetch GET 200 https://registry.npmjs.org/@expo/config-types/-/config-types-54.0.10.tgz 3782ms (cache miss)
3501 http fetch GET 200 https://registry.npmjs.org/react-devtools-core/-/react-devtools-core-6.1.5.tgz 3844ms (cache miss)
3502 http fetch GET 200 https://registry.npmjs.org/minimatch/-/minimatch-10.2.6.tgz 4035ms (cache miss)
3503 http fetch GET 200 https://registry.npmjs.org/ob1/-/ob1-0.82.5.tgz 4041ms (cache miss)
3504 http fetch GET 200 https://registry.npmjs.org/yallist/-/yallist-5.0.0.tgz 4041ms (cache miss)
3505 http fetch GET 200 https://registry.npmjs.org/balanced-match/-/balanced-match-4.0.4.tgz 4052ms (cache miss)
3506 http fetch GET 200 https://registry.npmjs.org/hermes-estree/-/hermes-estree-0.25.1.tgz 4055ms (cache miss)
3507 http fetch GET 200 https://registry.npmjs.org/brace-expansion/-/brace-expansion-5.0.9.tgz 4056ms (cache miss)
3508 http fetch GET 200 https://registry.npmjs.org/lightningcss-darwin-arm64/-/lightningcss-darwin-arm64-1.33.0.tgz 4289ms (cache miss)
3509 http fetch GET 200 https://registry.npmjs.org/@expo/code-signing-certificates/-/code-signing-certificates-0.0.6.tgz 4307ms (cache miss)
3510 http fetch GET 200 https://registry.npmjs.org/metro-symbolicate/-/metro-symbolicate-0.82.5.tgz 4312ms (cache miss)
3511 http fetch GET 200 https://registry.npmjs.org/hermes-parser/-/hermes-parser-0.25.1.tgz 4323ms (cache miss)
3512 http fetch GET 200 https://registry.npmjs.org/metro-source-map/-/metro-source-map-0.82.5.tgz 4323ms (cache miss)
3513 http fetch GET 200 https://registry.npmjs.org/@expo/config-plugins/-/config-plugins-54.0.5.tgz 4338ms (cache miss)
3514 http fetch GET 200 https://registry.npmjs.org/metro-runtime/-/metro-runtime-0.82.5.tgz 4364ms (cache miss)
3515 http fetch GET 200 https://registry.npmjs.org/babel-plugin-syntax-hermes-parser/-/babel-plugin-syntax-hermes-parser-0.25.1.tgz 4599ms (cache miss)
3516 http fetch GET 200 https://registry.npmjs.org/commander/-/commander-12.1.0.tgz 4600ms (cache miss)
3517 http fetch GET 200 https://registry.npmjs.org/agent-base/-/agent-base-7.1.4.tgz 4907ms (cache miss)
3518 http fetch GET 200 https://registry.npmjs.org/hermes-estree/-/hermes-estree-0.32.0.tgz 4916ms (cache miss)
3519 http fetch GET 200 https://registry.npmjs.org/hermes-estree/-/hermes-estree-0.32.0.tgz 4917ms (cache miss)
3520 http fetch GET 200 https://registry.npmjs.org/https-proxy-agent/-/https-proxy-agent-7.0.6.tgz 4919ms (cache miss)
3521 http fetch GET 200 https://registry.npmjs.org/balanced-match/-/balanced-match-4.0.4.tgz 4955ms (cache miss)
3522 http fetch GET 200 https://registry.npmjs.org/@react-native/normalize-colors/-/normalize-colors-0.79.2.tgz 4956ms (cache miss)
3523 http fetch GET 200 https://registry.npmjs.org/@expo/vector-icons/-/vector-icons-15.1.1.tgz 4968ms (cache miss)
3524 http fetch GET 200 https://registry.npmjs.org/@react-native/codegen/-/codegen-0.79.2.tgz 5011ms (cache miss)
3525 http fetch GET 200 https://registry.npmjs.org/hermes-parser/-/hermes-parser-0.32.0.tgz 5060ms (cache miss)
3526 http fetch GET 200 https://registry.npmjs.org/minimatch/-/minimatch-10.2.6.tgz 5071ms (cache miss)
3527 http fetch GET 200 https://registry.npmjs.org/brace-expansion/-/brace-expansion-5.0.9.tgz 5073ms (cache miss)
3528 http fetch GET 200 https://registry.npmjs.org/hermes-parser/-/hermes-parser-0.32.0.tgz 5075ms (cache miss)
3529 http fetch GET 200 https://registry.npmjs.org/lru-cache/-/lru-cache-11.5.2.tgz 5080ms (cache miss)
3530 http fetch GET 200 https://registry.npmjs.org/sucrase/-/sucrase-3.35.0.tgz 5318ms (cache miss)
3531 http fetch GET 200 https://registry.npmjs.org/agent-base/-/agent-base-7.1.4.tgz 5347ms (cache miss)
3532 http fetch GET 200 https://registry.npmjs.org/metro-minify-terser/-/metro-minify-terser-0.82.5.tgz 5347ms (cache miss)
3533 http fetch GET 200 https://registry.npmjs.org/ob1/-/ob1-0.82.5.tgz 5353ms (cache miss)
3534 http fetch GET 200 https://registry.npmjs.org/metro-transform-worker/-/metro-transform-worker-0.82.5.tgz 5353ms (cache miss)
3535 http fetch GET 200 https://registry.npmjs.org/@expo/config-types/-/config-types-52.0.5.tgz 5387ms (cache miss)
3536 http fetch GET 200 https://registry.npmjs.org/expo-constants/-/expo-constants-17.0.8.tgz 5387ms (cache miss)
3537 http fetch GET 200 https://registry.npmjs.org/@expo/json-file/-/json-file-9.1.5.tgz 5418ms (cache miss)
3538 http fetch GET 200 https://registry.npmjs.org/@expo/env/-/env-0.4.2.tgz 5418ms (cache miss)
3539 http fetch GET 200 https://registry.npmjs.org/@expo/plist/-/plist-0.2.2.tgz 5444ms (cache miss)
3540 http fetch GET 200 https://registry.npmjs.org/@react-native/debugger-frontend/-/debugger-frontend-0.81.5.tgz 5468ms (cache miss)
3541 http fetch GET 200 https://registry.npmjs.org/@expo/json-file/-/json-file-9.0.2.tgz 5471ms (cache miss)
3542 http fetch GET 200 https://registry.npmjs.org/@expo/config-plugins/-/config-plugins-9.0.17.tgz 5637ms (cache miss)
3543 http fetch GET 200 https://registry.npmjs.org/metro-transform-plugins/-/metro-transform-plugins-0.82.5.tgz 5649ms (cache miss)
3544 http fetch GET 200 https://registry.npmjs.org/@expo/config/-/config-10.0.11.tgz 5651ms (cache miss)
3545 http fetch GET 200 https://registry.npmjs.org/https-proxy-agent/-/https-proxy-agent-7.0.6.tgz 5694ms (cache miss)
3546 http fetch GET 200 https://registry.npmjs.org/metro-symbolicate/-/metro-symbolicate-0.82.5.tgz 5698ms (cache miss)
3547 http fetch GET 200 https://registry.npmjs.org/metro-runtime/-/metro-runtime-0.82.5.tgz 5702ms (cache miss)
3548 http fetch GET 200 https://registry.npmjs.org/metro-source-map/-/metro-source-map-0.82.5.tgz 5703ms (cache miss)
3549 http fetch GET 200 https://registry.npmjs.org/metro-resolver/-/metro-resolver-0.82.5.tgz 5704ms (cache miss)
3550 http fetch GET 200 https://registry.npmjs.org/metro-cache-key/-/metro-cache-key-0.82.5.tgz 5848ms (cache miss)
3551 http fetch GET 200 https://registry.npmjs.org/metro-cache/-/metro-cache-0.82.5.tgz 5855ms (cache miss)
3552 http fetch GET 200 https://registry.npmjs.org/metro-babel-transformer/-/metro-babel-transformer-0.82.5.tgz 5865ms (cache miss)
3553 http fetch GET 200 https://registry.npmjs.org/metro-core/-/metro-core-0.82.5.tgz 5874ms (cache miss)
3554 http fetch GET 200 https://registry.npmjs.org/metro-config/-/metro-config-0.82.5.tgz 5874ms (cache miss)
3555 http fetch GET 200 https://registry.npmjs.org/metro-file-map/-/metro-file-map-0.82.5.tgz 5888ms (cache miss)
3556 http fetch GET 200 https://registry.npmjs.org/metro/-/metro-0.82.5.tgz 5931ms (cache miss)
3557 http fetch GET 200 https://registry.npmjs.org/postcss 5567ms (cache revalidated)
3558 silly packumentCache corgi:https://registry.npmjs.org/postcss set size:355680 disposed:false
3559 http fetch GET 200 https://registry.npmjs.org/@expo/json-file/-/json-file-10.0.16.tgz 5964ms (cache miss)
3560 http fetch GET 200 https://registry.npmjs.org/uuid 5571ms (cache revalidated)
3561 silly packumentCache corgi:https://registry.npmjs.org/uuid set size:82973 disposed:false
3562 http fetch GET 200 https://registry.npmjs.org/@xmldom%2fxmldom 5571ms (cache revalidated)
3563 silly packumentCache corgi:https://registry.npmjs.org/@xmldom%2fxmldom set size:75282 disposed:false
3564 http fetch GET 200 https://registry.npmjs.org/@expo/json-file/-/json-file-10.0.16.tgz 5975ms (cache miss)
3565 http fetch GET 200 https://registry.npmjs.org/@react-native/dev-middleware/-/dev-middleware-0.79.2.tgz 5981ms (cache miss)
3566 http fetch GET 200 https://registry.npmjs.org/image-size 5694ms (cache revalidated)
3567 silly packumentCache corgi:https://registry.npmjs.org/image-size set size:76086 disposed:false
3568 silly packumentCache corgi:https://registry.npmjs.org/xcode cache-miss
3569 http fetch GET 200 https://registry.npmjs.org/xcode 544ms (cache revalidated)
3570 silly packumentCache corgi:https://registry.npmjs.org/xcode set size:1850340 disposed:false
3571 silly packumentCache corgi:https://registry.npmjs.org/@expo%2fmetro-config cache-miss
3572 http fetch GET 200 https://registry.npmjs.org/@expo%2fmetro-config 200ms (cache revalidated)
3573 silly packumentCache corgi:https://registry.npmjs.org/@expo%2fmetro-config set size:623452 disposed:false
3574 silly packumentCache corgi:https://registry.npmjs.org/@expo%2fplist cache-miss
3575 http fetch GET 200 https://registry.npmjs.org/@react-native/debugger-frontend/-/debugger-frontend-0.79.2.tgz 7296ms (cache miss)
3576 http fetch GET 200 https://registry.npmjs.org/@expo%2fplist 462ms (cache revalidated)
3577 silly packumentCache corgi:https://registry.npmjs.org/@expo%2fplist set size:157173 disposed:false
3578 silly packumentCache corgi:https://registry.npmjs.org/metro cache-miss
3579 http fetch GET 200 https://registry.npmjs.org/metro 72ms (cache revalidated)
3580 silly packumentCache corgi:https://registry.npmjs.org/metro set size:542209 disposed:false
3581 silly packumentCache corgi:https://registry.npmjs.org/@expo%2fconfig-plugins cache-miss
3582 http fetch GET 200 https://registry.npmjs.org/@expo%2fconfig-plugins 87ms (cache revalidated)
3583 silly packumentCache corgi:https://registry.npmjs.org/@expo%2fconfig-plugins set size:442066 disposed:false
3584 silly packumentCache corgi:https://registry.npmjs.org/expo cache-miss
3585 silly packumentCache corgi:https://registry.npmjs.org/@expo%2fcli cache-miss
3586 http fetch GET 200 https://registry.npmjs.org/expo 333ms (cache revalidated)
3587 silly packumentCache corgi:https://registry.npmjs.org/expo set size:1846342 disposed:false
3588 http fetch GET 200 https://registry.npmjs.org/@expo%2fcli 347ms (cache revalidated)
3589 silly packumentCache corgi:https://registry.npmjs.org/@expo%2fcli set size:1769083 disposed:false
3590 silly packumentCache corgi:https://registry.npmjs.org/@expo%2fmetro cache-miss
3591 silly packumentCache corgi:https://registry.npmjs.org/metro-config cache-miss
3592 silly packumentCache corgi:https://registry.npmjs.org/metro-transform-worker cache-miss
3593 silly packumentCache corgi:https://registry.npmjs.org/@react-native%2fcommunity-cli-plugin cache-miss
3594 http fetch GET 200 https://registry.npmjs.org/metro-config 83ms (cache revalidated)
3595 silly packumentCache corgi:https://registry.npmjs.org/metro-config set size:194430 disposed:false
3596 http fetch GET 200 https://registry.npmjs.org/metro-transform-worker 84ms (cache revalidated)
3597 silly packumentCache corgi:https://registry.npmjs.org/metro-transform-worker set size:154090 disposed:false
3598 http fetch GET 200 https://registry.npmjs.org/@react-native%2fcommunity-cli-plugin 97ms (cache revalidated)
3599 silly packumentCache corgi:https://registry.npmjs.org/@react-native%2fcommunity-cli-plugin set size:1311715 disposed:false
3600 http fetch GET 200 https://registry.npmjs.org/@expo%2fmetro 109ms (cache miss)
3601 silly packumentCache corgi:https://registry.npmjs.org/@expo%2fmetro set size:undefined disposed:false
3602 silly packumentCache corgi:https://registry.npmjs.org/@expo%2fconfig cache-miss
3603 silly packumentCache corgi:https://registry.npmjs.org/@expo%2fprebuild-config cache-miss
3604 http fetch GET 200 https://registry.npmjs.org/@expo%2fprebuild-config 123ms (cache revalidated)
3605 silly packumentCache corgi:https://registry.npmjs.org/@expo%2fprebuild-config set size:417110 disposed:false
3606 http fetch GET 200 https://registry.npmjs.org/@expo%2fconfig 256ms (cache revalidated)
3607 silly packumentCache corgi:https://registry.npmjs.org/@expo%2fconfig set size:567491 disposed:false
3608 silly packumentCache corgi:https://registry.npmjs.org/react-native cache-miss
3609 http fetch GET 200 https://registry.npmjs.org/react-native 65ms (cache revalidated)
3610 silly packumentCache corgi:https://registry.npmjs.org/react-native set size:7170017 disposed:false
3611 silly packumentCache corgi:https://registry.npmjs.org/expo-constants cache-miss
3612 http fetch GET 200 https://registry.npmjs.org/expo-constants 133ms (cache revalidated)
3613 silly packumentCache corgi:https://registry.npmjs.org/expo-constants set size:314777 disposed:false
3614 silly packumentCache corgi:https://registry.npmjs.org/expo-asset cache-miss
3615 silly packumentCache corgi:https://registry.npmjs.org/expo-linking cache-miss
3616 http fetch GET 200 https://registry.npmjs.org/expo-asset 107ms (cache revalidated)
3617 silly packumentCache corgi:https://registry.npmjs.org/expo-asset set size:331896 disposed:false
3618 http fetch GET 200 https://registry.npmjs.org/expo-linking 128ms (cache revalidated)
3619 silly packumentCache corgi:https://registry.npmjs.org/expo-linking set size:232058 disposed:false
3620 http fetch GET 200 https://registry.npmjs.org/react-native/-/react-native-0.79.2.tgz 8849ms (cache miss)
3621 silly ADD node_modules/fdir
3622 silly ADD node_modules/@isaacs/fs-minipass
3623 silly ADD node_modules/tinyglobby
3624 silly ADD node_modules/@types/graceful-fs
3625 silly ADD node_modules/istanbul-lib-coverage
3626 silly ADD node_modules/@babel/plugin-syntax-top-level-await
3627 silly ADD node_modules/@babel/plugin-syntax-private-property-in-object
3628 silly ADD node_modules/@babel/plugin-syntax-json-strings
3629 silly ADD node_modules/@babel/plugin-syntax-import-meta
3630 silly ADD node_modules/@babel/plugin-syntax-class-static-block
3631 silly ADD node_modules/@babel/plugin-syntax-class-properties
3632 silly ADD node_modules/@babel/plugin-syntax-bigint
3633 silly ADD node_modules/babel-preset-current-node-syntax
3634 silly ADD node_modules/babel-plugin-jest-hoist
3635 silly ADD node_modules/get-package-type
3636 silly ADD node_modules/test-exclude
3637 silly ADD node_modules/test-exclude/node_modules/brace-expansion
3638 silly ADD node_modules/test-exclude/node_modules/minimatch
3639 silly ADD node_modules/test-exclude/node_modules/glob
3640 silly ADD node_modules/istanbul-lib-instrument
3641 silly ADD node_modules/@istanbuljs/schema
3642 silly ADD node_modules/@istanbuljs/load-nyc-config
3643 silly ADD node_modules/@istanbuljs/load-nyc-config/node_modules/argparse
3644 silly ADD node_modules/@istanbuljs/load-nyc-config/node_modules/js-yaml
3645 silly ADD node_modules/@istanbuljs/load-nyc-config/node_modules/camelcase
3646 silly ADD node_modules/@types/babel__traverse
3647 silly ADD node_modules/@types/babel__template
3648 silly ADD node_modules/@types/babel__generator
3649 silly ADD node_modules/jest-regex-util
3650 silly ADD node_modules/jest-haste-map
3651 silly ADD node_modules/fast-json-stable-stringify
3652 silly ADD node_modules/babel-preset-jest
3653 silly ADD node_modules/babel-plugin-istanbul
3654 silly ADD node_modules/@types/babel__core
3655 silly ADD node_modules/@jest/transform
3656 silly ADD node_modules/babel-jest
3657 silly ADD node_modules/@react-native/virtualized-lists
3658 silly ADD node_modules/@babel/traverse--for-generate-function-map
3659 silly ADD node_modules/react-native-is-edge-to-edge
3660 silly ADD node_modules/react-native-edge-to-edge
3661 silly ADD node_modules/babel-plugin-syntax-hermes-parser
3662 silly ADD node_modules/chromium-edge-launcher
3663 silly ADD node_modules/@expo/require-utils
3664 silly ADD node_modules/undici
3665 silly ADD node_modules/lan-network
3666 silly ADD node_modules/expo-server
3667 silly ADD node_modules/@expo/ws-tunnel
3668 silly ADD node_modules/@expo/schema-utils
3669 silly ADD node_modules/@0no-co/graphql.web
3670 silly ADD node_modules/@ungap/structured-clone
3671 silly ADD node_modules/@expo/metro
3672 silly ADD node_modules/@expo/fingerprint
3673 silly ADD node_modules/@expo/fingerprint/node_modules/balanced-match
3674 silly ADD node_modules/@expo/fingerprint/node_modules/brace-expansion
3675 silly ADD node_modules/@expo/fingerprint/node_modules/semver
3676 silly ADD node_modules/@expo/fingerprint/node_modules/minimatch
3677 silly ADD node_modules/@expo/devtools
3678 silly REMOVE node_modules/zod-validation-error
3679 silly REMOVE node_modules/zod
3680 silly REMOVE node_modules/xtend
3681 silly CHANGE node_modules/xmlbuilder
3682 silly REMOVE node_modules/xcode/node_modules/uuid
3683 silly CHANGE node_modules/write-file-atomic
3684 silly REMOVE node_modules/wrap-ansi-cjs/node_modules/ansi-regex
3685 silly REMOVE node_modules/wrap-ansi/node_modules/ansi-regex
3686 silly CHANGE node_modules/wonka
3687 silly REMOVE node_modules/which-typed-array
3688 silly REMOVE node_modules/which-module
3689 silly REMOVE node_modules/which-collection
3690 silly REMOVE node_modules/which-builtin-type
3691 silly REMOVE node_modules/which-builtin-type/node_modules/isarray
3692 silly REMOVE node_modules/which-boxed-primitive
3693 silly REMOVE node_modules/whatwg-url
3694 silly REMOVE node_modules/webidl-conversions
3695 silly CHANGE node_modules/validate-npm-package-name
3696 silly REMOVE node_modules/valid-url
3697 silly CHANGE node_modules/uuid
3698 silly REMOVE node_modules/util-deprecate
3699 silly REMOVE node_modules/url-join
3700 silly REMOVE node_modules/universalify
3701 silly REMOVE node_modules/unique-string
3702 silly REMOVE node_modules/unique-slug
3703 silly REMOVE node_modules/unique-filename
3704 silly REMOVE node_modules/unbox-primitive
3705 silly REMOVE node_modules/ua-parser-js
3706 silly REMOVE node_modules/typedarray.prototype.slice
3707 silly REMOVE node_modules/typed-array-length
3708 silly REMOVE node_modules/typed-array-byte-offset
3709 silly REMOVE node_modules/typed-array-byte-length
3710 silly REMOVE node_modules/typed-array-buffer
3711 silly REMOVE node_modules/tslib
3712 silly REMOVE node_modules/trim-right
3713 silly REMOVE node_modules/traverse
3714 silly REMOVE node_modules/tr46
3715 silly REMOVE node_modules/through2
3716 silly REMOVE node_modules/text-table
3717 silly REMOVE node_modules/tempy
3718 silly REMOVE node_modules/tempy/node_modules/type-fest
3719 silly REMOVE node_modules/tempy/node_modules/is-stream
3720 silly REMOVE node_modules/temp-dir
3721 silly REMOVE node_modules/temp
3722 silly REMOVE node_modules/temp/node_modules/rimraf
3723 silly CHANGE node_modules/tar
3724 silly CHANGE node_modules/tar/node_modules/yallist
3725 silly REMOVE node_modules/tar/node_modules/minipass
3726 silly REMOVE node_modules/tar/node_modules/fs-minipass
3727 silly REMOVE node_modules/tar/node_modules/fs-minipass/node_modules/minipass
3728 silly REMOVE node_modules/sudo-prompt
3729 silly CHANGE node_modules/sucrase
3730 silly REMOVE node_modules/sucrase/node_modules/glob
3731 silly REMOVE node_modules/strnum
3732 silly REMOVE node_modules/strip-final-newline
3733 silly REMOVE node_modules/strip-eof
3734 silly REMOVE node_modules/strip-ansi-cjs/node_modules/ansi-regex
3735 silly ADD node_modules/strip-ansi/node_modules/ansi-regex
3736 silly REMOVE node_modules/string.prototype.trimstart
3737 silly REMOVE node_modules/string.prototype.trimend
3738 silly REMOVE node_modules/string.prototype.trim
3739 silly REMOVE node_modules/string-width-cjs/node_modules/is-fullwidth-code-point
3740 silly REMOVE node_modules/string-width-cjs/node_modules/ansi-regex
3741 silly REMOVE node_modules/string-width/node_modules/is-fullwidth-code-point
3742 silly REMOVE node_modules/string-width/node_modules/ansi-regex
3743 silly REMOVE node_modules/string_decoder
3744 silly REMOVE node_modules/string_decoder/node_modules/safe-buffer
3745 silly REMOVE node_modules/stop-iteration-iterator
3746 silly REMOVE node_modules/ssri
3747 silly CHANGE node_modules/source-map
3748 silly REMOVE node_modules/slice-ansi
3749 silly REMOVE node_modules/slice-ansi/node_modules/color-name
3750 silly REMOVE node_modules/slice-ansi/node_modules/color-convert
3751 silly REMOVE node_modules/slice-ansi/node_modules/ansi-styles
3752 silly REMOVE node_modules/simple-plist/node_modules/bplist-creator
3753 silly REMOVE node_modules/side-channel-weakmap
3754 silly REMOVE node_modules/side-channel-map
3755 silly REMOVE node_modules/side-channel-list
3756 silly REMOVE node_modules/side-channel
3757 silly REMOVE node_modules/shallow-clone
3758 silly REMOVE node_modules/setimmediate
3759 silly REMOVE node_modules/set-proto
3760 silly REMOVE node_modules/set-function-name
3761 silly REMOVE node_modules/set-function-length
3762 silly REMOVE node_modules/set-blocking
3763 silly REMOVE node_modules/serve-static/node_modules/statuses
3764 silly REMOVE node_modules/serve-static/node_modules/send
3765 silly REMOVE node_modules/serve-static/node_modules/on-finished
3766 silly REMOVE node_modules/serve-static/node_modules/mime
3767 silly REMOVE node_modules/serve-static/node_modules/http-errors
3768 silly REMOVE node_modules/serve-static/node_modules/debug
3769 silly REMOVE node_modules/serve-static/node_modules/debug/node_modules/ms
3770 silly CHANGE node_modules/send
3771 silly ADD node_modules/send/node_modules/encodeurl
3772 silly CHANGE node_modules/send/node_modules/statuses
3773 silly REMOVE node_modules/send/node_modules/mime
3774 silly REMOVE node_modules/selfsigned
3775 silly CHANGE node_modules/scheduler
3776 silly REMOVE node_modules/safe-regex-test
3777 silly REMOVE node_modules/safe-push-apply
3778 silly REMOVE node_modules/safe-push-apply/node_modules/isarray
3779 silly REMOVE node_modules/safe-array-concat
3780 silly REMOVE node_modules/safe-array-concat/node_modules/isarray
3781 silly REMOVE node_modules/run-parallel
3782 silly ADD node_modules/rimraf/node_modules/brace-expansion
3783 silly ADD node_modules/rimraf/node_modules/minimatch
3784 silly ADD node_modules/rimraf/node_modules/glob
3785 silly REMOVE node_modules/reusify
3786 silly REMOVE node_modules/responselike
3787 silly REMOVE node_modules/resolve-alpn
3788 silly REMOVE node_modules/require-main-filename
3789 silly REMOVE node_modules/remove-trailing-slash
3790 silly REMOVE node_modules/regexp.prototype.flags
3791 silly REMOVE node_modules/reflect.getprototypeof
3792 silly REMOVE node_modules/recast
3793 silly REMOVE node_modules/recast/node_modules/source-map
3794 silly REMOVE node_modules/readline
3795 silly REMOVE node_modules/readable-stream
3796 silly REMOVE node_modules/readable-stream/node_modules/safe-buffer
3797 silly REMOVE node_modules/react-shallow-renderer
3798 silly CHANGE node_modules/react-native-svg
3799 silly CHANGE node_modules/react-native-screens
3800 silly CHANGE node_modules/react-native-safe-area-context
3801 silly CHANGE node_modules/react-native
3802 silly ADD node_modules/react-native/node_modules/brace-expansion
3803 silly ADD node_modules/react-native/node_modules/ob1
3804 silly ADD node_modules/react-native/node_modules/metro-symbolicate
3805 silly ADD node_modules/react-native/node_modules/hermes-estree
3806 silly ADD node_modules/react-native/node_modules/minimatch
3807 silly ADD node_modules/react-native/node_modules/hermes-parser
3808 silly ADD node_modules/react-native/node_modules/semver
3809 silly ADD node_modules/react-native/node_modules/metro-source-map
3810 silly ADD node_modules/react-native/node_modules/metro-runtime
3811 silly ADD node_modules/react-native/node_modules/glob
3812 silly ADD node_modules/react-native/node_modules/commander
3813 silly ADD node_modules/react-native/node_modules/babel-plugin-syntax-hermes-parser
3814 silly ADD node_modules/react-native/node_modules/@react-native/codegen
3815 silly REMOVE node_modules/react-native/node_modules/react-is
3816 silly REMOVE node_modules/react-native/node_modules/pretty-format
3817 silly REMOVE node_modules/react-native/node_modules/mkdirp
3818 silly REMOVE node_modules/react-native/node_modules/ansi-regex
3819 silly REMOVE node_modules/react-native/node_modules/@types/yargs
3820 silly REMOVE node_modules/react-native/node_modules/@types/istanbul-reports
3821 silly REMOVE node_modules/react-native/node_modules/@react-native/virtualized-lists
3822 silly CHANGE node_modules/react-native/node_modules/@react-native/normalize-colors
3823 silly REMOVE node_modules/react-native/node_modules/@jest/types
3824 silly CHANGE node_modules/react-devtools-core
3825 silly CHANGE node_modules/react
3826 silly REMOVE node_modules/quick-lru
3827 silly REMOVE node_modules/queue-microtask
3828 silly REMOVE node_modules/querystring
3829 silly REMOVE node_modules/pump
3830 silly REMOVE node_modules/promise
3831 silly REMOVE node_modules/process-nextick-args
3832 silly CHANGE node_modules/pretty-format
3833 silly ADD node_modules/pretty-format/node_modules/react-is
3834 silly REMOVE node_modules/pretty-format/node_modules/color-name
3835 silly REMOVE node_modules/pretty-format/node_modules/color-convert
3836 silly CHANGE node_modules/pretty-format/node_modules/ansi-styles
3837 silly REMOVE node_modules/possible-typed-array-names
3838 silly REMOVE node_modules/plist/node_modules/xmlbuilder
3839 silly REMOVE node_modules/pkg-dir
3840 silly REMOVE node_modules/pkg-dir/node_modules/path-exists
3841 silly REMOVE node_modules/pkg-dir/node_modules/p-locate
3842 silly REMOVE node_modules/pkg-dir/node_modules/p-limit
3843 silly REMOVE node_modules/pkg-dir/node_modules/locate-path
3844 silly REMOVE node_modules/pkg-dir/node_modules/find-up
3845 silly REMOVE node_modules/pify
3846 silly CHANGE node_modules/picomatch
3847 silly REMOVE node_modules/path-type
3848 silly CHANGE node_modules/path-scurry
3849 silly CHANGE node_modules/path-scurry/node_modules/lru-cache
3850 silly REMOVE node_modules/p-map
3851 silly CHANGE node_modules/p-locate
3852 silly ADD node_modules/p-locate/node_modules/p-limit
3853 silly REMOVE node_modules/p-finally
3854 silly REMOVE node_modules/p-cancelable
3855 silly REMOVE node_modules/own-keys
3856 silly REMOVE node_modules/osenv
3857 silly REMOVE node_modules/os-tmpdir
3858 silly REMOVE node_modules/os-homedir
3859 silly CHANGE node_modules/open
3860 silly REMOVE node_modules/object.assign
3861 silly REMOVE node_modules/object-keys
3862 silly REMOVE node_modules/object-inspect
3863 silly CHANGE node_modules/ob1
3864 silly REMOVE node_modules/npm-run-path
3865 silly REMOVE node_modules/npm-run-path/node_modules/path-key
3866 silly CHANGE node_modules/npm-package-arg
3867 silly CHANGE node_modules/npm-package-arg/node_modules/semver
3868 silly REMOVE node_modules/normalize-url
3869 silly REMOVE node_modules/node-stream-zip
3870 silly REMOVE node_modules/node-fetch
3871 silly REMOVE node_modules/node-dir
3872 silly REMOVE node_modules/node-abort-controller
3873 silly REMOVE node_modules/nocache
3874 silly REMOVE node_modules/nice-try
3875 silly REMOVE node_modules/neo-async
3876 silly CHANGE node_modules/minizlib
3877 silly REMOVE node_modules/minizlib/node_modules/yallist
3878 silly REMOVE node_modules/minizlib/node_modules/minipass
3879 silly REMOVE node_modules/minipass-pipeline
3880 silly REMOVE node_modules/minipass-pipeline/node_modules/yallist
3881 silly REMOVE node_modules/minipass-pipeline/node_modules/minipass
3882 silly REMOVE node_modules/minipass-flush
3883 silly REMOVE node_modules/minipass-flush/node_modules/yallist
3884 silly REMOVE node_modules/minipass-flush/node_modules/minipass
3885 silly REMOVE node_modules/minipass-collect
3886 silly CHANGE node_modules/minimatch
3887 silly REMOVE node_modules/mimic-response
3888 silly CHANGE node_modules/mime
3889 silly CHANGE node_modules/metro-transform-worker
3890 silly CHANGE node_modules/metro-transform-plugins
3891 silly CHANGE node_modules/metro-symbolicate
3892 silly REMOVE node_modules/metro-symbolicate/node_modules/source-map
3893 silly CHANGE node_modules/metro-source-map
3894 silly REMOVE node_modules/metro-source-map/node_modules/source-map
3895 silly CHANGE node_modules/metro-runtime
3896 silly CHANGE node_modules/metro-resolver
3897 silly CHANGE node_modules/metro-minify-terser
3898 silly CHANGE node_modules/metro-file-map
3899 silly REMOVE node_modules/metro-file-map/node_modules/ms
3900 silly REMOVE node_modules/metro-file-map/node_modules/debug
3901 silly CHANGE node_modules/metro-core
3902 silly CHANGE node_modules/metro-config
3903 silly CHANGE node_modules/metro-cache-key
3904 silly CHANGE node_modules/metro-cache
3905 silly ADD node_modules/metro-cache/node_modules/agent-base
3906 silly ADD node_modules/metro-cache/node_modules/https-proxy-agent
3907 silly CHANGE node_modules/metro-babel-transformer
3908 silly CHANGE node_modules/metro-babel-transformer/node_modules/hermes-parser
3909 silly CHANGE node_modules/metro-babel-transformer/node_modules/hermes-estree
3910 silly CHANGE node_modules/metro
3911 silly REMOVE node_modules/metro/node_modules/strip-ansi
3912 silly REMOVE node_modules/metro/node_modules/source-map
3913 silly REMOVE node_modules/metro/node_modules/ms
3914 silly CHANGE node_modules/metro/node_modules/hermes-parser
3915 silly CHANGE node_modules/metro/node_modules/hermes-estree
3916 silly REMOVE node_modules/metro/node_modules/debug
3917 silly REMOVE node_modules/metro/node_modules/ansi-regex
3918 silly REMOVE node_modules/merge2
3919 silly REMOVE node_modules/memory-cache
3920 silly REMOVE node_modules/md5hex
3921 silly REMOVE node_modules/md5-file
3922 silly REMOVE node_modules/md5
3923 silly REMOVE node_modules/make-dir
3924 silly REMOVE node_modules/make-dir/node_modules/semver
3925 silly REMOVE node_modules/lowercase-keys
3926 silly REMOVE node_modules/logkitty
3927 silly REMOVE node_modules/logkitty/node_modules/yargs-parser
3928 silly REMOVE node_modules/logkitty/node_modules/yargs
3929 silly REMOVE node_modules/logkitty/node_modules/y18n
3930 silly REMOVE node_modules/logkitty/node_modules/wrap-ansi
3931 silly REMOVE node_modules/logkitty/node_modules/strip-ansi
3932 silly REMOVE node_modules/logkitty/node_modules/p-locate
3933 silly REMOVE node_modules/logkitty/node_modules/p-limit
3934 silly REMOVE node_modules/logkitty/node_modules/locate-path
3935 silly REMOVE node_modules/logkitty/node_modules/find-up
3936 silly REMOVE node_modules/logkitty/node_modules/cliui
3937 silly REMOVE node_modules/logkitty/node_modules/camelcase
3938 silly REMOVE node_modules/logkitty/node_modules/ansi-regex
3939 silly REMOVE node_modules/lodash
3940 silly CHANGE node_modules/locate-path
3941 silly CHANGE node_modules/lightningcss-darwin-arm64
3942 silly CHANGE node_modules/lightningcss
3943 silly REMOVE node_modules/kind-of
3944 silly REMOVE node_modules/keyv
3945 silly REMOVE node_modules/jsonfile
3946 silly REMOVE node_modules/json-schema-deref-sync
3947 silly REMOVE node_modules/json-schema-deref-sync/node_modules/md5
3948 silly REMOVE node_modules/json-buffer
3949 silly REMOVE node_modules/jscodeshift
3950 silly REMOVE node_modules/jsc-android
3951 silly CHANGE node_modules/js-yaml
3952 silly REMOVE node_modules/join-component
3953 silly REMOVE node_modules/joi
3954 silly REMOVE node_modules/jest-validate/node_modules/react-is
3955 silly REMOVE node_modules/jest-validate/node_modules/pretty-format
3956 silly REMOVE node_modules/jest-validate/node_modules/ansi-styles
3957 silly REMOVE node_modules/jest-validate/node_modules/@types/yargs
3958 silly REMOVE node_modules/jest-validate/node_modules/@types/istanbul-reports
3959 silly REMOVE node_modules/jest-validate/node_modules/@jest/types
3960 silly REMOVE node_modules/jest-util/node_modules/@types/yargs
3961 silly REMOVE node_modules/jest-util/node_modules/@types/istanbul-reports
3962 silly REMOVE node_modules/jest-util/node_modules/@jest/types
3963 silly REMOVE node_modules/jest-mock/node_modules/@types/yargs
3964 silly REMOVE node_modules/jest-mock/node_modules/@types/istanbul-reports
3965 silly REMOVE node_modules/jest-mock/node_modules/@jest/types
3966 silly REMOVE node_modules/jest-message-util/node_modules/react-is
3967 silly REMOVE node_modules/jest-message-util/node_modules/pretty-format
3968 silly REMOVE node_modules/jest-message-util/node_modules/ansi-styles
3969 silly REMOVE node_modules/jest-message-util/node_modules/@types/yargs
3970 silly REMOVE node_modules/jest-message-util/node_modules/@types/istanbul-reports
3971 silly REMOVE node_modules/jest-message-util/node_modules/@jest/types
3972 silly REMOVE node_modules/jest-environment-node/node_modules/@types/yargs
3973 silly REMOVE node_modules/jest-environment-node/node_modules/@types/istanbul-reports
3974 silly REMOVE node_modules/jest-environment-node/node_modules/@jest/types
3975 silly REMOVE node_modules/isobject
3976 silly REMOVE node_modules/isarray
3977 silly REMOVE node_modules/is-weakset
3978 silly REMOVE node_modules/is-weakref
3979 silly REMOVE node_modules/is-weakmap
3980 silly REMOVE node_modules/is-valid-path
3981 silly REMOVE node_modules/is-unicode-supported
3982 silly REMOVE node_modules/is-typed-array
3983 silly REMOVE node_modules/is-symbol
3984 silly REMOVE node_modules/is-string
3985 silly REMOVE node_modules/is-stream
3986 silly REMOVE node_modules/is-shared-array-buffer
3987 silly REMOVE node_modules/is-set
3988 silly REMOVE node_modules/is-regex
3989 silly REMOVE node_modules/is-plain-object
3990 silly REMOVE node_modules/is-path-inside
3991 silly REMOVE node_modules/is-path-cwd
3992 silly REMOVE node_modules/is-number-object
3993 silly REMOVE node_modules/is-negative-zero
3994 silly REMOVE node_modules/is-map
3995 silly REMOVE node_modules/is-invalid-path
3996 silly REMOVE node_modules/is-invalid-path/node_modules/is-glob
3997 silly REMOVE node_modules/is-invalid-path/node_modules/is-extglob
3998 silly REMOVE node_modules/is-interactive
3999 silly REMOVE node_modules/is-glob
4000 silly REMOVE node_modules/is-generator-function
4001 silly CHANGE node_modules/is-fullwidth-code-point
4002 silly REMOVE node_modules/is-finalizationregistry
4003 silly REMOVE node_modules/is-extglob
4004 silly REMOVE node_modules/is-document.all
4005 silly REMOVE node_modules/is-date-object
4006 silly REMOVE node_modules/is-data-view
4007 silly REMOVE node_modules/is-callable
4008 silly REMOVE node_modules/is-buffer
4009 silly REMOVE node_modules/is-boolean-object
4010 silly REMOVE node_modules/is-bigint
4011 silly REMOVE node_modules/is-async-function
4012 silly REMOVE node_modules/is-array-buffer
4013 silly REMOVE node_modules/ipaddr.js
4014 silly REMOVE node_modules/ip-regex
4015 silly REMOVE node_modules/internal-slot
4016 silly REMOVE node_modules/internal-ip
4017 silly REMOVE node_modules/indent-string
4018 silly REMOVE node_modules/human-signals
4019 silly REMOVE node_modules/http2-wrapper
4020 silly CHANGE node_modules/http-errors
4021 silly CHANGE node_modules/http-errors/node_modules/statuses
4022 silly REMOVE node_modules/http-cache-semantics
4023 silly CHANGE node_modules/hosted-git-info
4024 silly REMOVE node_modules/hosted-git-info/node_modules/yallist
4025 silly CHANGE node_modules/hosted-git-info/node_modules/lru-cache
4026 silly REMOVE node_modules/hermes-profile-transformer
4027 silly CHANGE node_modules/hermes-parser
4028 silly CHANGE node_modules/hermes-estree
4029 silly REMOVE node_modules/has-proto
4030 silly REMOVE node_modules/has-property-descriptors
4031 silly REMOVE node_modules/has-bigints
4032 silly REMOVE node_modules/graphql-tag
4033 silly REMOVE node_modules/graphql
4034 silly REMOVE node_modules/got
4035 silly REMOVE node_modules/globby
4036 silly REMOVE node_modules/globalthis
4037 silly REMOVE node_modules/glob-parent
4038 silly CHANGE node_modules/glob
4039 silly ADD node_modules/glob/node_modules/balanced-match
4040 silly ADD node_modules/glob/node_modules/brace-expansion
4041 silly ADD node_modules/glob/node_modules/minimatch
4042 silly CHANGE node_modules/getenv
4043 silly REMOVE node_modules/get-symbol-description
4044 silly REMOVE node_modules/get-stream
4045 silly REMOVE node_modules/generator-function
4046 silly REMOVE node_modules/functions-have-names
4047 silly REMOVE node_modules/function.prototype.name
4048 silly REMOVE node_modules/fs-minipass
4049 silly REMOVE node_modules/fs-extra
4050 silly REMOVE node_modules/for-each
4051 silly REMOVE node_modules/flow-parser
4052 silly REMOVE node_modules/flow-estree
4053 silly REMOVE node_modules/find-yarn-workspace-root
4054 silly CHANGE node_modules/find-up
4055 silly REMOVE node_modules/find-cache-dir
4056 silly REMOVE node_modules/fetch-retry
4057 silly REMOVE node_modules/fbjs-css-vars
4058 silly REMOVE node_modules/fbjs
4059 silly REMOVE node_modules/fbemitter
4060 silly REMOVE node_modules/fastq
4061 silly REMOVE node_modules/fast-xml-parser
4062 silly REMOVE node_modules/fast-glob
4063 silly CHANGE node_modules/expo-status-bar
4064 silly CHANGE node_modules/expo-modules-core
4065 silly CHANGE node_modules/expo-modules-autolinking
4066 silly REMOVE node_modules/expo-modules-autolinking/node_modules/universalify
4067 silly REMOVE node_modules/expo-modules-autolinking/node_modules/jsonfile
4068 silly REMOVE node_modules/expo-modules-autolinking/node_modules/fs-extra
4069 silly CHANGE node_modules/expo-location
4070 silly CHANGE node_modules/expo-linking
4071 silly ADD node_modules/expo-linking/node_modules/write-file-atomic
4072 silly ADD node_modules/expo-linking/node_modules/commander
4073 silly ADD node_modules/expo-linking/node_modules/lru-cache
4074 silly ADD node_modules/expo-linking/node_modules/path-scurry
4075 silly ADD node_modules/expo-linking/node_modules/xmlbuilder
4076 silly ADD node_modules/expo-linking/node_modules/@xmldom/xmldom
4077 silly ADD node_modules/expo-linking/node_modules/@expo/plist
4078 silly ADD node_modules/expo-linking/node_modules/sucrase
4079 silly ADD node_modules/expo-linking/node_modules/semver
4080 silly ADD node_modules/expo-linking/node_modules/glob
4081 silly ADD node_modules/expo-linking/node_modules/getenv
4082 silly ADD node_modules/expo-linking/node_modules/@expo/json-file
4083 silly ADD node_modules/expo-linking/node_modules/@expo/config-types
4084 silly ADD node_modules/expo-linking/node_modules/@expo/config-plugins
4085 silly ADD node_modules/expo-linking/node_modules/@expo/config-plugins/node_modules/@expo/json-file
4086 silly ADD node_modules/expo-linking/node_modules/@babel/code-frame
4087 silly ADD node_modules/expo-linking/node_modules/@expo/env
4088 silly ADD node_modules/expo-linking/node_modules/@expo/config
4089 silly ADD node_modules/expo-linking/node_modules/expo-constants
4090 silly CHANGE node_modules/expo-keep-awake
4091 silly CHANGE node_modules/expo-font
4092 silly CHANGE node_modules/expo-file-system
4093 silly CHANGE node_modules/expo-constants
4094 silly CHANGE node_modules/expo-asset
4095 silly CHANGE node_modules/expo
4096 silly REMOVE node_modules/execa
4097 silly REMOVE node_modules/execa/node_modules/which
4098 silly REMOVE node_modules/execa/node_modules/shebang-regex
4099 silly REMOVE node_modules/execa/node_modules/shebang-command
4100 silly REMOVE node_modules/execa/node_modules/semver
4101 silly REMOVE node_modules/execa/node_modules/path-key
4102 silly REMOVE node_modules/execa/node_modules/cross-spawn
4103 silly REMOVE node_modules/esutils
4104 silly REMOVE node_modules/es-to-primitive
4105 silly REMOVE node_modules/es-abstract-get
4106 silly REMOVE node_modules/es-abstract
4107 silly REMOVE node_modules/errorhandler
4108 silly REMOVE node_modules/envinfo
4109 silly REMOVE node_modules/end-of-stream
4110 silly REMOVE node_modules/dir-glob
4111 silly CHANGE node_modules/detect-libc
4112 silly REMOVE node_modules/denodeify
4113 silly REMOVE node_modules/del
4114 silly REMOVE node_modules/define-properties
4115 silly REMOVE node_modules/define-data-property
4116 silly REMOVE node_modules/defer-to-connect
4117 silly REMOVE node_modules/defaults/node_modules/clone
4118 silly REMOVE node_modules/default-gateway
4119 silly REMOVE node_modules/decompress-response
4120 silly REMOVE node_modules/decompress-response/node_modules/mimic-response
4121 silly REMOVE node_modules/decamelize
4122 silly REMOVE node_modules/dayjs
4123 silly REMOVE node_modules/data-view-byte-offset
4124 silly REMOVE node_modules/data-view-byte-length
4125 silly REMOVE node_modules/data-view-buffer
4126 silly REMOVE node_modules/dag-map
4127 silly REMOVE node_modules/crypto-random-string
4128 silly REMOVE node_modules/crypt
4129 silly REMOVE node_modules/cross-fetch
4130 silly ADD node_modules/cosmiconfig/node_modules/argparse
4131 silly ADD node_modules/cosmiconfig/node_modules/js-yaml
4132 silly REMOVE node_modules/core-util-is
4133 silly REMOVE node_modules/component-type
4134 silly REMOVE node_modules/commondir
4135 silly REMOVE node_modules/command-exists
4136 silly REMOVE node_modules/colorette
4137 silly REMOVE node_modules/clone-response
4138 silly REMOVE node_modules/clone-deep
4139 silly CHANGE node_modules/clone
4140 silly REMOVE node_modules/cliui/node_modules/ansi-regex
4141 silly REMOVE node_modules/clean-stack
4142 silly CHANGE node_modules/chownr
4143 silly REMOVE node_modules/charenc
4144 silly REMOVE node_modules/call-bound
4145 silly REMOVE node_modules/call-bind
4146 silly REMOVE node_modules/cacheable-request
4147 silly REMOVE node_modules/cacheable-request/node_modules/get-stream
4148 silly REMOVE node_modules/cacheable-lookup
4149 silly REMOVE node_modules/cacache
4150 silly REMOVE node_modules/cacache/node_modules/minimatch
4151 silly REMOVE node_modules/cacache/node_modules/lru-cache
4152 silly REMOVE node_modules/cacache/node_modules/glob
4153 silly REMOVE node_modules/cacache/node_modules/brace-expansion
4154 silly REMOVE node_modules/builtins
4155 silly REMOVE node_modules/buffer-fill
4156 silly REMOVE node_modules/buffer-alloc-unsafe
4157 silly REMOVE node_modules/buffer-alloc
4158 silly CHANGE node_modules/brace-expansion
4159 silly CHANGE node_modules/bplist-creator
4160 silly REMOVE node_modules/bl
4161 silly REMOVE node_modules/bl/node_modules/readable-stream
4162 silly ADD node_modules/better-opn/node_modules/open
4163 silly CHANGE node_modules/babel-preset-expo
4164 silly CHANGE node_modules/babel-plugin-react-native-web
4165 silly CHANGE node_modules/babel-plugin-react-compiler
4166 silly REMOVE node_modules/babel-plugin-react-compiler/node_modules/source-map
4167 silly REMOVE node_modules/babel-plugin-react-compiler/node_modules/jsesc
4168 silly REMOVE node_modules/babel-plugin-react-compiler/node_modules/@babel/generator
4169 silly REMOVE node_modules/babel-core
4170 silly REMOVE node_modules/available-typed-arrays
4171 silly REMOVE node_modules/at-least-node
4172 silly REMOVE node_modules/async-function
4173 silly REMOVE node_modules/astral-regex
4174 silly REMOVE node_modules/ast-types
4175 silly REMOVE node_modules/arraybuffer.prototype.slice
4176 silly REMOVE node_modules/array-union
4177 silly REMOVE node_modules/array-buffer-byte-length
4178 silly CHANGE node_modules/argparse
4179 silly REMOVE node_modules/appdirsjs
4180 silly CHANGE node_modules/ansi-regex
4181 silly REMOVE node_modules/ansi-fragments
4182 silly REMOVE node_modules/aggregate-error
4183 silly CHANGE node_modules/@xmldom/xmldom
4184 silly CHANGE node_modules/@urql/exchange-retry
4185 silly CHANGE node_modules/@urql/core
4186 silly CHANGE node_modules/@types/yargs
4187 silly REMOVE node_modules/@types/responselike
4188 silly CHANGE node_modules/@types/react
4189 silly REMOVE node_modules/@types/node-forge
4190 silly REMOVE node_modules/@types/keyv
4191 silly CHANGE node_modules/@types/istanbul-reports
4192 silly REMOVE node_modules/@types/http-cache-semantics
4193 silly REMOVE node_modules/@types/cacheable-request
4194 silly REMOVE node_modules/@szmarczak/http-timer
4195 silly REMOVE node_modules/@sindresorhus/is
4196 silly REMOVE node_modules/@sideway/pinpoint
4197 silly REMOVE node_modules/@sideway/formula
4198 silly REMOVE node_modules/@sideway/address
4199 silly REMOVE node_modules/@segment/loosely-validate-event
4200 silly REMOVE node_modules/@rnx-kit/chromium-edge-launcher
4201 silly CHANGE node_modules/@react-native/normalize-colors
4202 silly REMOVE node_modules/@react-native/metro-babel-transformer
4203 silly CHANGE node_modules/@react-native/js-polyfills
4204 silly CHANGE node_modules/@react-native/gradle-plugin
4205 silly CHANGE node_modules/@react-native/dev-middleware
4206 silly REMOVE node_modules/@react-native/dev-middleware/node_modules/open
4207 silly REMOVE node_modules/@react-native/dev-middleware/node_modules/ms
4208 silly REMOVE node_modules/@react-native/dev-middleware/node_modules/debug
4209 silly CHANGE node_modules/@react-native/debugger-frontend
4210 silly CHANGE node_modules/@react-native/community-cli-plugin
4211 silly ADD node_modules/@react-native/community-cli-plugin/node_modules/metro-minify-terser
4212 silly ADD node_modules/@react-native/community-cli-plugin/node_modules/ob1
4213 silly ADD node_modules/@react-native/community-cli-plugin/node_modules/agent-base
4214 silly ADD node_modules/@react-native/community-cli-plugin/node_modules/https-proxy-agent
4215 silly ADD node_modules/@react-native/community-cli-plugin/node_modules/https-proxy-agent/node_modules/ms
4216 silly ADD node_modules/@react-native/community-cli-plugin/node_modules/https-proxy-agent/node_modules/debug
4217 silly ADD node_modules/@react-native/community-cli-plugin/node_modules/metro-transform-worker
4218 silly ADD node_modules/@react-native/community-cli-plugin/node_modules/metro-transform-plugins
4219 silly ADD node_modules/@react-native/community-cli-plugin/node_modules/metro-symbolicate
4220 silly ADD node_modules/@react-native/community-cli-plugin/node_modules/metro-source-map
4221 silly ADD node_modules/@react-native/community-cli-plugin/node_modules/metro-runtime
4222 silly ADD node_modules/@react-native/community-cli-plugin/node_modules/metro-resolver
4223 silly ADD node_modules/@react-native/community-cli-plugin/node_modules/metro-file-map
4224 silly ADD node_modules/@react-native/community-cli-plugin/node_modules/metro-file-map/node_modules/ms
4225 silly ADD node_modules/@react-native/community-cli-plugin/node_modules/metro-file-map/node_modules/debug
4226 silly ADD node_modules/@react-native/community-cli-plugin/node_modules/metro-cache-key
4227 silly ADD node_modules/@react-native/community-cli-plugin/node_modules/metro-cache
4228 silly ADD node_modules/@react-native/community-cli-plugin/node_modules/metro-babel-transformer
4229 silly ADD node_modules/@react-native/community-cli-plugin/node_modules/ci-info
4230 silly ADD node_modules/@react-native/community-cli-plugin/node_modules/semver
4231 silly ADD node_modules/@react-native/community-cli-plugin/node_modules/metro-core
4232 silly ADD node_modules/@react-native/community-cli-plugin/node_modules/metro-config
4233 silly ADD node_modules/@react-native/community-cli-plugin/node_modules/metro
4234 silly ADD node_modules/@react-native/community-cli-plugin/node_modules/metro/node_modules/ms
4235 silly ADD node_modules/@react-native/community-cli-plugin/node_modules/metro/node_modules/ws
4236 silly ADD node_modules/@react-native/community-cli-plugin/node_modules/metro/node_modules/debug
4237 silly REMOVE node_modules/@react-native/community-cli-plugin/node_modules/open
4238 silly REMOVE node_modules/@react-native/community-cli-plugin/node_modules/onetime
4239 silly REMOVE node_modules/@react-native/community-cli-plugin/node_modules/npm-run-path
4240 silly REMOVE node_modules/@react-native/community-cli-plugin/node_modules/mimic-fn
4241 silly REMOVE node_modules/@react-native/community-cli-plugin/node_modules/is-stream
4242 silly REMOVE node_modules/@react-native/community-cli-plugin/node_modules/get-stream
4243 silly REMOVE node_modules/@react-native/community-cli-plugin/node_modules/execa
4244 silly CHANGE node_modules/@react-native/community-cli-plugin/node_modules/@react-native/dev-middleware
4245 silly CHANGE node_modules/@react-native/community-cli-plugin/node_modules/@react-native/debugger-frontend
4246 silly CHANGE node_modules/@react-native/codegen
4247 silly ADD node_modules/@react-native/codegen/node_modules/brace-expansion
4248 silly ADD node_modules/@react-native/codegen/node_modules/minimatch
4249 silly ADD node_modules/@react-native/codegen/node_modules/glob
4250 silly REMOVE node_modules/@react-native/codegen/node_modules/mkdirp
4251 silly CHANGE node_modules/@react-native/babel-preset
4252 silly CHANGE node_modules/@react-native/babel-plugin-codegen
4253 silly CHANGE node_modules/@react-native/assets-registry
4254 silly REMOVE node_modules/@react-native-community/cli-types
4255 silly REMOVE node_modules/@react-native-community/cli-tools
4256 silly REMOVE node_modules/@react-native-community/cli-tools/node_modules/strip-ansi
4257 silly REMOVE node_modules/@react-native-community/cli-tools/node_modules/semver
4258 silly REMOVE node_modules/@react-native-community/cli-tools/node_modules/restore-cursor
4259 silly REMOVE node_modules/@react-native-community/cli-tools/node_modules/ora
4260 silly REMOVE node_modules/@react-native-community/cli-tools/node_modules/open
4261 silly REMOVE node_modules/@react-native-community/cli-tools/node_modules/onetime
4262 silly REMOVE node_modules/@react-native-community/cli-tools/node_modules/npm-run-path
4263 silly REMOVE node_modules/@react-native-community/cli-tools/node_modules/mimic-fn
4264 silly REMOVE node_modules/@react-native-community/cli-tools/node_modules/log-symbols
4265 silly REMOVE node_modules/@react-native-community/cli-tools/node_modules/is-wsl
4266 silly REMOVE node_modules/@react-native-community/cli-tools/node_modules/is-stream
4267 silly REMOVE node_modules/@react-native-community/cli-tools/node_modules/get-stream
4268 silly REMOVE node_modules/@react-native-community/cli-tools/node_modules/execa
4269 silly REMOVE node_modules/@react-native-community/cli-tools/node_modules/cli-cursor
4270 silly REMOVE node_modules/@react-native-community/cli-tools/node_modules/ansi-regex
4271 silly REMOVE node_modules/@react-native-community/cli-server-api
4272 silly REMOVE node_modules/@react-native-community/cli-server-api/node_modules/ws
4273 silly REMOVE node_modules/@react-native-community/cli-server-api/node_modules/react-is
4274 silly REMOVE node_modules/@react-native-community/cli-server-api/node_modules/pretty-format
4275 silly REMOVE node_modules/@react-native-community/cli-server-api/node_modules/ansi-regex
4276 silly REMOVE node_modules/@react-native-community/cli-server-api/node_modules/@types/yargs
4277 silly REMOVE node_modules/@react-native-community/cli-server-api/node_modules/@types/istanbul-reports
4278 silly REMOVE node_modules/@react-native-community/cli-server-api/node_modules/@jest/types
4279 silly REMOVE node_modules/@react-native-community/cli-platform-ios
4280 silly REMOVE node_modules/@react-native-community/cli-platform-apple
4281 silly REMOVE node_modules/@react-native-community/cli-platform-apple/node_modules/strip-ansi
4282 silly REMOVE node_modules/@react-native-community/cli-platform-apple/node_modules/restore-cursor
4283 silly REMOVE node_modules/@react-native-community/cli-platform-apple/node_modules/ora
4284 silly REMOVE node_modules/@react-native-community/cli-platform-apple/node_modules/onetime
4285 silly REMOVE node_modules/@react-native-community/cli-platform-apple/node_modules/npm-run-path
4286 silly REMOVE node_modules/@react-native-community/cli-platform-apple/node_modules/mimic-fn
4287 silly REMOVE node_modules/@react-native-community/cli-platform-apple/node_modules/log-symbols
4288 silly REMOVE node_modules/@react-native-community/cli-platform-apple/node_modules/is-stream
4289 silly REMOVE node_modules/@react-native-community/cli-platform-apple/node_modules/get-stream
4290 silly REMOVE node_modules/@react-native-community/cli-platform-apple/node_modules/execa
4291 silly REMOVE node_modules/@react-native-community/cli-platform-apple/node_modules/cli-cursor
4292 silly REMOVE node_modules/@react-native-community/cli-platform-apple/node_modules/ansi-regex
4293 silly REMOVE node_modules/@react-native-community/cli-platform-android
4294 silly REMOVE node_modules/@react-native-community/cli-platform-android/node_modules/onetime
4295 silly REMOVE node_modules/@react-native-community/cli-platform-android/node_modules/npm-run-path
4296 silly REMOVE node_modules/@react-native-community/cli-platform-android/node_modules/mimic-fn
4297 silly REMOVE node_modules/@react-native-community/cli-platform-android/node_modules/is-stream
4298 silly REMOVE node_modules/@react-native-community/cli-platform-android/node_modules/get-stream
4299 silly REMOVE node_modules/@react-native-community/cli-platform-android/node_modules/execa
4300 silly REMOVE node_modules/@react-native-community/cli-hermes
4301 silly REMOVE node_modules/@react-native-community/cli-doctor
4302 silly REMOVE node_modules/@react-native-community/cli-doctor/node_modules/semver
4303 silly REMOVE node_modules/@react-native-community/cli-doctor/node_modules/restore-cursor
4304 silly REMOVE node_modules/@react-native-community/cli-doctor/node_modules/ora
4305 silly REMOVE node_modules/@react-native-community/cli-doctor/node_modules/ora/node_modules/strip-ansi
4306 silly REMOVE node_modules/@react-native-community/cli-doctor/node_modules/onetime
4307 silly REMOVE node_modules/@react-native-community/cli-doctor/node_modules/npm-run-path
4308 silly REMOVE node_modules/@react-native-community/cli-doctor/node_modules/mimic-fn
4309 silly REMOVE node_modules/@react-native-community/cli-doctor/node_modules/log-symbols
4310 silly REMOVE node_modules/@react-native-community/cli-doctor/node_modules/is-stream
4311 silly REMOVE node_modules/@react-native-community/cli-doctor/node_modules/get-stream
4312 silly REMOVE node_modules/@react-native-community/cli-doctor/node_modules/execa
4313 silly REMOVE node_modules/@react-native-community/cli-doctor/node_modules/cli-cursor
4314 silly REMOVE node_modules/@react-native-community/cli-doctor/node_modules/ansi-regex
4315 silly REMOVE node_modules/@react-native-community/cli-debugger-ui
4316 silly REMOVE node_modules/@react-native-community/cli-config
4317 silly REMOVE node_modules/@react-native-community/cli-clean
4318 silly REMOVE node_modules/@react-native-community/cli-clean/node_modules/onetime
4319 silly REMOVE node_modules/@react-native-community/cli-clean/node_modules/npm-run-path
4320 silly REMOVE node_modules/@react-native-community/cli-clean/node_modules/mimic-fn
4321 silly REMOVE node_modules/@react-native-community/cli-clean/node_modules/is-stream
4322 silly REMOVE node_modules/@react-native-community/cli-clean/node_modules/get-stream
4323 silly REMOVE node_modules/@react-native-community/cli-clean/node_modules/execa
4324 silly REMOVE node_modules/@react-native-community/cli
4325 silly REMOVE node_modules/@react-native-community/cli/node_modules/semver
4326 silly REMOVE node_modules/@react-native-community/cli/node_modules/p-locate
4327 silly REMOVE node_modules/@react-native-community/cli/node_modules/p-limit
4328 silly REMOVE node_modules/@react-native-community/cli/node_modules/onetime
4329 silly REMOVE node_modules/@react-native-community/cli/node_modules/npm-run-path
4330 silly REMOVE node_modules/@react-native-community/cli/node_modules/mimic-fn
4331 silly REMOVE node_modules/@react-native-community/cli/node_modules/locate-path
4332 silly REMOVE node_modules/@react-native-community/cli/node_modules/is-stream
4333 silly REMOVE node_modules/@react-native-community/cli/node_modules/get-stream
4334 silly REMOVE node_modules/@react-native-community/cli/node_modules/find-up
4335 silly REMOVE node_modules/@react-native-community/cli/node_modules/execa
4336 silly REMOVE node_modules/@react-native-community/cli/node_modules/commander
4337 silly REMOVE node_modules/@npmcli/fs
4338 silly REMOVE node_modules/@npmcli/fs/node_modules/semver
4339 silly REMOVE node_modules/@nodelib/fs.walk
4340 silly REMOVE node_modules/@nodelib/fs.stat
4341 silly REMOVE node_modules/@nodelib/fs.scandir
4342 silly CHANGE node_modules/@jest/types
4343 silly REMOVE node_modules/@jest/fake-timers/node_modules/@types/yargs
4344 silly REMOVE node_modules/@jest/fake-timers/node_modules/@types/istanbul-reports
4345 silly REMOVE node_modules/@jest/fake-timers/node_modules/@jest/types
4346 silly REMOVE node_modules/@jest/environment/node_modules/@types/yargs
4347 silly REMOVE node_modules/@jest/environment/node_modules/@types/istanbul-reports
4348 silly REMOVE node_modules/@jest/environment/node_modules/@jest/types
4349 silly REMOVE node_modules/@jest/create-cache-key-function/node_modules/@types/yargs
4350 silly REMOVE node_modules/@jest/create-cache-key-function/node_modules/@types/istanbul-reports
4351 silly REMOVE node_modules/@jest/create-cache-key-function/node_modules/@jest/types
4352 silly REMOVE node_modules/@hapi/topo
4353 silly REMOVE node_modules/@hapi/hoek
4354 silly REMOVE node_modules/@graphql-typed-document-node/core
4355 silly REMOVE node_modules/@expo/xcpretty/node_modules/js-yaml
4356 silly REMOVE node_modules/@expo/xcpretty/node_modules/argparse
4357 silly CHANGE node_modules/@expo/vector-icons
4358 silly REMOVE node_modules/@expo/rudder-sdk-node
4359 silly CHANGE node_modules/@expo/prebuild-config
4360 silly REMOVE node_modules/@expo/prebuild-config/node_modules/universalify
4361 silly REMOVE node_modules/@expo/prebuild-config/node_modules/jsonfile
4362 silly REMOVE node_modules/@expo/prebuild-config/node_modules/fs-extra
4363 silly CHANGE node_modules/@expo/plist
4364 silly REMOVE node_modules/@expo/package-manager/node_modules/validate-npm-package-name
4365 silly REMOVE node_modules/@expo/package-manager/node_modules/semver
4366 silly REMOVE node_modules/@expo/package-manager/node_modules/npm-package-arg
4367 silly REMOVE node_modules/@expo/package-manager/node_modules/lru-cache
4368 silly REMOVE node_modules/@expo/package-manager/node_modules/hosted-git-info
4369 silly REMOVE node_modules/@expo/ngrok-bin-darwin-arm64
4370 silly REMOVE node_modules/@expo/ngrok-bin
4371 silly REMOVE node_modules/@expo/ngrok
4372 silly REMOVE node_modules/@expo/ngrok/node_modules/yaml
4373 silly REMOVE node_modules/@expo/ngrok/node_modules/uuid
4374 silly CHANGE node_modules/@expo/metro-config
4375 silly ADD node_modules/@expo/metro-config/node_modules/@expo/json-file
4376 silly ADD node_modules/@expo/metro-config/node_modules/@expo/json-file/node_modules/@babel/code-frame
4377 silly REMOVE node_modules/@expo/metro-config/node_modules/universalify
4378 silly REMOVE node_modules/@expo/metro-config/node_modules/jsonfile
4379 silly REMOVE node_modules/@expo/metro-config/node_modules/fs-extra
4380 silly CHANGE node_modules/@expo/json-file
4381 silly REMOVE node_modules/@expo/json-file/node_modules/@babel/code-frame
4382 silly CHANGE node_modules/@expo/image-utils
4383 silly REMOVE node_modules/@expo/image-utils/node_modules/universalify
4384 silly REMOVE node_modules/@expo/image-utils/node_modules/unique-string
4385 silly REMOVE node_modules/@expo/image-utils/node_modules/type-fest
4386 silly REMOVE node_modules/@expo/image-utils/node_modules/tempy
4387 silly REMOVE node_modules/@expo/image-utils/node_modules/temp-dir
4388 silly REMOVE node_modules/@expo/image-utils/node_modules/jsonfile
4389 silly REMOVE node_modules/@expo/image-utils/node_modules/jsonfile/node_modules/universalify
4390 silly REMOVE node_modules/@expo/image-utils/node_modules/fs-extra
4391 silly REMOVE node_modules/@expo/image-utils/node_modules/crypto-random-string
4392 silly CHANGE node_modules/@expo/env
4393 silly CHANGE node_modules/@expo/config-types
4394 silly CHANGE node_modules/@expo/config-plugins
4395 silly ADD node_modules/@expo/config-plugins/node_modules/@babel/code-frame
4396 silly ADD node_modules/@expo/config-plugins/node_modules/@expo/json-file
4397 silly REMOVE node_modules/@expo/config-plugins/node_modules/glob
4398 silly CHANGE node_modules/@expo/config
4399 silly REMOVE node_modules/@expo/config/node_modules/glob
4400 silly CHANGE node_modules/@expo/code-signing-certificates
4401 silly CHANGE node_modules/@expo/cli
4402 silly REMOVE node_modules/@expo/cli/node_modules/form-data
4403 silly REMOVE node_modules/@expo/bunyan
4404 silly REMOVE node_modules/@babel/register
4405 silly REMOVE node_modules/@babel/preset-modules
4406 silly REMOVE node_modules/@babel/preset-flow
4407 silly REMOVE node_modules/@babel/preset-env
4408 silly REMOVE node_modules/@babel/preset-env/node_modules/babel-plugin-polyfill-corejs3
4409 silly REMOVE node_modules/@babel/plugin-transform-unicode-sets-regex
4410 silly REMOVE node_modules/@babel/plugin-transform-unicode-property-regex
4411 silly REMOVE node_modules/@babel/plugin-transform-unicode-escapes
4412 silly REMOVE node_modules/@babel/plugin-transform-typeof-symbol
4413 silly REMOVE node_modules/@babel/plugin-transform-template-literals
4414 silly REMOVE node_modules/@babel/plugin-transform-reserved-words
4415 silly REMOVE node_modules/@babel/plugin-transform-regexp-modifiers
4416 silly REMOVE node_modules/@babel/plugin-transform-property-literals
4417 silly REMOVE node_modules/@babel/plugin-transform-object-super
4418 silly REMOVE node_modules/@babel/plugin-transform-new-target
4419 silly REMOVE node_modules/@babel/plugin-transform-modules-umd
4420 silly REMOVE node_modules/@babel/plugin-transform-modules-systemjs
4421 silly REMOVE node_modules/@babel/plugin-transform-modules-amd
4422 silly REMOVE node_modules/@babel/plugin-transform-member-expression-literals
4423 silly REMOVE node_modules/@babel/plugin-transform-json-strings
4424 silly REMOVE node_modules/@babel/plugin-transform-exponentiation-operator
4425 silly REMOVE node_modules/@babel/plugin-transform-explicit-resource-management
4426 silly REMOVE node_modules/@babel/plugin-transform-dynamic-import
4427 silly REMOVE node_modules/@babel/plugin-transform-duplicate-named-capturing-groups-regex
4428 silly REMOVE node_modules/@babel/plugin-transform-duplicate-keys
4429 silly REMOVE node_modules/@babel/plugin-transform-dotall-regex
4430 silly REMOVE node_modules/@babel/plugin-transform-block-scoped-functions
4431 silly REMOVE node_modules/@babel/plugin-syntax-unicode-sets-regex
4432 silly REMOVE node_modules/@babel/plugin-syntax-import-assertions
4433 silly REMOVE node_modules/@babel/plugin-proposal-private-property-in-object
4434 silly REMOVE node_modules/@babel/plugin-proposal-optional-chaining
4435 silly REMOVE node_modules/@babel/plugin-proposal-optional-catch-binding
4436 silly REMOVE node_modules/@babel/plugin-proposal-object-rest-spread
4437 silly REMOVE node_modules/@babel/plugin-proposal-numeric-separator
4438 silly REMOVE node_modules/@babel/plugin-proposal-nullish-coalescing-operator
4439 silly REMOVE node_modules/@babel/plugin-proposal-logical-assignment-operators
4440 silly REMOVE node_modules/@babel/plugin-proposal-class-properties
4441 silly REMOVE node_modules/@babel/plugin-proposal-async-generator-functions
4442 silly REMOVE node_modules/@babel/plugin-bugfix-v8-static-class-fields-redefine-readonly
4443 silly REMOVE node_modules/@babel/plugin-bugfix-v8-spread-parameters-in-optional-chaining
4444 silly REMOVE node_modules/@babel/plugin-bugfix-safari-rest-destructuring-rhs-array
4445 silly REMOVE node_modules/@babel/plugin-bugfix-safari-id-destructuring-collision-in-function-expression
4446 silly REMOVE node_modules/@babel/plugin-bugfix-safari-class-field-initializer-scope
4447 silly REMOVE node_modules/@babel/plugin-bugfix-firefox-class-in-computed-class-key
4448 silly REMOVE node_modules/@babel/helper-environment-visitor
4449 warn allow-scripts 1 package has install scripts not yet covered by allowScripts:
4449 warn allow-scripts   fsevents@2.3.3 (install: node-gyp rebuild)
4449 warn allow-scripts
4449 warn allow-scripts Run `npm approve-scripts --allow-scripts-pending` to review, or `npm approve-scripts <pkg>` to allow.
4450 verbose cwd /Users/guilhermesilva/.gemini/antigravity/scratch/SgpTecnicoExpoApp
4451 verbose os Darwin 25.2.0
4452 verbose node v26.5.0
4453 verbose npm  v11.17.0
4454 verbose exit 0
4455 info ok
